Event count,Bouns Rate,Users,Engagement sessions per user,Enggaged session,Average Engagment time per session,Engagement  Rate,DateHour,Event per session,channel group,sessions,hours
,2024041623.0,237.0,300.0,144.0,47.526666666666706,0.607594936708861,,0.48,1402,77.04,
,2024041719.0,208.0,267.0,132.0,32.0973782771536,0.634615384615385,,0.49438202247191,1147,63.92,
,2024041723.0,188.0,233.0,115.0,39.9399141630901,0.611702127659574,,0.493562231759657,1069,55.92,
,2024041718.0,187.0,256.0,125.0,32.16015625,0.668449197860963,,0.48828125,1044,29.36,
,2024041720.0,175.0,221.0,112.0,46.9185520361991,0.64,,0.506787330316742,1001,29.36,
,2024041721.0,160.0,206.0,103.0,59.3155339805825,0.64375,,0.5,967,23.49,
,2024050119.0,160.0,219.0,110.0,40.3150684931507,0.6875,,0.502283105022831,1014,71.97,
,2024041622.0,158.0,192.0,94.0,39.02083333333329,0.594936708860759,,0.489583333333333,779,56.07,
,2024041321.0,152.0,178.0,96.0,30.4887640449438,0.631578947368421,,0.539325842696629,900,62.48,
,2024041516.0,151.0,211.0,93.0,64.1658767772512,0.615894039735099,,0.440758293838863,911,21.24,
,2024050322.0,151.0,196.0,125.0,13.6836734693878,0.827814569536424,,0.637755102040816,917,78.19,
,2024050321.0,150.0,188.0,120.0,15.4893617021277,0.8,,0.638297872340426,861,69.95,
,2024042620.0,146.0,184.0,110.0,32.6304347826087,0.753424657534247,,0.597826086956522,898,32.74,
,2024041700.0,140.0,191.0,81.0,20.9109947643979,0.578571428571429,,0.424083769633508,734,30.91,
,2024042621.0,140.0,199.0,82.0,13.7587939698492,0.585714285714286,,0.412060301507538,804,31.0,
,2024041711.0,139.0,150.0,88.0,45.0,0.633093525179856,,0.586666666666667,844,38.25,
,2024041515.0,136.0,198.0,90.0,43.7878787878788,0.661764705882353,,0.454545454545455,959,51.49,
,2024042517.0,135.0,176.0,88.0,38.6875,0.651851851851852,,0.5,737,45.92,
,2024041916.0,134.0,179.0,81.0,33.195530726257,0.604477611940299,,0.452513966480447,733,37.47,
,2024042616.0,132.0,176.0,93.0,30.9034090909091,0.704545454545455,,0.528409090909091,764,56.71,
,2024041722.0,131.0,155.0,81.0,39.8967741935484,0.618320610687023,,0.52258064516129,722,28.37,
,2024041119.0,130.0,150.0,93.0,71.06,0.715384615384615,,0.62,870,37.53,
,2024041322.0,130.0,157.0,69.0,28.515923566879,0.530769230769231,,0.439490445859873,673,41.98,
,2024041513.0,130.0,157.0,86.0,44.8407643312102,0.661538461538462,,0.547770700636943,728,47.36,
,2024043015.0,130.0,171.0,97.0,71.2456140350877,0.746153846153846,,0.567251461988304,953,67.11,
,2024041717.0,129.0,147.0,89.0,70.7755102040816,0.689922480620155,,0.605442176870748,772,31.98,
,2024050222.0,129.0,148.0,86.0,29.9324324324324,0.666666666666667,,0.581081081081081,692,50.85,
,2024042923.0,128.0,152.0,70.0,64.125,0.546875,,0.460526315789474,707,55.54,
,2024042610.0,128.0,178.0,81.0,36.0337078651685,0.6328125,,0.455056179775281,775,22.79,
,2024041000.0,127.0,200.0,60.0,25.07,0.47244094488189,,0.3,735,56.45,
,2024041712.0,127.0,152.0,88.0,59.6644736842105,0.692913385826772,,0.578947368421053,807,30.23,
,2024042309.0,124.0,163.0,77.0,29.478527607362,0.620967741935484,,0.47239263803681,756,23.9,
,2024042518.0,124.0,154.0,72.0,63.5974025974026,0.580645161290323,,0.467532467532468,733,76.93,
,2024042619.0,124.0,157.0,86.0,37.312101910828,0.693548387096774,,0.547770700636943,850,77.94,
,2024040717.0,123.0,159.0,78.0,35.1383647798742,0.634146341463415,,0.490566037735849,706,68.5,
,2024041200.0,122.0,178.0,79.0,26.185393258427,0.647540983606557,,0.443820224719101,745,38.28,
,2024041323.0,122.0,136.0,66.0,41.0220588235294,0.540983606557377,,0.485294117647059,655,25.86,
,2024042622.0,122.0,144.0,79.0,27.3263888888889,0.647540983606557,,0.548611111111111,671,61.05,
,2024041211.0,121.0,150.0,90.0,53.08,0.743801652892562,,0.6,697,46.41,
,2024041517.0,121.0,158.0,73.0,48.4810126582279,0.603305785123967,,0.462025316455696,671,27.32,
,2024041221.0,120.0,159.0,80.0,47.8490566037736,0.666666666666667,,0.50314465408805,739,49.71,
,2024050300.0,120.0,166.0,81.0,39.5903614457831,0.675,,0.487951807228916,774,22.06,
,2024041400.0,119.0,182.0,76.0,28.0054945054945,0.638655462184874,,0.417582417582418,732,74.56,
,2024042617.0,119.0,140.0,81.0,47.4214285714286,0.680672268907563,,0.578571428571429,795,35.53,
,2024050120.0,119.0,145.0,88.0,41.9448275862069,0.739495798319328,,0.606896551724138,725,59.75,
,2024042317.0,118.0,145.0,75.0,59.2,0.635593220338983,,0.517241379310345,705,38.7,
,2024050215.0,118.0,155.0,84.0,67.258064516129,0.711864406779661,,0.541935483870968,824,51.2,
,2024040723.0,117.0,139.0,63.0,40.597122302158304,0.538461538461538,,0.453237410071942,655,52.8,
,2024041519.0,117.0,156.0,87.0,72.1538461538462,0.743589743589744,,0.557692307692308,875,31.09,
,2024041714.0,117.0,129.0,80.0,54.3720930232558,0.683760683760684,,0.62015503875969,612,78.18,
,2024042812.0,117.0,141.0,71.0,45.4893617021277,0.606837606837607,,0.50354609929078,684,66.51,
,2024041708.0,116.0,145.0,69.0,25.4758620689655,0.594827586206897,,0.475862068965517,603,76.37,
,2024041715.0,116.0,147.0,91.0,51.5918367346939,0.78448275862069,,0.619047619047619,839,73.69,
,2024042215.0,116.0,152.0,78.0,52.5131578947368,0.672413793103448,,0.513157894736842,777,55.87,
,2024042522.0,116.0,154.0,78.0,42.6103896103896,0.672413793103448,,0.506493506493506,736,75.31,
,2024042318.0,115.0,131.0,81.0,88.1374045801527,0.704347826086957,,0.618320610687023,770,25.31,
,2024042520.0,115.0,144.0,78.0,48.0069444444444,0.678260869565217,,0.541666666666667,679,31.76,
,2024042521.0,115.0,142.0,75.0,45.3098591549296,0.652173913043478,,0.528169014084507,630,22.71,
,2024041716.0,114.0,136.0,86.0,52.2279411764706,0.754385964912281,,0.632352941176471,645,39.52,
,2024042611.0,114.0,141.0,82.0,87.7375886524823,0.719298245614035,,0.581560283687943,852,43.32,
,2024042912.0,113.0,127.0,71.0,63.4173228346457,0.628318584070796,,0.559055118110236,720,36.28,
,2024042914.0,113.0,143.0,84.0,47.2167832167832,0.743362831858407,,0.587412587412587,761,69.72,
,2024041709.0,112.0,134.0,71.0,46.0522388059702,0.633928571428571,,0.529850746268657,642,41.41,
,2024042516.0,112.0,169.0,74.0,29.3905325443787,0.660714285714286,,0.437869822485207,700,36.86,
,2024050122.0,112.0,140.0,74.0,44.4928571428571,0.660714285714286,,0.528571428571429,674,52.56,
,2024042310.0,111.0,135.0,83.0,87.0,0.747747747747748,,0.614814814814815,671,28.46,
,2024042811.0,111.0,172.0,84.0,31.5755813953488,0.756756756756757,,0.488372093023256,693,68.13,
,2024041820.0,110.0,141.0,82.0,54.6950354609929,0.745454545454546,,0.581560283687943,728,24.47,
,2024050121.0,110.0,130.0,79.0,43.2692307692308,0.718181818181818,,0.607692307692308,612,79.21,
,2024050221.0,110.0,126.0,75.0,68.515873015873,0.681818181818182,,0.595238095238095,699,66.33,
,2024050316.0,110.0,134.0,68.0,54.7761194029851,0.618181818181818,,0.507462686567164,671,31.92,
,2024042900.0,109.0,154.0,69.0,29.4545454545455,0.63302752293578,,0.448051948051948,657,20.33,
,2024043019.0,109.0,146.0,72.0,35.2260273972603,0.660550458715596,,0.493150684931507,575,68.93,
,2024050223.0,109.0,138.0,73.0,30.5869565217391,0.669724770642202,,0.528985507246377,579,62.41,
,2024040700.0,108.0,152.0,79.0,17.5855263157895,0.731481481481482,,0.519736842105263,612,63.74,
,2024041514.0,108.0,140.0,68.0,37.5642857142857,0.62962962962963,,0.485714285714286,585,66.28,
,2024042918.0,108.0,121.0,80.0,99.9090909090909,0.740740740740741,,0.661157024793388,704,24.44,
,2024043021.0,108.0,117.0,73.0,47.5299145299145,0.675925925925926,,0.623931623931624,591,41.51,
,2024041518.0,107.0,143.0,71.0,79.4895104895105,0.663551401869159,,0.496503496503497,618,26.95,
,2024041713.0,107.0,125.0,69.0,43.472,0.644859813084112,,0.552,551,71.79,
,2024042316.0,107.0,134.0,81.0,70.910447761194,0.757009345794393,,0.604477611940299,787,57.4,
,2024041210.0,106.0,130.0,78.0,60.8846153846154,0.735849056603774,,0.6,656,39.85,
,2024041500.0,106.0,163.0,56.0,34.7975460122699,0.528301886792453,,0.343558282208589,653,23.81,
,2024042414.0,106.0,121.0,87.0,89.1239669421488,0.820754716981132,,0.71900826446281,712,38.66,
,2024041209.0,105.0,124.0,72.0,29.0,0.685714285714286,,0.580645161290323,558,39.51,
,2024041511.0,105.0,123.0,78.0,52.9349593495935,0.742857142857143,,0.634146341463415,702,63.78,
,2024041818.0,105.0,138.0,77.0,78.0652173913043,0.733333333333333,,0.557971014492754,667,58.25,
,2024042217.0,105.0,134.0,77.0,73.9179104477612,0.733333333333333,,0.574626865671642,756,73.23,
,2024042311.0,105.0,123.0,82.0,65.8211382113821,0.780952380952381,,0.666666666666667,645,48.33,
,2024050320.0,105.0,132.0,73.0,50.5454545454546,0.695238095238095,,0.553030303030303,678,27.18,
,2024043020.0,104.0,132.0,78.0,46.58333333333329,0.75,,0.590909090909091,715,62.79,
,2024050310.0,104.0,116.0,77.0,70.801724137931,0.740384615384615,,0.663793103448276,691,65.65,
,2024050317.0,104.0,126.0,69.0,57.404761904761905,0.663461538461538,,0.547619047619048,537,53.68,
,2024041722.0,103.0,132.0,65.0,34.4621212121212,0.631067961165049,,0.492424242424242,525,66.26,
,2024041900.0,103.0,183.0,62.0,29.8196721311475,0.601941747572816,,0.33879781420765,590,49.63,
,2024041915.0,103.0,116.0,69.0,60.8275862068966,0.669902912621359,,0.594827586206897,558,51.36,
,2024042416.0,103.0,130.0,69.0,60.223076923076896,0.669902912621359,,0.530769230769231,700,45.65,
,2024042800.0,103.0,171.0,53.0,18.5964912280702,0.514563106796117,,0.309941520467836,567,21.53,
,2024040923.0,102.0,118.0,48.0,36.5,0.470588235294118,,0.406779661016949,538,26.47,
,2024042323.0,102.0,129.0,58.0,37.3565891472868,0.568627450980392,,0.449612403100775,526,21.89,
,2024040814.0,102.0,126.0,73.0,99.4761904761905,0.715686274509804,,0.579365079365079,664,58.18,
,2024042500.0,102.0,156.0,54.0,18.8141025641026,0.529411764705882,,0.346153846153846,593,38.86,
,2024043000.0,102.0,166.0,63.0,20.0421686746988,0.617647058823529,,0.379518072289157,645,50.51,
,2024050118.0,102.0,136.0,75.0,39.2352941176471,0.735294117647059,,0.551470588235294,636,74.45,
,2024050311.0,102.0,125.0,74.0,37.6,0.725490196078431,,0.592,576,34.96,
,2024041521.0,101.0,125.0,59.0,68.224,0.584158415841584,,0.472,640,44.62,
,2024042218.0,101.0,117.0,72.0,68.6410256410256,0.712871287128713,,0.615384615384615,611,65.33,
,2024042514.0,101.0,125.0,72.0,38.512,0.712871287128713,,0.576,582,33.73,
,2024042615.0,101.0,128.0,71.0,65.984375,0.702970297029703,,0.5546875,678,24.62,
,2024040815.0,100.0,125.0,70.0,58.944,0.7,,0.56,612,37.39,
,2024041819.0,100.0,124.0,78.0,39.1612903225807,0.78,,0.629032258064516,519,29.67,
,2024042214.0,100.0,122.0,71.0,89.3032786885246,0.71,,0.581967213114754,645,75.78,
,2024042413.0,100.0,124.0,78.0,57.8225806451613,0.78,,0.629032258064516,574,68.49,
,2024042519.0,100.0,135.0,60.0,27.3111111111111,0.6,,0.444444444444444,574,58.0,
,2024042821.0,100.0,118.0,70.0,55.9661016949153,0.7,,0.593220338983051,727,72.29,
,2024043014.0,100.0,113.0,70.0,56.353982300885,0.7,,0.619469026548673,576,68.22,
,2024050214.0,100.0,114.0,76.0,50.780701754386,0.76,,0.666666666666667,549,31.19,
,2024040722.0,99.0,116.0,60.0,28.1293103448276,0.606060606060606,,0.517241379310345,586,73.55,
,2024041212.0,99.0,117.0,67.0,107.42735042735,0.676767676767677,,0.572649572649573,586,52.36,
,2024041710.0,99.0,125.0,69.0,27.4,0.696969696969697,,0.552,531,68.45,
,2024042312.0,99.0,122.0,66.0,69.2704918032787,0.666666666666667,,0.540983606557377,671,73.77,
,2024042314.0,99.0,114.0,73.0,72.9736842105263,0.737373737373737,,0.640350877192982,688,39.08,
,2024050123.0,99.0,127.0,73.0,31.2913385826772,0.737373737373737,,0.574803149606299,676,26.6,
,2024040619.0,98.0,134.0,63.0,77.5746268656717,0.642857142857143,,0.470149253731343,588,33.68,
,2024041320.0,98.0,108.0,69.0,77.4259259259259,0.704081632653061,,0.638888888888889,571,45.63,
,2024041520.0,98.0,125.0,63.0,42.352,0.642857142857143,,0.504,525,69.08,
,2024042612.0,98.0,112.0,74.0,93.0178571428571,0.755102040816327,,0.660714285714286,635,71.64,
,2024042823.0,98.0,121.0,69.0,73.2809917355372,0.704081632653061,,0.570247933884298,809,20.42,
,2024041119.0,97.0,103.0,48.0,28.0194174757282,0.494845360824742,,0.466019417475728,447,50.64,
,2024042123.0,97.0,114.0,52.0,52.7456140350877,0.536082474226804,,0.456140350877193,596,45.04,
,2024041421.0,97.0,106.0,66.0,43.9811320754717,0.680412371134021,,0.622641509433962,542,33.33,
,2024042315.0,97.0,115.0,71.0,70.3652173913043,0.731958762886598,,0.617391304347826,694,27.19,
,2024042415.0,97.0,125.0,70.0,43.168,0.721649484536083,,0.56,536,40.26,
,2024042916.0,97.0,127.0,73.0,67.4488188976378,0.752577319587629,,0.574803149606299,635,76.57,
,2024050315.0,97.0,122.0,71.0,37.29508196721311,0.731958762886598,,0.581967213114754,589,39.39,
,2024041115.0,96.0,132.0,68.0,42.41666666666671,0.708333333333333,,0.515151515151515,599,51.13,
,2024041512.0,96.0,103.0,57.0,41.1067961165049,0.59375,,0.553398058252427,489,62.18,
,2024041620.0,96.0,115.0,67.0,68.304347826087,0.697916666666667,,0.582608695652174,625,41.82,
,2024042319.0,96.0,123.0,62.0,57.422764227642304,0.645833333333333,,0.504065040650407,683,78.31,
,2024042418.0,96.0,125.0,70.0,50.744,0.729166666666667,,0.56,631,77.75,
,2024042822.0,96.0,112.0,66.0,64.7767857142857,0.6875,,0.589285714285714,838,35.11,
,2024043022.0,96.0,115.0,65.0,59.0347826086957,0.677083333333333,,0.565217391304348,636,49.83,
,2024050110.0,96.0,110.0,58.0,60.2818181818182,0.604166666666667,,0.527272727272727,574,38.05,
,2024041120.0,95.0,112.0,62.0,32.0625,0.652631578947369,,0.553571428571429,463,37.09,
,2024041423.0,95.0,113.0,61.0,45.6725663716814,0.642105263157895,,0.539823008849558,601,22.21,
,2024041813.0,95.0,106.0,79.0,63.7358490566038,0.831578947368421,,0.745283018867925,616,56.57,
,2024042216.0,95.0,111.0,61.0,56.045045045045,0.642105263157895,,0.54954954954955,636,50.16,
,2024042219.0,95.0,121.0,69.0,71.1818181818182,0.726315789473684,,0.570247933884298,647,23.09,
,2024042313.0,95.0,114.0,68.0,105.859649122807,0.715789473684211,,0.596491228070175,618,36.72,
,2024042911.0,95.0,116.0,66.0,46.6034482758621,0.694736842105263,,0.568965517241379,510,74.5,
,2024050100.0,95.0,151.0,51.0,41.7417218543046,0.536842105263158,,0.337748344370861,659,34.37,
,2024050220.0,95.0,111.0,75.0,50.954954954955,0.789473684210526,,0.675675675675676,572,28.69,
,2024050312.0,95.0,123.0,67.0,55.203252032520304,0.705263157894737,,0.544715447154472,608,49.37,
,2024040819.0,94.0,114.0,64.0,51.2105263157895,0.680851063829787,,0.56140350877193,487,79.14,
,2024041016.0,94.0,126.0,58.0,44.6428571428571,0.617021276595745,,0.46031746031746,490,34.52,
,2024041419.0,94.0,105.0,74.0,66.2952380952381,0.787234042553192,,0.704761904761905,665,60.33,
,2024042915.0,94.0,120.0,70.0,57.2,0.74468085106383,,0.583333333333333,618,65.7,
,2024041223.0,93.0,117.0,46.0,47.1538461538462,0.494623655913979,,0.393162393162393,532,34.26,
,2024041816.0,93.0,127.0,73.0,64.1811023622047,0.78494623655914,,0.574803149606299,758,63.69,
,2024041917.0,93.0,128.0,52.0,30.3203125,0.559139784946237,,0.40625,498,42.07,
,2024042419.0,93.0,113.0,70.0,82.4955752212389,0.752688172043011,,0.619469026548673,561,57.94,
,2024042614.0,93.0,115.0,74.0,93.0347826086957,0.795698924731183,,0.643478260869565,682,58.01,
,2024042717.0,93.0,117.0,58.0,43.2307692307692,0.623655913978495,,0.495726495726496,488,52.15,
,2024042917.0,93.0,114.0,68.0,201.587719298246,0.731182795698925,,0.596491228070175,534,25.42,
,2024050319.0,93.0,117.0,61.0,48.8205128205128,0.655913978494624,,0.521367521367521,543,70.12,
,2024042212.0,92.0,102.0,65.0,60.2941176470588,0.706521739130435,,0.637254901960784,460,39.25,
,2024041015.0,92.0,120.0,68.0,52.9083333333333,0.739130434782609,,0.566666666666667,628,31.19,
,2024041116.0,92.0,129.0,64.0,42.751937984496095,0.695652173913044,,0.496124031007752,658,22.45,
,2024041418.0,92.0,108.0,64.0,41.7777777777778,0.695652173913044,,0.592592592592593,524,55.45,
,2024041817.0,92.0,127.0,67.0,92.755905511811,0.728260869565217,,0.52755905511811,768,60.65,
,2024041821.0,92.0,115.0,57.0,42.504347826087,0.619565217391304,,0.495652173913044,512,21.0,
,2024041920.0,92.0,122.0,64.0,58.29508196721311,0.695652173913044,,0.524590163934426,531,50.73,
,2024042019.0,92.0,104.0,61.0,64.125,0.66304347826087,,0.586538461538462,594,33.59,
,2024042515.0,92.0,112.0,67.0,52.1071428571429,0.728260869565217,,0.598214285714286,559,58.71,
,2024042618.0,92.0,114.0,60.0,100.342105263158,0.652173913043478,,0.526315789473684,479,30.46,
,2024041123.0,91.0,106.0,55.0,39.094339622641506,0.604395604395604,,0.518867924528302,447,61.46,
,2024041720.0,91.0,113.0,53.0,53.5840707964602,0.582417582417583,,0.469026548672566,505,43.2,
,2024040818.0,91.0,115.0,58.0,51.4173913043478,0.637362637362637,,0.504347826086957,583,76.2,
,2024041600.0,91.0,148.0,53.0,21.9594594594595,0.582417582417583,,0.358108108108108,604,28.25,
,2024042913.0,91.0,108.0,64.0,58.351851851851904,0.703296703296703,,0.592592592592593,525,40.46,
,2024043017.0,91.0,109.0,57.0,64.0366972477064,0.626373626373626,,0.522935779816514,508,26.81,
,2024050111.0,91.0,106.0,62.0,51.405660377358494,0.681318681318681,,0.584905660377359,574,75.48,
,2024040820.0,90.0,116.0,56.0,46.8706896551724,0.622222222222222,,0.482758620689655,548,72.64,
,2024040915.0,90.0,126.0,57.0,49.984126984127,0.633333333333333,,0.452380952380952,597,35.48,
,2024041100.0,90.0,145.0,53.0,35.4620689655172,0.588888888888889,,0.36551724137931,585,59.6,
,2024041815.0,90.0,102.0,65.0,81.078431372549,0.722222222222222,,0.637254901960784,661,69.03,
,2024042321.0,90.0,107.0,66.0,41.5420560747664,0.733333333333333,,0.616822429906542,533,53.31,
,2024042613.0,90.0,102.0,61.0,68.8627450980392,0.677777777777778,,0.598039215686275,474,51.78,
,2024043023.0,90.0,114.0,54.0,63.8070175438597,0.6,,0.473684210526316,627,34.51,
,2024040719.0,89.0,116.0,68.0,41.6206896551724,0.764044943820225,,0.586206896551724,586,25.59,
,2024040720.0,89.0,115.0,65.0,69.1913043478261,0.730337078651685,,0.565217391304348,604,73.83,
,2024041214.0,89.0,106.0,68.0,61.188679245283,0.764044943820225,,0.641509433962264,495,74.03,
,2024041317.0,89.0,116.0,56.0,51.448275862069,0.629213483146067,,0.482758620689655,515,57.99,
,2024041611.0,89.0,106.0,67.0,51.4811320754717,0.752808988764045,,0.632075471698113,583,40.34,
,2024041811.0,89.0,104.0,62.0,71.1730769230769,0.696629213483146,,0.596153846153846,568,40.95,
,2024043011.0,89.0,108.0,67.0,51.851851851851904,0.752808988764045,,0.62037037037037,565,63.56,
,2024041918.0,88.0,114.0,50.0,55.0964912280702,0.568181818181818,,0.43859649122807,514,73.83,
,2024042417.0,88.0,116.0,62.0,49.6896551724138,0.704545454545455,,0.53448275862069,555,73.23,
,2024042523.0,88.0,112.0,64.0,61.2053571428571,0.727272727272727,,0.571428571428571,527,66.79,
,2024042623.0,88.0,118.0,58.0,51.1186440677966,0.659090909090909,,0.491525423728814,529,58.52,
,2024043010.0,88.0,100.0,66.0,83.41,0.75,,0.66,632,25.05,
,2024043012.0,88.0,104.0,65.0,57.0,0.738636363636364,,0.625,538,29.7,
,2024050200.0,88.0,129.0,49.0,19.7906976744186,0.556818181818182,,0.37984496124031,564,73.91,
,2024050210.0,88.0,100.0,63.0,78.34,0.715909090909091,,0.63,571,56.39,
,2024041819.0,87.0,99.0,59.0,35.2626262626263,0.67816091954023,,0.595959595959596,360,20.55,
,2024041821.0,87.0,107.0,53.0,43.6355140186916,0.609195402298851,,0.495327102803738,368,26.09,
,2024040718.0,87.0,110.0,50.0,22.9090909090909,0.574712643678161,,0.454545454545455,449,59.81,
,2024040811.0,87.0,104.0,69.0,89.2788461538462,0.793103448275862,,0.663461538461538,561,20.3,
,2024042210.0,87.0,105.0,68.0,74.2952380952381,0.781609195402299,,0.647619047619048,527,29.65,
,2024042421.0,87.0,101.0,54.0,50.5544554455446,0.620689655172414,,0.534653465346535,500,52.92,
,2024042820.0,87.0,107.0,57.0,43.9719626168224,0.655172413793103,,0.532710280373832,562,61.51,
,2024050115.0,87.0,110.0,59.0,48.6909090909091,0.67816091954023,,0.536363636363636,471,59.12,
,2024050309.0,87.0,104.0,65.0,64.3653846153846,0.747126436781609,,0.625,599,33.46,
,2024041716.0,86.0,95.0,49.0,49.5578947368421,0.569767441860465,,0.515789473684211,413,62.73,
,2024041821.0,86.0,95.0,55.0,42.4842105263158,0.63953488372093,,0.578947368421053,439,34.23,
,2024042518.0,86.0,102.0,56.0,40.8137254901961,0.651162790697675,,0.549019607843137,462,39.52,
,2024040721.0,86.0,95.0,58.0,53.9684210526316,0.674418604651163,,0.610526315789474,436,64.79,
,2024041523.0,86.0,110.0,62.0,40.3181818181818,0.72093023255814,,0.563636363636364,431,58.98,
,2024041616.0,86.0,112.0,61.0,50.3571428571429,0.709302325581395,,0.544642857142857,548,70.95,
,2024041923.0,86.0,101.0,52.0,59.4752475247525,0.604651162790698,,0.514851485148515,574,59.46,
,2024042513.0,86.0,105.0,62.0,41.2666666666667,0.72093023255814,,0.590476190476191,517,54.1,
,2024040810.0,85.0,104.0,66.0,100.298076923077,0.776470588235294,,0.634615384615385,571,25.62,
,2024040813.0,85.0,116.0,64.0,57.4310344827586,0.752941176470588,,0.551724137931035,567,42.06,
,2024041117.0,85.0,103.0,60.0,35.1456310679612,0.705882352941177,,0.58252427184466,469,35.91,
,2024041522.0,85.0,103.0,59.0,49.640776699029104,0.694117647058824,,0.572815533980583,517,34.64,
,2024041618.0,85.0,102.0,58.0,60.7941176470588,0.682352941176471,,0.568627450980392,584,78.38,
,2024041919.0,85.0,116.0,53.0,38.4224137931034,0.623529411764706,,0.456896551724138,482,43.59,
,2024042212.0,85.0,95.0,65.0,69.5894736842105,0.764705882352941,,0.68421052631579,486,73.52,
,2024042412.0,85.0,102.0,65.0,80.1764705882353,0.764705882352941,,0.637254901960784,505,57.87,
,2024042921.0,85.0,102.0,70.0,101.607843137255,0.823529411764706,,0.686274509803922,724,67.69,
,2024050113.0,85.0,106.0,55.0,55.32075471698111,0.647058823529412,,0.518867924528302,466,50.16,
,2024050301.0,85.0,108.0,67.0,40.7314814814815,0.788235294117647,,0.62037037037037,583,54.61,
,2024050211.0,85.0,95.0,71.0,207.568421052632,0.835294117647059,,0.747368421052632,687,49.55,
,2024041721.0,84.0,96.0,52.0,44.33333333333329,0.619047619047619,,0.541666666666667,437,31.71,
,2024041818.0,84.0,98.0,44.0,33.6326530612245,0.523809523809524,,0.448979591836735,406,63.35,
,2024041819.0,84.0,90.0,56.0,38.9777777777778,0.666666666666667,,0.622222222222222,554,36.85,
,2024041515.0,84.0,96.0,49.0,47.33333333333329,0.583333333333333,,0.510416666666667,416,21.46,
,2024041722.0,84.0,97.0,56.0,29.2680412371134,0.666666666666667,,0.577319587628866,346,58.73,
,2024040611.0,84.0,111.0,62.0,50.7657657657658,0.738095238095238,,0.558558558558559,528,30.63,
,2024040711.0,84.0,103.0,63.0,49.3300970873786,0.75,,0.611650485436893,588,76.43,
,2024040712.0,84.0,101.0,62.0,46.2871287128713,0.738095238095238,,0.613861386138614,557,77.24,
,2024041011.0,84.0,102.0,59.0,53.0098039215686,0.702380952380952,,0.57843137254902,526,74.89,
,2024041420.0,84.0,94.0,56.0,79.936170212766,0.666666666666667,,0.595744680851064,593,42.21,
,2024041610.0,84.0,104.0,58.0,62.0576923076923,0.690476190476191,,0.557692307692308,519,20.93,
,2024042110.0,84.0,124.0,49.0,17.4596774193548,0.583333333333333,,0.395161290322581,474,75.7,
,2024042200.0,84.0,130.0,64.0,41.9,0.761904761904762,,0.492307692307692,685,45.69,
,2024050311.0,84.0,95.0,73.0,152.936842105263,0.869047619047619,,0.768421052631579,752,78.0,
,2024041712.0,83.0,90.0,51.0,37.0777777777778,0.614457831325301,,0.566666666666667,384,77.82,
,2024041714.0,83.0,90.0,52.0,55.0111111111111,0.626506024096386,,0.577777777777778,391,71.18,
,2024042315.0,83.0,92.0,57.0,59.7717391304348,0.686746987951807,,0.619565217391304,369,37.67,
,2024040621.0,83.0,110.0,50.0,28.6727272727273,0.602409638554217,,0.454545454545455,456,43.11,
,2024041217.0,83.0,100.0,57.0,64.61,0.686746987951807,,0.57,472,71.07,
,2024041415.0,83.0,101.0,58.0,47.66336633663369,0.698795180722892,,0.574257425742574,481,39.02,
,2024041422.0,83.0,101.0,52.0,55.960396039604,0.626506024096386,,0.514851485148515,532,30.17,
,2024041911.0,83.0,104.0,57.0,47.2884615384615,0.686746987951807,,0.548076923076923,492,53.41,
,2024042700.0,83.0,125.0,57.0,31.576,0.686746987951807,,0.456,466,76.17,
,2024042720.0,83.0,102.0,55.0,41.0882352941176,0.662650602409639,,0.53921568627451,412,61.76,
,2024050212.0,83.0,98.0,63.0,57.265306122449,0.759036144578313,,0.642857142857143,496,54.2,
,2024041513.0,82.0,99.0,46.0,28.7272727272727,0.560975609756098,,0.464646464646465,462,25.83,
,2024042517.0,82.0,86.0,54.0,32.9883720930233,0.658536585365854,,0.627906976744186,344,56.9,
,2024041815.0,82.0,95.0,58.0,41.589473684210496,0.707317073170732,,0.610526315789474,389,79.4,
,2024041822.0,82.0,85.0,53.0,69.6588235294118,0.646341463414634,,0.623529411764706,360,28.41,
,2024041911.0,82.0,95.0,59.0,48.8315789473684,0.719512195121951,,0.621052631578947,379,51.1,
,2024040916.0,82.0,108.0,52.0,52.101851851851904,0.634146341463415,,0.481481481481481,1117,72.64,
,2024041114.0,82.0,103.0,59.0,50.2038834951456,0.719512195121951,,0.572815533980583,466,64.45,
,2024041319.0,82.0,106.0,64.0,60.67924528301889,0.780487804878049,,0.60377358490566,657,61.82,
,2024041615.0,82.0,110.0,54.0,61.5,0.658536585365854,,0.490909090909091,487,62.15,
,2024041921.0,82.0,110.0,52.0,53.054545454545504,0.634146341463415,,0.472727272727273,531,41.57,
,2024042021.0,82.0,98.0,56.0,60.6632653061225,0.682926829268293,,0.571428571428571,521,37.62,
,2024042111.0,82.0,105.0,53.0,42.0761904761905,0.646341463414634,,0.504761904761905,471,68.56,
,2024042400.0,82.0,125.0,55.0,26.288,0.670731707317073,,0.44,561,68.61,
,2024050112.0,82.0,102.0,62.0,54.078431372549,0.75609756097561,,0.607843137254902,496,72.02,
,2024050219.0,82.0,99.0,59.0,53.4242424242424,0.719512195121951,,0.595959595959596,508,74.79,
,2024050122.0,81.0,96.0,53.0,76.1041666666667,0.654320987654321,,0.552083333333333,409,50.68,
,2024040815.0,81.0,86.0,48.0,97.8255813953488,0.592592592592593,,0.558139534883721,439,50.09,
,2024040919.0,81.0,105.0,54.0,36.0666666666667,0.666666666666667,,0.514285714285714,484,67.9,
,2024041411.0,81.0,100.0,50.0,48.36,0.617283950617284,,0.5,485,59.0,
,2024041417.0,81.0,93.0,55.0,42.5268817204301,0.679012345679012,,0.591397849462366,457,62.12,
,2024041619.0,81.0,102.0,57.0,59.2058823529412,0.703703703703704,,0.558823529411765,583,67.75,
,2024042000.0,81.0,139.0,58.0,16.4028776978417,0.716049382716049,,0.41726618705036,499,73.4,
,2024042411.0,81.0,99.0,57.0,58.0505050505051,0.703703703703704,,0.575757575757576,563,40.28,
,2024042509.0,81.0,108.0,57.0,40.0462962962963,0.703703703703704,,0.527777777777778,509,42.53,
,2024042723.0,81.0,95.0,51.0,32.5368421052632,0.62962962962963,,0.536842105263158,435,25.64,
,2024050218.0,81.0,107.0,59.0,68.7757009345794,0.728395061728395,,0.551401869158879,601,54.7,
,2024041715.0,81.0,91.0,57.0,107.098901098901,0.703703703703704,,0.626373626373626,520,22.16,
,2024041718.0,80.0,96.0,48.0,67.0729166666667,0.6,,0.5,404,47.94,
,2024041512.0,80.0,91.0,54.0,51.4285714285714,0.675,,0.593406593406593,369,52.56,
,2024041721.0,80.0,88.0,45.0,36.875,0.5625,,0.511363636363636,381,37.19,
,2024041919.0,80.0,95.0,57.0,41.3263157894737,0.7125,,0.6,371,55.45,
,2024040613.0,80.0,97.0,55.0,50.4020618556701,0.6875,,0.567010309278351,487,21.83,
,2024041215.0,80.0,92.0,52.0,56.4130434782609,0.65,,0.565217391304348,488,22.24,
,2024041219.0,80.0,93.0,53.0,62.8602150537634,0.6625,,0.56989247311828,481,69.36,
,2024041621.0,80.0,97.0,53.0,70.5567010309278,0.6625,,0.54639175257732,627,41.61,
,2024041914.0,80.0,95.0,58.0,42.8842105263158,0.725,,0.610526315789474,462,27.62,
,2024050217.0,80.0,99.0,55.0,49.040404040404,0.6875,,0.555555555555556,551,51.33,
,2024050323.0,80.0,98.0,58.0,26.2040816326531,0.725,,0.591836734693878,424,66.2,
,2024041821.0,80.0,85.0,58.0,90.5647058823529,0.725,,0.682352941176471,514,32.95,
,2024041521.0,79.0,99.0,48.0,39.5757575757576,0.607594936708861,,0.484848484848485,440,57.37,
,2024041621.0,79.0,89.0,53.0,37.7078651685393,0.670886075949367,,0.595505617977528,379,25.12,
,2024041822.0,79.0,102.0,46.0,30.3725490196078,0.582278481012658,,0.450980392156863,483,23.1,
,2024040811.0,79.0,87.0,57.0,62.1494252873563,0.721518987341772,,0.655172413793103,362,51.88,
,2024041514.0,79.0,90.0,45.0,57.88888888888889,0.569620253164557,,0.5,328,52.44,
,2024040816.0,79.0,112.0,58.0,35.6964285714286,0.734177215189873,,0.517857142857143,545,58.25,
,2024040822.0,79.0,102.0,57.0,36.66666666666671,0.721518987341772,,0.558823529411765,416,63.57,
,2024041019.0,79.0,103.0,55.0,42.621359223301,0.69620253164557,,0.533980582524272,483,78.55,
,2024041118.0,79.0,89.0,55.0,44.0674157303371,0.69620253164557,,0.617977528089888,408,50.98,
,2024041218.0,79.0,95.0,58.0,51.5263157894737,0.734177215189873,,0.610526315789474,494,39.38,
,2024041822.0,79.0,101.0,61.0,53.970297029703,0.772151898734177,,0.603960396039604,562,67.71,
,2024041910.0,79.0,106.0,49.0,32.3207547169811,0.620253164556962,,0.462264150943396,463,36.25,
,2024042322.0,79.0,105.0,58.0,53.152380952381,0.734177215189873,,0.552380952380952,541,46.34,
,2024042423.0,79.0,100.0,51.0,61.11,0.645569620253165,,0.51,541,24.71,
,2024043016.0,79.0,89.0,60.0,101.426966292135,0.759493670886076,,0.674157303370787,614,21.52,
,2024050312.0,79.0,88.0,65.0,120.147727272727,0.822784810126582,,0.738636363636364,508,77.76,
,2024042922.0,78.0,93.0,42.0,67.1397849462366,0.538461538461538,,0.451612903225806,498,70.16,
,2024050223.0,78.0,87.0,42.0,41.2528735632184,0.538461538461538,,0.482758620689655,403,61.76,
,2024041615.0,78.0,87.0,52.0,66.1149425287356,0.666666666666667,,0.597701149425287,370,44.54,
,2024041820.0,78.0,88.0,53.0,34.2159090909091,0.67948717948718,,0.602272727272727,311,30.4,
,2024040713.0,78.0,91.0,56.0,48.2417582417582,0.717948717948718,,0.615384615384615,494,29.39,
,2024040911.0,78.0,96.0,59.0,240.0,0.756410256410256,,0.614583333333333,478,35.01,
,2024040917.0,78.0,105.0,51.0,28.8666666666667,0.653846153846154,,0.485714285714286,474,52.95,
,2024041222.0,78.0,104.0,50.0,56.4326923076923,0.641025641025641,,0.480769230769231,556,62.88,
,2024041316.0,78.0,110.0,54.0,48.4181818181818,0.692307692307692,,0.490909090909091,499,59.61,
,2024041612.0,78.0,94.0,60.0,66.7021276595745,0.769230769230769,,0.638297872340426,468,36.8,
,2024041814.0,78.0,94.0,57.0,73.2553191489362,0.730769230769231,,0.606382978723404,558,77.29,
,2024041912.0,78.0,102.0,51.0,58.1274509803922,0.653846153846154,,0.5,454,64.27,
,2024042512.0,78.0,91.0,52.0,52.5384615384615,0.666666666666667,,0.571428571428571,487,53.26,
,2024042716.0,78.0,120.0,53.0,28.2916666666667,0.67948717948718,,0.441666666666667,417,56.7,
,2024050314.0,78.0,91.0,62.0,69.7252747252747,0.794871794871795,,0.681318681318681,475,45.18,
,2024043015.0,78.0,85.0,63.0,82.3411764705882,0.807692307692308,,0.741176470588235,487,34.86,
,2024050119.0,78.0,84.0,62.0,164.464285714286,0.794871794871795,,0.738095238095238,524,41.36,
,2024050214.0,78.0,84.0,61.0,88.8809523809524,0.782051282051282,,0.726190476190476,460,65.47,
,2024041820.0,77.0,89.0,53.0,49.7078651685393,0.688311688311688,,0.595505617977528,459,20.86,
,2024042211.0,77.0,84.0,56.0,48.964285714285694,0.727272727272727,,0.666666666666667,381,26.96,
,2024042319.0,77.0,93.0,56.0,72.5591397849462,0.727272727272727,,0.602150537634409,390,22.76,
,2024043014.0,77.0,84.0,45.0,47.2380952380952,0.584415584415584,,0.535714285714286,346,22.44,
,2024040715.0,77.0,95.0,53.0,55.8842105263158,0.688311688311688,,0.557894736842105,449,71.33,
,2024041216.0,77.0,89.0,55.0,48.6516853932584,0.714285714285714,,0.617977528089888,393,62.22,
,2024041613.0,77.0,99.0,62.0,44.8989898989899,0.805194805194805,,0.626262626262626,477,48.45,
,2024042020.0,77.0,94.0,55.0,57.4468085106383,0.714285714285714,,0.585106382978723,543,25.87,
,2024042211.0,77.0,98.0,63.0,89.8469387755102,0.818181818181818,,0.642857142857143,541,49.5,
,2024042221.0,77.0,94.0,56.0,48.5957446808511,0.727272727272727,,0.595744680851064,586,48.41,
,2024042511.0,77.0,100.0,57.0,84.28,0.74025974025974,,0.57,514,30.39,
,2024042719.0,77.0,99.0,52.0,86.5252525252525,0.675324675324675,,0.525252525252525,420,46.03,
,2024042721.0,77.0,101.0,57.0,43.118811881188094,0.74025974025974,,0.564356435643564,489,43.91,
,2024042919.0,77.0,94.0,56.0,58.7553191489362,0.727272727272727,,0.595744680851064,489,56.95,
,2024050109.0,77.0,95.0,50.0,28.2,0.649350649350649,,0.526315789473684,447,58.11,
,2024050216.0,77.0,103.0,53.0,72.6407766990291,0.688311688311688,,0.514563106796117,520,22.72,
,2024050320.0,77.0,87.0,56.0,73.7931034482759,0.727272727272727,,0.64367816091954,579,42.48,
,2024042211.0,76.0,92.0,49.0,57.64130434782609,0.644736842105263,,0.532608695652174,435,57.55,
,2024041120.0,76.0,82.0,46.0,32.8170731707317,0.605263157894737,,0.560975609756098,333,50.19,
,2024041823.0,76.0,87.0,51.0,34.0229885057471,0.671052631578947,,0.586206896551724,358,71.39,
,2024040800.0,76.0,108.0,53.0,38.88888888888889,0.697368421052632,,0.490740740740741,518,59.52,
,2024040812.0,76.0,87.0,58.0,96.1264367816092,0.763157894736842,,0.666666666666667,553,29.78,
,2024041121.0,76.0,91.0,48.0,39.4285714285714,0.631578947368421,,0.527472527472528,358,24.23,
,2024041614.0,76.0,95.0,57.0,102.442105263158,0.75,,0.6,556,58.55,
,2024041800.0,76.0,125.0,54.0,29.024,0.710526315789474,,0.432,559,21.59,
,2024042222.0,76.0,91.0,58.0,57.3736263736264,0.763157894736842,,0.637362637362637,557,55.15,
,2024043022.0,76.0,88.0,58.0,47.8636363636364,0.763157894736842,,0.659090909090909,484,76.41,
,2024050212.0,76.0,83.0,61.0,138.650602409639,0.802631578947369,,0.734939759036145,491,54.53,
,2024040920.0,75.0,92.0,39.0,41.9565217391304,0.52,,0.423913043478261,322,43.29,
,2024041411.0,75.0,83.0,36.0,28.1084337349398,0.48,,0.433734939759036,365,58.6,
,2024041515.0,75.0,90.0,36.0,29.2888888888889,0.48,,0.4,313,47.5,
,2024041919.0,75.0,89.0,40.0,32.3932584269663,0.533333333333333,,0.449438202247191,390,52.74,
,2024041212.0,75.0,87.0,46.0,50.8275862068966,0.613333333333333,,0.528735632183908,340,76.49,
,2024041611.0,75.0,83.0,52.0,50.855421686747,0.693333333333333,,0.626506024096386,413,43.17,
,2024041817.0,75.0,88.0,53.0,52.5909090909091,0.706666666666667,,0.602272727272727,325,77.67,
,2024042914.0,75.0,83.0,48.0,49.421686746988,0.64,,0.578313253012048,350,74.32,
,2024040620.0,75.0,98.0,45.0,34.1428571428571,0.6,,0.459183673469388,340,31.75,
,2024040914.0,75.0,84.0,50.0,64.1309523809524,0.666666666666667,,0.595238095238095,439,24.16,
,2024040918.0,75.0,103.0,50.0,35.378640776699,0.666666666666667,,0.485436893203884,431,26.05,
,2024041010.0,75.0,109.0,52.0,29.5229357798165,0.693333333333333,,0.477064220183486,496,21.09,
,2024041412.0,75.0,92.0,52.0,59.4130434782609,0.693333333333333,,0.565217391304348,508,25.67,
,2024041413.0,75.0,87.0,52.0,35.2413793103448,0.693333333333333,,0.597701149425287,409,60.98,
,2024042718.0,75.0,102.0,43.0,25.843137254902,0.573333333333333,,0.42156862745098,399,24.27,
,2024042813.0,75.0,103.0,51.0,41.0291262135922,0.68,,0.495145631067961,421,39.14,
,2024042816.0,75.0,89.0,57.0,51.4831460674157,0.76,,0.640449438202247,419,70.69,
,2024042910.0,75.0,102.0,51.0,33.5490196078431,0.68,,0.5,525,21.4,
,2024042920.0,75.0,105.0,61.0,58.5428571428571,0.813333333333333,,0.580952380952381,623,68.87,
,2024050116.0,75.0,97.0,55.0,88.7525773195876,0.733333333333333,,0.567010309278351,469,36.91,
,2024050211.0,75.0,88.0,59.0,110.761363636364,0.786666666666667,,0.670454545454545,626,27.09,
,2024041711.0,74.0,90.0,46.0,42.5111111111111,0.621621621621622,,0.511111111111111,450,61.8,
,2024041816.0,74.0,94.0,45.0,38.2872340425532,0.608108108108108,,0.478723404255319,378,57.74,
,2024041823.0,74.0,87.0,32.0,22.1149425287356,0.432432432432432,,0.367816091954023,298,72.65,
,2024042519.0,74.0,88.0,48.0,35.0568181818182,0.648648648648649,,0.545454545454545,357,64.1,
,2024042522.0,74.0,81.0,44.0,24.2345679012346,0.594594594594595,,0.54320987654321,365,68.21,
,2024041213.0,74.0,83.0,50.0,39.1325301204819,0.675675675675676,,0.602409638554217,333,36.92,
,2024041715.0,74.0,87.0,55.0,37.0,0.743243243243243,,0.632183908045977,335,30.65,
,2024041718.0,74.0,83.0,53.0,34.0361445783133,0.716216216216216,,0.63855421686747,359,65.04,
,2024041014.0,74.0,94.0,53.0,51.840425531914896,0.716216216216216,,0.563829787234043,522,68.41,
,2024041213.0,74.0,89.0,47.0,45.9887640449438,0.635135135135135,,0.528089887640449,413,79.43,
,2024041414.0,74.0,89.0,57.0,73.3370786516854,0.77027027027027,,0.640449438202247,556,44.76,
,2024041812.0,74.0,90.0,56.0,63.5666666666667,0.756756756756757,,0.622222222222222,466,42.32,
,2024042017.0,74.0,96.0,62.0,110.552083333333,0.837837837837838,,0.645833333333333,694,66.58,
,2024042117.0,74.0,89.0,48.0,42.1123595505618,0.648648648648649,,0.539325842696629,443,40.45,
,2024042320.0,74.0,101.0,53.0,59.2376237623762,0.716216216216216,,0.524752475247525,617,75.85,
,2024042420.0,74.0,89.0,56.0,86.7415730337079,0.756756756756757,,0.629213483146067,473,71.5,
,2024042600.0,74.0,91.0,50.0,42.3406593406593,0.675675675675676,,0.54945054945055,419,45.74,
,2024042714.0,74.0,91.0,51.0,51.4065934065934,0.689189189189189,,0.56043956043956,452,65.05,
,2024042810.0,74.0,86.0,59.0,35.2674418604651,0.797297297297297,,0.686046511627907,432,65.27,
,2024043016.0,74.0,100.0,50.0,52.88,0.675675675675676,,0.5,474,26.19,
,2024043018.0,74.0,87.0,51.0,30.0114942528736,0.689189189189189,,0.586206896551724,396,74.15,
,2024041514.0,74.0,84.0,56.0,85.2619047619048,0.756756756756757,,0.666666666666667,492,50.32,
,2024042321.0,74.0,86.0,59.0,86.8837209302326,0.797297297297297,,0.686046511627907,643,69.59,
,2024042414.0,74.0,81.0,57.0,126.358024691358,0.77027027027027,,0.703703703703704,482,39.2,
,2024042921.0,74.0,83.0,52.0,47.3253012048193,0.702702702702703,,0.626506024096386,403,73.73,
,2024050215.0,74.0,78.0,60.0,107.064102564103,0.810810810810811,,0.769230769230769,463,43.35,
,2024050314.0,74.0,82.0,60.0,113.512195121951,0.810810810810811,,0.731707317073171,496,20.65,
,2024041120.0,73.0,79.0,37.0,29.8481012658228,0.506849315068493,,0.468354430379747,299,74.32,
,2024041211.0,73.0,89.0,43.0,38.9325842696629,0.589041095890411,,0.48314606741573,371,25.48,
,2024042412.0,73.0,94.0,43.0,56.9893617021277,0.589041095890411,,0.457446808510638,398,39.16,
,2024041121.0,73.0,89.0,45.0,18.7640449438202,0.616438356164384,,0.50561797752809,330,77.0,
,2024041520.0,73.0,81.0,45.0,32.283950617284,0.616438356164384,,0.555555555555556,310,77.04,
,2024041620.0,73.0,84.0,45.0,25.0952380952381,0.616438356164384,,0.535714285714286,308,54.41,
,2024041816.0,73.0,82.0,50.0,48.2560975609756,0.684931506849315,,0.609756097560976,360,57.91,
,2024041818.0,73.0,83.0,48.0,44.6385542168675,0.657534246575342,,0.578313253012048,291,46.91,
,2024041920.0,73.0,85.0,46.0,46.8,0.63013698630137,,0.541176470588235,422,37.59,
,2024042321.0,73.0,81.0,49.0,86.8641975308642,0.671232876712329,,0.604938271604938,416,39.72,
,2024042514.0,73.0,85.0,47.0,58.8,0.643835616438356,,0.552941176470588,301,60.35,
,2024040709.0,73.0,91.0,50.0,25.3406593406593,0.684931506849315,,0.54945054945055,390,65.14,
,2024041012.0,73.0,101.0,51.0,46.5445544554455,0.698630136986301,,0.504950495049505,454,67.49,
,2024041122.0,73.0,83.0,50.0,60.1566265060241,0.684931506849315,,0.602409638554217,450,67.38,
,2024041300.0,73.0,123.0,41.0,43.349593495935,0.561643835616438,,0.333333333333333,475,25.47,
,2024041401.0,73.0,103.0,38.0,22.8640776699029,0.520547945205479,,0.368932038834951,389,49.67,
,2024041408.0,73.0,100.0,48.0,32.12,0.657534246575342,,0.48,440,23.45,
,2024041510.0,73.0,92.0,61.0,38.3478260869565,0.835616438356164,,0.66304347826087,479,52.97,
,2024042220.0,73.0,85.0,53.0,52.2117647058824,0.726027397260274,,0.623529411764706,477,46.49,
,2024042715.0,73.0,101.0,53.0,90.4257425742574,0.726027397260274,,0.524752475247525,530,73.26,
,2024042922.0,73.0,93.0,59.0,52.3010752688172,0.808219178082192,,0.634408602150538,522,41.05,
,2024043001.0,73.0,99.0,49.0,55.9393939393939,0.671232876712329,,0.494949494949495,536,27.02,
,2024050318.0,73.0,93.0,51.0,65.5483870967742,0.698630136986301,,0.548387096774194,419,28.58,
,2024041012.0,73.0,85.0,65.0,105.0,0.89041095890411,,0.764705882352941,605,65.69,
,2024041210.0,72.0,81.0,52.0,60.4567901234568,0.722222222222222,,0.641975308641975,393,57.09,
,2024041422.0,72.0,87.0,38.0,19.8850574712644,0.527777777777778,,0.436781609195402,333,26.07,
,2024041719.0,72.0,86.0,48.0,59.6279069767442,0.666666666666667,,0.558139534883721,450,25.05,
,2024041920.0,72.0,88.0,41.0,42.3863636363636,0.569444444444444,,0.465909090909091,396,62.06,
,2024042413.0,72.0,87.0,40.0,88.5862068965517,0.555555555555556,,0.459770114942529,353,24.37,
,2024042520.0,72.0,84.0,40.0,30.702380952381,0.555555555555556,,0.476190476190476,337,69.31,
,2024043021.0,72.0,89.0,36.0,51.4719101123596,0.5,,0.404494382022472,470,62.37,
,2024050121.0,72.0,85.0,41.0,41.7294117647059,0.569444444444444,,0.482352941176471,335,24.88,
,2024040818.0,72.0,80.0,48.0,60.4,0.666666666666667,,0.6,320,25.09,
,2024040914.0,72.0,79.0,53.0,46.4556962025317,0.736111111111111,,0.670886075949367,365,79.2,
,2024040919.0,72.0,82.0,50.0,42.6219512195122,0.694444444444444,,0.609756097560976,336,42.46,
,2024041712.0,72.0,80.0,49.0,39.2375,0.680555555555556,,0.6125,278,42.24,
,2024041900.0,72.0,90.0,49.0,58.8555555555556,0.680555555555556,,0.544444444444444,365,68.77,
,2024042510.0,72.0,80.0,54.0,77.075,0.75,,0.675,400,76.83,
,2024050211.0,72.0,83.0,44.0,64.2650602409639,0.611111111111111,,0.530120481927711,376,79.16,
,2024050212.0,72.0,78.0,55.0,46.1025641025641,0.763888888888889,,0.705128205128205,317,65.2,
,2024041009.0,72.0,95.0,49.0,178.126315789474,0.680555555555556,,0.515789473684211,401,42.58,
,2024041113.0,72.0,89.0,53.0,60.9101123595506,0.736111111111111,,0.595505617977528,492,25.01,
,2024041208.0,72.0,89.0,38.0,29.5168539325843,0.527777777777778,,0.426966292134831,360,66.63,
,2024041318.0,72.0,102.0,44.0,44.7450980392157,0.611111111111111,,0.431372549019608,414,53.5,
,2024041416.0,72.0,91.0,58.0,53.5604395604396,0.805555555555556,,0.637362637362637,449,45.45,
,2024042012.0,72.0,81.0,52.0,79.0617283950617,0.722222222222222,,0.641975308641975,482,74.38,
,2024042819.0,72.0,84.0,48.0,63.345238095238095,0.666666666666667,,0.571428571428571,450,26.67,
,2024042420.0,72.0,82.0,54.0,68.6829268292683,0.75,,0.658536585365854,664,49.56,
,2024050321.0,72.0,78.0,50.0,65.8974358974359,0.694444444444444,,0.641025641025641,368,20.68,
,2024040819.0,71.0,87.0,43.0,34.3448275862069,0.605633802816901,,0.494252873563218,337,48.12,
,2024042011.0,71.0,85.0,42.0,33.4470588235294,0.591549295774648,,0.494117647058824,303,23.38,
,2024050116.0,71.0,85.0,43.0,44.8588235294118,0.605633802816901,,0.505882352941176,377,27.13,
,2024041214.0,71.0,81.0,46.0,34.9506172839506,0.647887323943662,,0.567901234567901,339,27.05,
,2024041614.0,71.0,80.0,47.0,47.2625,0.661971830985916,,0.5875,327,58.95,
,2024041811.0,71.0,89.0,53.0,37.8089887640449,0.746478873239437,,0.595505617977528,348,64.76,
,2024042414.0,71.0,78.0,53.0,43.3205128205128,0.746478873239437,,0.67948717948718,346,55.0,
,2024042515.0,71.0,82.0,52.0,49.7317073170732,0.732394366197183,,0.634146341463415,314,77.73,
,2024040614.0,71.0,92.0,57.0,61.4456521739131,0.802816901408451,,0.619565217391304,506,42.49,
,2024040618.0,71.0,87.0,50.0,110.0,0.704225352112676,,0.574712643678161,466,37.14,
,2024040708.0,71.0,82.0,49.0,49.9756097560976,0.690140845070423,,0.597560975609756,426,72.12,
,2024040716.0,71.0,84.0,51.0,54.904761904761905,0.71830985915493,,0.607142857142857,470,33.42,
,2024040913.0,71.0,85.0,56.0,55.2352941176471,0.788732394366197,,0.658823529411765,458,77.79,
,2024040920.0,71.0,86.0,56.0,90.5232558139535,0.788732394366197,,0.651162790697675,561,20.73,
,2024041111.0,71.0,88.0,58.0,73.5113636363636,0.816901408450704,,0.659090909090909,555,78.19,
,2024041220.0,71.0,79.0,51.0,37.3164556962025,0.71830985915493,,0.645569620253165,400,22.59,
,2024042112.0,71.0,95.0,57.0,36.5052631578947,0.802816901408451,,0.6,415,73.47,
,2024042711.0,71.0,92.0,53.0,47.1739130434783,0.746478873239437,,0.576086956521739,410,51.66,
,2024042713.0,71.0,78.0,49.0,49.5128205128205,0.690140845070423,,0.628205128205128,399,79.58,
,2024042909.0,71.0,93.0,49.0,38.075268817204304,0.690140845070423,,0.526881720430108,410,24.43,
,2024050117.0,71.0,88.0,52.0,59.625,0.732394366197183,,0.590909090909091,483,53.23,
,2024041214.0,71.0,74.0,58.0,99.8378378378378,0.816901408450704,,0.783783783783784,591,78.16,
,2024041617.0,71.0,76.0,50.0,71.5789473684211,0.704225352112676,,0.657894736842105,371,51.39,
,2024043014.0,71.0,76.0,61.0,103.605263157895,0.859154929577465,,0.802631578947369,449,57.76,
,2024050112.0,71.0,78.0,55.0,79.0128205128205,0.774647887323944,,0.705128205128205,395,61.74,
,2024041620.0,70.0,85.0,40.0,35.8117647058824,0.571428571428571,,0.470588235294118,333,47.27,
,2024041918.0,70.0,81.0,41.0,29.1481481481482,0.585714285714286,,0.506172839506173,306,57.65,
,2024040820.0,70.0,75.0,47.0,57.7333333333333,0.671428571428571,,0.626666666666667,337,55.06,
,2024041222.0,70.0,81.0,43.0,50.851851851851904,0.614285714285714,,0.530864197530864,377,74.07,
,2024041516.0,70.0,77.0,43.0,41.7662337662338,0.614285714285714,,0.558441558441558,328,22.73,
,2024041716.0,70.0,78.0,50.0,46.9615384615385,0.714285714285714,,0.641025641025641,359,36.86,
,2024041810.0,70.0,79.0,54.0,45.7341772151899,0.771428571428572,,0.683544303797468,344,77.02,
,2024041814.0,70.0,77.0,44.0,23.3896103896104,0.628571428571429,,0.571428571428571,308,73.42,
,2024042518.0,70.0,82.0,51.0,56.92682926829271,0.728571428571429,,0.621951219512195,368,47.34,
,2024042913.0,70.0,73.0,46.0,100.630136986301,0.657142857142857,,0.63013698630137,437,57.21,
,2024042915.0,70.0,80.0,56.0,44.4875,0.8,,0.7,328,36.64,
,2024040612.0,70.0,93.0,53.0,69.2365591397849,0.757142857142857,,0.56989247311828,482,31.29,
,2024040821.0,70.0,87.0,46.0,56.0804597701149,0.657142857142857,,0.528735632183908,392,47.82,
,2024041312.0,70.0,81.0,50.0,54.1975308641975,0.714285714285714,,0.617283950617284,360,41.2,
,2024041810.0,70.0,92.0,53.0,73.1413043478261,0.757142857142857,,0.576086956521739,529,55.02,
,2024041823.0,70.0,83.0,50.0,54.7951807228916,0.714285714285714,,0.602409638554217,490,24.66,
,2024041922.0,70.0,90.0,43.0,39.4777777777778,0.614285714285714,,0.477777777777778,367,78.46,
,2024042018.0,70.0,85.0,49.0,61.6352941176471,0.7,,0.576470588235294,451,79.17,
,2024042023.0,70.0,90.0,52.0,50.7111111111111,0.742857142857143,,0.577777777777778,575,61.89,
,2024042213.0,70.0,86.0,55.0,58.4767441860465,0.785714285714286,,0.63953488372093,589,52.17,
,2024042223.0,70.0,85.0,53.0,87.3176470588235,0.757142857142857,,0.623529411764706,617,38.57,
,2024043013.0,70.0,86.0,51.0,40.0,0.728571428571429,,0.593023255813954,393,68.83,
,2024050213.0,70.0,85.0,51.0,59.9647058823529,0.728571428571429,,0.6,446,61.08,
,2024050216.0,70.0,79.0,56.0,86.8987341772152,0.8,,0.708860759493671,520,29.76,
,2024050310.0,70.0,88.0,54.0,100.534090909091,0.771428571428572,,0.613636363636364,433,74.66,
,2024050313.0,70.0,79.0,58.0,200.341772151899,0.828571428571429,,0.734177215189873,394,69.35,
,2024040820.0,69.0,86.0,41.0,45.0348837209302,0.594202898550725,,0.476744186046512,355,76.99,
,2024041214.0,69.0,78.0,40.0,37.8974358974359,0.579710144927536,,0.512820512820513,342,63.54,
,2024041715.0,69.0,87.0,39.0,65.4712643678161,0.565217391304348,,0.448275862068966,377,56.8,
,2024041717.0,69.0,81.0,44.0,54.4567901234568,0.63768115942029,,0.54320987654321,317,45.09,
,2024041923.0,69.0,81.0,41.0,59.7777777777778,0.594202898550725,,0.506172839506173,344,75.96,
,2024042313.0,69.0,89.0,42.0,39.8876404494382,0.608695652173913,,0.471910112359551,351,71.96,
,2024050318.0,69.0,80.0,40.0,68.5625,0.579710144927536,,0.5,343,22.71,
,2024040814.0,69.0,76.0,46.0,62.4473684210526,0.666666666666667,,0.605263157894737,345,21.58,
,2024041720.0,69.0,78.0,47.0,48.9230769230769,0.681159420289855,,0.602564102564103,376,42.59,
,2024041910.0,69.0,85.0,52.0,32.6823529411765,0.753623188405797,,0.611764705882353,343,68.63,
,2024042220.0,69.0,73.0,49.0,25.6849315068493,0.710144927536232,,0.671232876712329,282,79.24,
,2024042415.0,69.0,81.0,38.0,27.9259259259259,0.550724637681159,,0.469135802469136,302,29.03,
,2024042511.0,69.0,78.0,55.0,104.589743589744,0.797101449275362,,0.705128205128205,448,55.65,
,2024043011.0,69.0,81.0,47.0,62.4814814814815,0.681159420289855,,0.580246913580247,325,42.85,
,2024043015.0,69.0,79.0,47.0,54.7721518987342,0.681159420289855,,0.594936708860759,384,78.19,
,2024041013.0,69.0,83.0,38.0,38.8795180722892,0.550724637681159,,0.457831325301205,377,70.53,
,2024041123.0,69.0,91.0,47.0,42.0989010989011,0.681159420289855,,0.516483516483517,425,70.3,
,2024041501.0,69.0,79.0,35.0,56.4810126582279,0.507246376811594,,0.443037974683544,353,48.12,
,2024042022.0,69.0,81.0,53.0,80.9753086419753,0.768115942028986,,0.654320987654321,566,44.89,
,2024042114.0,69.0,79.0,43.0,42.8987341772152,0.623188405797101,,0.544303797468354,403,36.4,
,2024042122.0,69.0,80.0,51.0,52.375,0.739130434782609,,0.6375,509,23.38,
,2024042201.0,69.0,91.0,52.0,51.1758241758242,0.753623188405797,,0.571428571428571,374,71.88,
,2024042410.0,69.0,93.0,51.0,69.1182795698925,0.739130434782609,,0.548387096774194,487,68.77,
,2024042712.0,69.0,82.0,45.0,81.9390243902439,0.652173913043478,,0.548780487804878,427,79.98,
,2024042809.0,69.0,89.0,43.0,41.752808988764,0.623188405797101,,0.48314606741573,435,79.8,
,2024042818.0,69.0,78.0,47.0,35.3205128205128,0.681159420289855,,0.602564102564103,412,53.33,
,2024050116.0,69.0,78.0,56.0,79.1410256410256,0.811594202898551,,0.717948717948718,427,66.14,
,2024050220.0,69.0,77.0,51.0,108.857142857143,0.739130434782609,,0.662337662337662,444,76.69,
,2024041215.0,68.0,76.0,39.0,51.671052631578895,0.573529411764706,,0.513157894736842,378,70.98,
,2024041700.0,68.0,80.0,46.0,78.925,0.676470588235294,,0.575,381,34.84,
,2024042215.0,68.0,80.0,39.0,51.2,0.573529411764706,,0.4875,349,47.03,
,2024042312.0,68.0,83.0,42.0,58.8313253012048,0.617647058823529,,0.506024096385542,294,27.75,
,2024042515.0,68.0,78.0,36.0,69.5,0.529411764705882,,0.461538461538462,386,77.24,
,2024042921.0,68.0,75.0,35.0,97.3466666666667,0.514705882352941,,0.466666666666667,420,56.37,
,2024050314.0,68.0,82.0,38.0,52.3658536585366,0.558823529411765,,0.463414634146342,344,33.72,
,2024041420.0,68.0,79.0,49.0,31.1518987341772,0.720588235294118,,0.620253164556962,306,60.3,
,2024041522.0,68.0,79.0,50.0,75.7088607594937,0.735294117647059,,0.632911392405063,406,57.09,
,2024041616.0,68.0,78.0,49.0,45.448717948718,0.720588235294118,,0.628205128205128,312,41.49,
,2024041913.0,68.0,80.0,43.0,29.6,0.632352941176471,,0.5375,291,26.81,
,2024042218.0,68.0,75.0,44.0,77.56,0.647058823529412,,0.586666666666667,320,60.29,
,2024042314.0,68.0,74.0,48.0,46.2027027027027,0.705882352941177,,0.648648648648649,265,51.22,
,2024040714.0,68.0,84.0,51.0,52.7619047619048,0.75,,0.607142857142857,386,66.34,
,2024040910.0,68.0,90.0,47.0,44.7666666666667,0.691176470588235,,0.522222222222222,405,51.21,
,2024041909.0,68.0,87.0,43.0,45.6781609195402,0.632352941176471,,0.494252873563218,397,71.13,
,2024042510.0,68.0,95.0,58.0,45.021052631579,0.852941176470588,,0.610526315789474,470,53.11,
,2024043009.0,68.0,88.0,52.0,44.1477272727273,0.764705882352941,,0.590909090909091,436,53.66,
,2024050308.0,68.0,82.0,45.0,56.8170731707317,0.661764705882353,,0.548780487804878,416,72.6,
,2024041910.0,68.0,82.0,57.0,62.1951219512195,0.838235294117647,,0.695121951219512,499,44.21,
,2024050113.0,68.0,73.0,49.0,44.8219178082192,0.720588235294118,,0.671232876712329,342,28.04,
,2024050121.0,68.0,76.0,44.0,55.1973684210526,0.647058823529412,,0.578947368421053,361,21.73,
,2024050210.0,68.0,75.0,54.0,80.3466666666667,0.794117647058824,,0.72,453,65.31,
,2024050218.0,68.0,73.0,57.0,113.109589041096,0.838235294117647,,0.780821917808219,500,57.22,
,2024040911.0,67.0,74.0,44.0,51.0135135135135,0.656716417910448,,0.594594594594595,320,62.24,
,2024041419.0,67.0,84.0,38.0,19.8571428571429,0.567164179104478,,0.452380952380952,312,32.78,
,2024042221.0,67.0,91.0,38.0,56.4505494505495,0.567164179104478,,0.417582417582418,353,28.18,
,2024042316.0,67.0,80.0,40.0,49.9625,0.597014925373134,,0.5,333,20.87,
,2024042319.0,67.0,88.0,41.0,34.0454545454546,0.611940298507463,,0.465909090909091,352,41.04,
,2024042512.0,67.0,76.0,42.0,74.1315789473684,0.626865671641791,,0.552631578947369,393,55.4,
,2024050222.0,67.0,73.0,42.0,76.3972602739726,0.626865671641791,,0.575342465753425,317,43.53,
,2024041017.0,67.0,85.0,49.0,62.3882352941177,0.73134328358209,,0.576470588235294,362,46.25,
,2024041518.0,67.0,76.0,45.0,46.6973684210526,0.671641791044776,,0.592105263157895,317,74.25,
,2024041519.0,67.0,78.0,38.0,48.9102564102564,0.567164179104478,,0.487179487179487,275,40.9,
,2024041711.0,67.0,76.0,42.0,50.4078947368421,0.626865671641791,,0.552631578947369,319,50.84,
,2024041714.0,67.0,84.0,48.0,31.2261904761905,0.716417910447761,,0.571428571428571,324,67.02,
,2024040912.0,67.0,81.0,52.0,72.5308641975309,0.776119402985075,,0.641975308641975,454,43.79,
,2024041017.0,67.0,91.0,42.0,46.0549450549451,0.626865671641791,,0.461538461538462,373,57.33,
,2024041110.0,67.0,88.0,44.0,35.25,0.656716417910448,,0.5,401,71.74,
,2024041314.0,67.0,80.0,52.0,77.3125,0.776119402985075,,0.65,464,76.97,
,2024041509.0,67.0,78.0,43.0,67.5641025641026,0.641791044776119,,0.551282051282051,388,28.82,
,2024042113.0,67.0,76.0,52.0,57.7631578947368,0.776119402985075,,0.68421052631579,398,75.6,
,2024042817.0,67.0,81.0,50.0,36.4567901234568,0.746268656716418,,0.617283950617284,391,49.53,
,2024050313.0,67.0,76.0,47.0,84.2236842105263,0.701492537313433,,0.618421052631579,416,35.49,
,2024040722.0,67.0,73.0,50.0,65.0684931506849,0.746268656716418,,0.684931506849315,399,47.55,
,2024041814.0,67.0,72.0,48.0,99.7361111111111,0.716417910447761,,0.666666666666667,383,78.8,
,2024042312.0,67.0,77.0,57.0,131.402597402597,0.850746268656716,,0.74025974025974,544,49.56,
,2024042620.0,67.0,75.0,55.0,66.6133333333333,0.82089552238806,,0.733333333333333,410,39.73,
,2024042920.0,67.0,75.0,48.0,64.76,0.716417910447761,,0.64,356,58.0,
,2024050114.0,67.0,73.0,53.0,45.9452054794521,0.791044776119403,,0.726027397260274,355,34.41,
,2024050120.0,67.0,72.0,44.0,84.3888888888889,0.656716417910448,,0.611111111111111,340,24.55,
,2024041618.0,66.0,78.0,39.0,57.8205128205128,0.590909090909091,,0.5,344,27.73,
,2024043015.0,66.0,81.0,36.0,30.2592592592593,0.545454545454545,,0.444444444444444,293,27.68,
,2024050315.0,66.0,78.0,40.0,48.5,0.606060606060606,,0.512820512820513,361,29.11,
,2024040812.0,66.0,78.0,50.0,50.7948717948718,0.757575757575758,,0.641025641025641,343,28.33,
,2024041012.0,66.0,78.0,46.0,57.974358974359,0.696969696969697,,0.58974358974359,312,58.45,
,2024041618.0,66.0,80.0,38.0,39.5375,0.575757575757576,,0.475,285,30.91,
,2024041812.0,66.0,80.0,43.0,37.675,0.651515151515152,,0.5375,280,40.74,
,2024041923.0,66.0,75.0,48.0,52.5733333333333,0.727272727272727,,0.64,319,73.81,
,2024042912.0,66.0,74.0,49.0,39.9459459459459,0.742424242424242,,0.662162162162162,309,48.44,
,2024050221.0,66.0,76.0,45.0,37.5526315789474,0.681818181818182,,0.592105263157895,311,60.05,
,2024050222.0,66.0,75.0,45.0,26.72,0.681818181818182,,0.6,273,30.34,
,2024040622.0,66.0,87.0,37.0,81.264367816092,0.560606060606061,,0.425287356321839,415,31.54,
,2024040921.0,66.0,78.0,41.0,30.448717948718,0.621212121212121,,0.525641025641026,351,22.45,
,2024041201.0,66.0,82.0,47.0,34.2804878048781,0.712121212121212,,0.573170731707317,422,30.14,
,2024041410.0,66.0,86.0,39.0,23.0697674418605,0.590909090909091,,0.453488372093023,370,36.72,
,2024041609.0,66.0,84.0,50.0,49.2380952380952,0.757575757575758,,0.595238095238095,390,30.62,
,2024050114.0,66.0,77.0,45.0,35.3896103896104,0.681818181818182,,0.584415584415584,355,25.32,
,2024040921.0,66.0,74.0,50.0,68.1216216216216,0.757575757575758,,0.675675675675676,347,27.24,
,2024041112.0,66.0,68.0,54.0,119.705882352941,0.818181818181818,,0.794117647058824,449,47.65,
,2024041710.0,66.0,74.0,50.0,94.7837837837838,0.757575757575758,,0.675675675675676,469,32.38,
,2024042619.0,66.0,73.0,51.0,78.3835616438356,0.772727272727273,,0.698630136986301,461,41.86,
,2024050117.0,66.0,76.0,49.0,87.8289473684211,0.742424242424242,,0.644736842105263,365,50.21,
,2024050122.0,66.0,70.0,47.0,75.1571428571429,0.712121212121212,,0.671428571428571,467,61.42,
,2024050219.0,66.0,73.0,44.0,61.1095890410959,0.666666666666667,,0.602739726027397,407,22.36,
,2024050221.0,66.0,70.0,49.0,76.1571428571429,0.742424242424242,,0.7,368,67.96,
,2024050322.0,66.0,72.0,44.0,72.0694444444444,0.666666666666667,,0.611111111111111,309,57.67,
,2024040815.0,65.0,70.0,30.0,51.4428571428571,0.461538461538462,,0.428571428571429,305,24.91,
,2024041322.0,65.0,78.0,35.0,37.3205128205128,0.538461538461538,,0.448717948717949,317,72.41,
,2024041612.0,65.0,77.0,41.0,39.0519480519481,0.630769230769231,,0.532467532467532,302,75.25,
,2024041619.0,65.0,76.0,36.0,40.078947368421105,0.553846153846154,,0.473684210526316,318,23.66,
,2024041800.0,65.0,87.0,41.0,96.5977011494253,0.630769230769231,,0.471264367816092,412,36.61,
,2024041817.0,65.0,75.0,39.0,48.5733333333333,0.6,,0.52,282,68.37,
,2024041912.0,65.0,82.0,41.0,45.70731707317071,0.630769230769231,,0.5,325,64.9,
,2024042314.0,65.0,82.0,39.0,61.9634146341463,0.6,,0.475609756097561,377,31.07,
,2024042511.0,65.0,76.0,49.0,54.0,0.753846153846154,,0.644736842105263,323,32.56,
,2024043020.0,65.0,79.0,44.0,66.2025316455696,0.676923076923077,,0.556962025316456,405,42.23,
,2024050117.0,65.0,81.0,34.0,16.8765432098765,0.523076923076923,,0.419753086419753,287,49.07,
,2024040912.0,65.0,67.0,46.0,77.8059701492537,0.707692307692308,,0.686567164179105,279,57.1,
,2024040913.0,65.0,78.0,45.0,97.4358974358974,0.692307692307692,,0.576923076923077,302,42.13,
,2024040922.0,65.0,81.0,50.0,66.5308641975309,0.769230769230769,,0.617283950617284,363,47.75,
,2024041310.0,65.0,72.0,49.0,55.6527777777778,0.753846153846154,,0.680555555555556,348,64.85,
,2024041719.0,65.0,77.0,46.0,42.2597402597403,0.707692307692308,,0.597402597402597,267,22.2,
,2024041921.0,65.0,74.0,46.0,45.472972972973,0.707692307692308,,0.621621621621622,304,35.15,
,2024042316.0,65.0,75.0,46.0,47.9466666666667,0.707692307692308,,0.613333333333333,279,62.8,
,2024042419.0,65.0,76.0,48.0,53.3815789473684,0.738461538461539,,0.631578947368421,390,73.71,
,2024042420.0,65.0,72.0,40.0,43.2222222222222,0.615384615384615,,0.555555555555556,279,50.7,
,2024042918.0,65.0,73.0,44.0,39.3287671232877,0.676923076923077,,0.602739726027397,322,51.93,
,2024042920.0,65.0,78.0,47.0,54.33333333333329,0.723076923076923,,0.602564102564103,327,26.43,
,2024043019.0,65.0,79.0,47.0,39.7088607594937,0.723076923076923,,0.594936708860759,321,46.84,
,2024050122.0,65.0,79.0,49.0,65.6835443037975,0.753846153846154,,0.620253164556962,348,51.96,
,2024040600.0,65.0,108.0,46.0,19.8611111111111,0.707692307692308,,0.425925925925926,421,34.55,
,2024040615.0,65.0,78.0,41.0,74.974358974359,0.630769230769231,,0.525641025641026,393,36.15,
,2024041001.0,65.0,95.0,43.0,59.1157894736842,0.661538461538462,,0.452631578947368,411,42.64,
,2024042422.0,65.0,82.0,47.0,49.2439024390244,0.723076923076923,,0.573170731707317,424,21.2,
,2024041117.0,65.0,75.0,50.0,54.6266666666667,0.769230769230769,,0.666666666666667,433,39.32,
,2024042211.0,65.0,73.0,52.0,75.5753424657534,0.8,,0.712328767123288,376,32.69,
,2024043011.0,65.0,74.0,55.0,81.1351351351351,0.846153846153846,,0.743243243243243,463,39.65,
,2024050222.0,65.0,78.0,45.0,61.6410256410256,0.692307692307692,,0.576923076923077,419,27.19,
,2024041218.0,64.0,86.0,31.0,34.9883720930233,0.484375,,0.36046511627907,291,73.43,
,2024042220.0,64.0,88.0,35.0,37.4431818181818,0.546875,,0.397727272727273,346,55.62,
,2024042311.0,64.0,75.0,45.0,32.7333333333333,0.703125,,0.6,309,60.75,
,2024042318.0,64.0,76.0,37.0,67.4605263157895,0.578125,,0.486842105263158,341,67.35,
,2024042521.0,64.0,82.0,28.0,29.6829268292683,0.4375,,0.341463414634146,322,49.91,
,2024042621.0,64.0,74.0,43.0,57.3918918918919,0.671875,,0.581081081081081,338,25.22,
,2024042819.0,64.0,85.0,40.0,58.2941176470588,0.625,,0.470588235294118,395,52.23,
,2024050220.0,64.0,79.0,24.0,28.493670886076,0.375,,0.30379746835443,315,55.21,
,2024050316.0,64.0,77.0,30.0,23.0779220779221,0.46875,,0.38961038961039,337,64.73,
,2024040816.0,64.0,70.0,45.0,102.9,0.703125,,0.642857142857143,323,45.9,
,2024040920.0,64.0,78.0,45.0,32.1666666666667,0.703125,,0.576923076923077,280,27.65,
,2024041118.0,64.0,72.0,39.0,49.70833333333329,0.609375,,0.541666666666667,313,37.03,
,2024041119.0,64.0,69.0,41.0,74.9565217391304,0.640625,,0.594202898550725,321,41.78,
,2024041122.0,64.0,76.0,45.0,42.4473684210526,0.703125,,0.592105263157895,284,58.76,
,2024041613.0,64.0,76.0,37.0,27.8289473684211,0.578125,,0.486842105263158,297,54.25,
,2024041915.0,64.0,77.0,42.0,36.6753246753247,0.65625,,0.545454545454545,310,41.37,
,2024042215.0,64.0,75.0,41.0,45.1866666666667,0.640625,,0.546666666666667,261,79.19,
,2024050214.0,64.0,76.0,44.0,62.7105263157895,0.6875,,0.578947368421053,320,56.35,
,2024050314.0,64.0,74.0,47.0,45.8243243243243,0.734375,,0.635135135135135,364,34.23,
,2024041020.0,64.0,81.0,47.0,37.160493827160494,0.734375,,0.580246913580247,383,26.11,
,2024042016.0,64.0,71.0,53.0,47.0,0.828125,,0.746478873239437,367,29.17,
,2024042116.0,64.0,82.0,42.0,39.8536585365854,0.65625,,0.51219512195122,329,34.76,
,2024042814.0,64.0,78.0,44.0,67.2692307692308,0.6875,,0.564102564102564,377,29.64,
,2024041014.0,64.0,72.0,46.0,63.20833333333329,0.71875,,0.638888888888889,375,31.19,
,2024041718.0,64.0,76.0,52.0,56.4078947368421,0.8125,,0.68421052631579,368,37.11,
,2024041817.0,64.0,67.0,45.0,120.820895522388,0.703125,,0.671641791044776,423,30.4,
,2024042423.0,64.0,76.0,45.0,74.4868421052632,0.703125,,0.592105263157895,367,73.81,
,2024043012.0,64.0,71.0,46.0,114.521126760563,0.71875,,0.647887323943662,414,24.81,
,2024043021.0,64.0,70.0,46.0,78.3428571428571,0.71875,,0.657142857142857,398,51.47,
,2024050110.0,64.0,71.0,50.0,75.6056338028169,0.78125,,0.704225352112676,427,44.62,
,2024050118.0,64.0,69.0,55.0,128.840579710145,0.859375,,0.797101449275362,480,78.94,
,2024040811.0,63.0,77.0,36.0,43.012987012987,0.571428571428571,,0.467532467532468,333,26.72,
,2024041421.0,63.0,75.0,29.0,46.4266666666667,0.46031746031746,,0.386666666666667,418,43.87,
,2024041518.0,63.0,74.0,32.0,53.3648648648649,0.507936507936508,,0.432432432432432,269,78.17,
,2024041519.0,63.0,72.0,31.0,43.7777777777778,0.492063492063492,,0.430555555555556,335,71.93,
,2024041813.0,63.0,77.0,40.0,48.974025974026,0.634920634920635,,0.519480519480519,385,69.02,
,2024041916.0,63.0,78.0,43.0,54.9358974358974,0.682539682539683,,0.551282051282051,367,35.47,
,2024042514.0,63.0,76.0,39.0,64.8815789473684,0.619047619047619,,0.513157894736842,381,30.25,
,2024042523.0,63.0,70.0,34.0,44.1285714285714,0.53968253968254,,0.485714285714286,319,60.12,
,2024043011.0,63.0,73.0,32.0,59.9452054794521,0.507936507936508,,0.438356164383562,382,75.76,
,2024050119.0,63.0,81.0,32.0,21.6666666666667,0.507936507936508,,0.395061728395062,320,53.41,
,2024050219.0,63.0,84.0,41.0,59.2976190476191,0.650793650793651,,0.488095238095238,392,54.3,
,2024040921.0,63.0,80.0,41.0,39.1375,0.650793650793651,,0.5125,288,36.8,
,2024041016.0,63.0,71.0,42.0,81.056338028169,0.666666666666667,,0.591549295774648,305,66.17,
,2024041510.0,63.0,75.0,45.0,70.6133333333333,0.714285714285714,,0.6,367,31.22,
,2024041617.0,63.0,71.0,38.0,40.436619718309906,0.603174603174603,,0.535211267605634,265,39.42,
,2024041621.0,63.0,72.0,45.0,31.1388888888889,0.714285714285714,,0.625,297,45.53,
,2024041813.0,63.0,73.0,41.0,47.2876712328767,0.650793650793651,,0.561643835616438,273,50.46,
,2024042213.0,63.0,72.0,42.0,50.58333333333329,0.666666666666667,,0.583333333333333,316,34.54,
,2024042219.0,63.0,74.0,39.0,36.7432432432432,0.619047619047619,,0.527027027027027,296,26.89,
,2024042411.0,63.0,70.0,40.0,74.5857142857143,0.634920634920635,,0.571428571428571,385,56.64,
,2024042519.0,63.0,68.0,35.0,61.9852941176471,0.555555555555556,,0.514705882352941,208,37.32,
,2024050119.0,63.0,70.0,36.0,47.9428571428571,0.571428571428571,,0.514285714285714,349,54.87,
,2024050312.0,63.0,74.0,52.0,59.8783783783784,0.825396825396825,,0.702702702702703,363,29.26,
,2024041022.0,63.0,78.0,44.0,38.1025641025641,0.698412698412698,,0.564102564102564,410,48.87,
,2024041310.0,63.0,82.0,50.0,64.7682926829268,0.793650793650794,,0.609756097560976,462,51.96,
,2024041315.0,63.0,87.0,45.0,45.1149425287356,0.714285714285714,,0.517241379310345,413,23.11,
,2024042011.0,63.0,80.0,51.0,67.525,0.80952380952381,,0.6375,472,40.2,
,2024042015.0,63.0,71.0,53.0,87.7887323943662,0.841269841269841,,0.746478873239437,398,28.06,
,2024042121.0,63.0,74.0,44.0,38.9324324324324,0.698412698412698,,0.594594594594595,379,23.8,
,2024040918.0,63.0,72.0,47.0,75.8472222222222,0.746031746031746,,0.652777777777778,378,79.4,
,2024041011.0,63.0,69.0,48.0,80.7101449275362,0.761904761904762,,0.695652173913044,480,39.34,
,2024041819.0,63.0,76.0,49.0,134.618421052632,0.777777777777778,,0.644736842105263,385,68.59,
,2024042412.0,63.0,75.0,51.0,72.6,0.80952380952381,,0.68,404,35.28,
,2024050111.0,63.0,68.0,53.0,127.029411764706,0.841269841269841,,0.779411764705882,492,60.89,
,2024050213.0,63.0,73.0,51.0,114.109589041096,0.80952380952381,,0.698630136986301,498,65.61,
,2024041514.0,62.0,77.0,38.0,41.9090909090909,0.612903225806452,,0.493506493506494,339,55.74,
,2024041611.0,62.0,79.0,37.0,53.7848101265823,0.596774193548387,,0.468354430379747,330,48.29,
,2024041710.0,62.0,72.0,34.0,37.04166666666671,0.548387096774194,,0.472222222222222,289,44.71,
,2024041713.0,62.0,80.0,39.0,38.3375,0.629032258064516,,0.4875,323,40.93,
,2024042320.0,62.0,71.0,32.0,40.85915492957751,0.516129032258065,,0.450704225352113,277,75.77,
,2024042616.0,62.0,69.0,39.0,59.7101449275362,0.629032258064516,,0.565217391304348,262,69.84,
,2024050317.0,62.0,77.0,32.0,93.2467532467532,0.516129032258065,,0.415584415584416,358,77.9,
,2024042214.0,62.0,73.0,35.0,18.3972602739726,0.564516129032258,,0.479452054794521,246,27.46,
,2024042312.0,62.0,71.0,40.0,46.5492957746479,0.645161290322581,,0.563380281690141,283,63.85,
,2024042512.0,62.0,81.0,43.0,61.283950617284,0.693548387096774,,0.530864197530864,397,76.3,
,2024050210.0,62.0,71.0,51.0,70.3239436619718,0.82258064516129,,0.71830985915493,331,30.87,
,2024040710.0,62.0,84.0,48.0,49.58333333333329,0.774193548387097,,0.571428571428571,414,23.99,
,2024040823.0,62.0,75.0,44.0,55.1733333333333,0.709677419354839,,0.586666666666667,396,64.47,
,2024040922.0,62.0,80.0,39.0,35.6625,0.629032258064516,,0.4875,407,54.47,
,2024041409.0,62.0,84.0,41.0,31.7142857142857,0.661290322580645,,0.488095238095238,372,70.51,
,2024041913.0,62.0,81.0,41.0,39.320987654321,0.661290322580645,,0.506172839506173,402,28.39,
,2024042014.0,62.0,72.0,52.0,73.6666666666667,0.838709677419355,,0.722222222222222,452,67.72,
,2024042808.0,62.0,71.0,46.0,48.0845070422535,0.741935483870968,,0.647887323943662,341,32.1,
,2024040810.0,62.0,66.0,54.0,131.060606060606,0.870967741935484,,0.818181818181818,462,29.82,
,2024041220.0,62.0,65.0,54.0,102.815384615385,0.870967741935484,,0.830769230769231,617,29.86,
,2024041519.0,62.0,68.0,50.0,106.455882352941,0.806451612903226,,0.735294117647059,443,68.87,
,2024041711.0,62.0,72.0,49.0,94.2638888888889,0.790322580645161,,0.680555555555556,384,59.91,
,2024042415.0,62.0,76.0,54.0,104.092105263158,0.870967741935484,,0.710526315789474,475,51.38,
,2024042511.0,62.0,72.0,49.0,81.9583333333333,0.790322580645161,,0.680555555555556,433,41.53,
,2024042915.0,62.0,66.0,45.0,92.4242424242424,0.725806451612903,,0.681818181818182,593,72.63,
,2024041013.0,61.0,69.0,32.0,46.1594202898551,0.524590163934426,,0.463768115942029,308,43.55,
,2024041212.0,61.0,78.0,33.0,22.7564102564103,0.540983606557377,,0.423076923076923,262,69.0,
,2024041221.0,61.0,77.0,27.0,41.064935064935106,0.442622950819672,,0.350649350649351,328,46.35,
,2024041517.0,61.0,80.0,39.0,48.4875,0.639344262295082,,0.4875,314,42.62,
,2024042222.0,61.0,77.0,40.0,56.2207792207792,0.655737704918033,,0.519480519480519,285,47.76,
,2024042912.0,61.0,74.0,40.0,91.0675675675676,0.655737704918033,,0.540540540540541,377,38.08,
,2024043018.0,61.0,72.0,32.0,42.7222222222222,0.524590163934426,,0.444444444444444,334,64.86,
,2024043019.0,61.0,74.0,32.0,22.7297297297297,0.524590163934426,,0.432432432432432,249,50.16,
,2024050123.0,61.0,81.0,33.0,37.7654320987654,0.540983606557377,,0.407407407407407,339,33.93,
,2024040819.0,61.0,67.0,40.0,27.7164179104478,0.655737704918033,,0.597014925373134,240,73.97,
,2024041220.0,61.0,74.0,43.0,48.9189189189189,0.704918032786885,,0.581081081081081,277,43.03,
,2024041320.0,61.0,70.0,33.0,47.88571428571431,0.540983606557377,,0.471428571428571,274,52.61,
,2024041423.0,61.0,69.0,34.0,45.5797101449275,0.557377049180328,,0.492753623188406,236,74.39,
,2024041513.0,61.0,72.0,43.0,71.7083333333333,0.704918032786885,,0.597222222222222,303,57.45,
,2024042618.0,61.0,66.0,40.0,60.9848484848485,0.655737704918033,,0.606060606060606,284,27.01,
,2024042714.0,61.0,69.0,36.0,33.4492753623188,0.59016393442623,,0.521739130434783,275,76.39,
,2024043020.0,61.0,73.0,46.0,48.5616438356164,0.754098360655738,,0.63013698630137,301,57.66,
,2024040609.0,61.0,79.0,45.0,48.8860759493671,0.737704918032787,,0.569620253164557,390,40.09,
,2024040701.0,61.0,84.0,47.0,61.226190476190496,0.770491803278689,,0.55952380952381,432,28.36,
,2024041701.0,61.0,95.0,35.0,45.9789473684211,0.573770491803279,,0.368421052631579,430,67.64,
,2024041901.0,61.0,83.0,37.0,37.0240963855422,0.60655737704918,,0.445783132530121,291,57.2,
,2024042118.0,61.0,70.0,48.0,41.5714285714286,0.786885245901639,,0.685714285714286,368,52.01,
,2024040612.0,61.0,67.0,49.0,93.6865671641791,0.80327868852459,,0.73134328358209,481,73.63,
,2024041121.0,61.0,69.0,42.0,82.1449275362319,0.688524590163934,,0.608695652173913,379,67.32,
,2024041122.0,61.0,69.0,42.0,91.1159420289855,0.688524590163934,,0.608695652173913,460,29.1,
,2024041822.0,61.0,68.0,44.0,62.3529411764706,0.721311475409836,,0.647058823529412,363,38.7,
,2024042317.0,61.0,70.0,45.0,53.6285714285714,0.737704918032787,,0.642857142857143,359,34.91,
,2024042413.0,61.0,65.0,43.0,43.6461538461538,0.704918032786885,,0.661538461538462,301,64.64,
,2024042918.0,61.0,64.0,48.0,100.046875,0.786885245901639,,0.75,389,22.01,
,2024050123.0,61.0,65.0,43.0,114.876923076923,0.704918032786885,,0.661538461538462,381,54.19,
,2024040600.0,60.0,66.0,40.0,97.5909090909091,0.666666666666667,,0.606060606060606,266,65.75,
,2024040715.0,60.0,73.0,35.0,52.5890410958904,0.583333333333333,,0.479452054794521,325,72.61,
,2024041318.0,60.0,76.0,31.0,23.9605263157895,0.516666666666667,,0.407894736842105,250,40.52,
,2024042214.0,60.0,77.0,39.0,51.298701298701296,0.65,,0.506493506493506,326,69.28,
,2024042617.0,60.0,74.0,33.0,33.9189189189189,0.55,,0.445945945945946,270,26.64,
,2024042823.0,60.0,66.0,36.0,92.7121212121212,0.6,,0.545454545454545,395,70.79,
,2024050215.0,60.0,71.0,31.0,42.6901408450704,0.516666666666667,,0.436619718309859,275,27.65,
,2024050221.0,60.0,74.0,34.0,51.3513513513514,0.566666666666667,,0.45945945945946,331,43.84,
,2024040720.0,60.0,64.0,42.0,49.171875,0.7,,0.65625,294,67.84,
,2024040918.0,60.0,65.0,38.0,25.4,0.633333333333333,,0.584615384615385,234,29.0,
,2024041019.0,60.0,69.0,41.0,35.0724637681159,0.683333333333333,,0.594202898550725,240,33.76,
,2024041216.0,60.0,69.0,37.0,37.304347826087,0.616666666666667,,0.536231884057971,254,63.34,
,2024041412.0,60.0,66.0,40.0,36.378787878787904,0.666666666666667,,0.606060606060606,279,63.2,
,2024041619.0,60.0,71.0,40.0,21.3943661971831,0.666666666666667,,0.563380281690141,247,58.47,
,2024041717.0,60.0,67.0,42.0,58.7761194029851,0.7,,0.626865671641791,231,61.64,
,2024041912.0,60.0,75.0,44.0,35.2533333333333,0.733333333333333,,0.586666666666667,248,52.56,
,2024041922.0,60.0,70.0,42.0,38.3285714285714,0.7,,0.6,312,35.11,
,2024042210.0,60.0,69.0,45.0,36.9855072463768,0.75,,0.652173913043478,320,40.74,
,2024043012.0,60.0,75.0,42.0,54.24,0.7,,0.56,348,30.9,
,2024050120.0,60.0,66.0,42.0,56.9848484848485,0.7,,0.636363636363636,259,74.51,
,2024050311.0,60.0,75.0,42.0,42.0533333333333,0.7,,0.56,295,55.0,
,2024040623.0,60.0,81.0,34.0,29.2222222222222,0.566666666666667,,0.419753086419753,306,44.05,
,2024040809.0,60.0,69.0,44.0,123.144927536232,0.733333333333333,,0.63768115942029,370,47.72,
,2024041109.0,60.0,79.0,39.0,48.4683544303798,0.65,,0.493670886075949,336,76.84,
,2024041223.0,60.0,68.0,40.0,61.1470588235294,0.666666666666667,,0.588235294117647,393,29.2,
,2024040820.0,60.0,70.0,42.0,51.61428571428569,0.7,,0.6,331,55.17,
,2024040922.0,60.0,72.0,46.0,89.1388888888889,0.766666666666667,,0.638888888888889,463,50.35,
,2024041621.0,60.0,72.0,44.0,88.75,0.733333333333333,,0.611111111111111,371,56.69,
,2024041716.0,60.0,65.0,51.0,72.6769230769231,0.85,,0.784615384615385,385,21.09,
,2024041811.0,60.0,68.0,50.0,74.3823529411765,0.833333333333333,,0.735294117647059,497,72.33,
,2024042212.0,60.0,71.0,53.0,105.746478873239,0.883333333333333,,0.746478873239437,557,75.93,
,2024042313.0,60.0,69.0,47.0,88.536231884058,0.783333333333333,,0.681159420289855,384,53.91,
,2024042418.0,60.0,71.0,37.0,68.4225352112676,0.616666666666667,,0.52112676056338,339,61.8,
,2024042611.0,60.0,70.0,48.0,106.028571428571,0.8,,0.685714285714286,383,75.35,
,2024042720.0,60.0,67.0,45.0,67.6417910447761,0.75,,0.671641791044776,335,62.43,
,2024042922.0,60.0,68.0,46.0,85.0441176470588,0.766666666666667,,0.676470588235294,313,29.15,
,2024050318.0,60.0,67.0,48.0,110.0,0.8,,0.716417910447761,430,54.58,
,2024050319.0,60.0,67.0,41.0,140.671641791045,0.683333333333333,,0.611940298507463,428,56.4,
,2024040722.0,59.0,71.0,30.0,25.7746478873239,0.508474576271186,,0.422535211267606,287,45.45,
,2024040812.0,59.0,78.0,35.0,26.6538461538462,0.593220338983051,,0.448717948717949,308,64.19,
,2024040918.0,59.0,67.0,30.0,31.089552238806,0.508474576271186,,0.447761194029851,262,76.06,
,2024041010.0,59.0,71.0,30.0,47.5211267605634,0.508474576271186,,0.422535211267606,325,75.53,
,2024041213.0,59.0,69.0,26.0,33.6086956521739,0.440677966101695,,0.376811594202899,301,47.05,
,2024041323.0,59.0,65.0,32.0,88.8,0.542372881355932,,0.492307692307692,313,26.79,
,2024041516.0,59.0,77.0,31.0,29.5714285714286,0.525423728813559,,0.402597402597403,285,79.09,
,2024041520.0,59.0,86.0,31.0,66.8720930232558,0.525423728813559,,0.36046511627907,352,70.33,
,2024041910.0,59.0,68.0,32.0,46.6323529411765,0.542372881355932,,0.470588235294118,286,27.48,
,2024042122.0,59.0,75.0,35.0,54.84,0.593220338983051,,0.466666666666667,315,75.25,
,2024042416.0,59.0,69.0,36.0,95.4492753623188,0.610169491525424,,0.521739130434783,288,72.19,
,2024042620.0,59.0,70.0,36.0,51.0571428571429,0.610169491525424,,0.514285714285714,360,51.13,
,2024042820.0,59.0,71.0,39.0,47.7746478873239,0.661016949152542,,0.549295774647887,285,55.48,
,2024042822.0,59.0,76.0,27.0,43.3947368421053,0.457627118644068,,0.355263157894737,308,43.94,
,2024043010.0,59.0,73.0,37.0,33.7260273972603,0.627118644067797,,0.506849315068493,298,23.29,
,2024043017.0,59.0,68.0,28.0,38.9411764705882,0.474576271186441,,0.411764705882353,365,40.11,
,2024050300.0,59.0,70.0,28.0,20.9428571428571,0.474576271186441,,0.4,302,68.17,
,2024050319.0,59.0,77.0,28.0,40.5974025974026,0.474576271186441,,0.363636363636364,364,20.28,
,2024041018.0,59.0,68.0,32.0,42.6617647058824,0.542372881355932,,0.470588235294118,259,40.01,
,2024041421.0,59.0,71.0,35.0,50.0,0.593220338983051,,0.492957746478873,306,43.89,
,2024041917.0,59.0,68.0,40.0,75.7352941176471,0.677966101694915,,0.588235294117647,255,52.24,
,2024041918.0,59.0,68.0,45.0,37.2352941176471,0.76271186440678,,0.661764705882353,276,75.19,
,2024042322.0,59.0,74.0,47.0,45.8108108108108,0.796610169491525,,0.635135135135135,299,40.78,
,2024042423.0,59.0,71.0,44.0,24.5211267605634,0.745762711864407,,0.619718309859155,262,40.82,
,2024042517.0,59.0,67.0,46.0,43.985074626865696,0.779661016949153,,0.686567164179105,279,64.25,
,2024042921.0,59.0,78.0,35.0,39.1025641025641,0.593220338983051,,0.448717948717949,284,47.13,
,2024050216.0,59.0,67.0,39.0,51.4626865671642,0.661016949152542,,0.582089552238806,249,33.48,
,2024050220.0,59.0,69.0,40.0,34.3478260869565,0.677966101694915,,0.579710144927536,334,47.15,
,2024041617.0,59.0,83.0,39.0,36.903614457831296,0.661016949152542,,0.469879518072289,358,28.45,
,2024041707.0,59.0,77.0,36.0,41.2727272727273,0.610169491525424,,0.467532467532468,332,30.58,
,2024042001.0,59.0,78.0,47.0,48.9102564102564,0.796610169491525,,0.602564102564103,428,49.9,
,2024040814.0,59.0,66.0,47.0,55.66666666666671,0.796610169491525,,0.712121212121212,382,45.14,
,2024041215.0,59.0,67.0,38.0,129.179104477612,0.644067796610169,,0.567164179104478,331,74.89,
,2024041713.0,59.0,72.0,39.0,84.875,0.661016949152542,,0.541666666666667,375,41.74,
,2024042011.0,59.0,72.0,45.0,95.2083333333333,0.76271186440678,,0.625,447,54.84,
,2024042215.0,59.0,65.0,42.0,76.3846153846154,0.711864406779661,,0.646153846153846,300,57.94,
,2024042315.0,59.0,69.0,52.0,90.7246376811594,0.88135593220339,,0.753623188405797,408,20.79,
,2024042320.0,59.0,65.0,47.0,102.261538461538,0.796610169491525,,0.723076923076923,493,59.81,
,2024042514.0,59.0,66.0,39.0,95.7121212121212,0.661016949152542,,0.590909090909091,336,30.68,
,2024042712.0,59.0,64.0,53.0,78.734375,0.898305084745763,,0.828125,419,77.66,
,2024042822.0,59.0,67.0,47.0,102.014925373134,0.796610169491525,,0.701492537313433,487,28.92,
,2024042912.0,59.0,66.0,48.0,100.590909090909,0.813559322033898,,0.727272727272727,369,44.88,
,2024043013.0,59.0,63.0,43.0,124.888888888889,0.728813559322034,,0.682539682539683,367,25.12,
,2024040823.0,58.0,66.0,28.0,49.83333333333329,0.482758620689655,,0.424242424242424,280,79.81,
,2024041418.0,58.0,69.0,32.0,43.2608695652174,0.551724137931035,,0.463768115942029,241,50.13,
,2024041812.0,58.0,71.0,37.0,62.3802816901409,0.637931034482759,,0.52112676056338,371,55.72,
,2024041814.0,58.0,73.0,30.0,69.6301369863014,0.517241379310345,,0.410958904109589,309,24.02,
,2024041911.0,58.0,77.0,29.0,23.5194805194805,0.5,,0.376623376623377,272,65.0,
,2024041915.0,58.0,71.0,40.0,53.9154929577465,0.689655172413793,,0.563380281690141,276,32.59,
,2024042516.0,58.0,74.0,34.0,55.4864864864865,0.586206896551724,,0.45945945945946,334,73.88,
,2024042612.0,58.0,76.0,43.0,83.0789473684211,0.741379310344828,,0.565789473684211,304,32.31,
,2024042914.0,58.0,81.0,37.0,53.8024691358025,0.637931034482759,,0.45679012345679,330,31.44,
,2024042917.0,58.0,77.0,34.0,52.1818181818182,0.586206896551724,,0.441558441558442,338,22.19,
,2024042920.0,58.0,73.0,40.0,41.8904109589041,0.689655172413793,,0.547945205479452,313,48.32,
,2024043013.0,58.0,69.0,34.0,35.8840579710145,0.586206896551724,,0.492753623188406,272,53.89,
,2024050212.0,58.0,70.0,33.0,66.3285714285714,0.568965517241379,,0.471428571428571,273,23.94,
,2024040821.0,58.0,72.0,45.0,37.86111111111111,0.775862068965517,,0.625,290,66.53,
,2024041011.0,58.0,68.0,44.0,51.6470588235294,0.758620689655172,,0.647058823529412,244,47.2,
,2024041809.0,58.0,63.0,36.0,41.7619047619048,0.620689655172414,,0.571428571428571,278,51.46,
,2024042216.0,58.0,68.0,39.0,55.2941176470588,0.672413793103448,,0.573529411764706,297,46.45,
,2024042310.0,58.0,62.0,42.0,47.0,0.724137931034483,,0.67741935483871,279,44.05,
,2024042513.0,58.0,67.0,36.0,46.6716417910448,0.620689655172414,,0.537313432835821,303,53.58,
,2024042523.0,58.0,67.0,36.0,23.9402985074627,0.620689655172414,,0.537313432835821,233,29.31,
,2024042612.0,58.0,64.0,44.0,50.953125,0.758620689655172,,0.6875,226,30.92,
,2024042613.0,58.0,76.0,41.0,51.4605263157895,0.706896551724138,,0.539473684210526,339,71.71,
,2024042919.0,58.0,64.0,39.0,34.984375,0.672413793103448,,0.609375,242,76.77,
,2024043013.0,58.0,66.0,40.0,53.9545454545455,0.689655172413793,,0.606060606060606,253,42.4,
,2024041101.0,58.0,86.0,40.0,62.3372093023256,0.689655172413793,,0.465116279069767,413,36.24,
,2024041112.0,58.0,73.0,40.0,58.1095890410959,0.689655172413793,,0.547945205479452,440,58.64,
,2024041311.0,58.0,75.0,47.0,49.5466666666667,0.810344827586207,,0.626666666666667,378,44.52,
,2024041608.0,58.0,82.0,44.0,36.4146341463415,0.758620689655172,,0.536585365853659,418,21.52,
,2024042009.0,58.0,75.0,37.0,31.4666666666667,0.637931034482759,,0.493333333333333,356,29.37,
,2024042801.0,58.0,93.0,34.0,11.4193548387097,0.586206896551724,,0.365591397849462,329,62.96,
,2024040815.0,58.0,64.0,34.0,101.015625,0.586206896551724,,0.53125,322,59.54,
,2024040821.0,58.0,65.0,40.0,84.7846153846154,0.689655172413793,,0.615384615384615,327,21.63,
,2024041020.0,58.0,64.0,50.0,101.859375,0.862068965517241,,0.78125,451,33.32,
,2024041021.0,58.0,64.0,45.0,91.78125,0.775862068965517,,0.703125,427,33.86,
,2024042210.0,58.0,66.0,45.0,71.6969696969697,0.775862068965517,,0.681818181818182,346,60.31,
,2024042311.0,58.0,67.0,49.0,96.4179104477612,0.844827586206897,,0.73134328358209,486,21.18,
,2024042316.0,58.0,76.0,39.0,39.4868421052632,0.672413793103448,,0.513157894736842,367,26.25,
,2024042319.0,58.0,66.0,47.0,107.80303030303,0.810344827586207,,0.712121212121212,528,67.99,
,2024042518.0,58.0,63.0,45.0,127.174603174603,0.775862068965517,,0.714285714285714,462,30.71,
,2024050217.0,58.0,65.0,38.0,93.6153846153846,0.655172413793103,,0.584615384615385,343,59.16,
,2024050317.0,58.0,64.0,39.0,92.390625,0.672413793103448,,0.609375,368,34.29,
,2024040718.0,57.0,64.0,27.0,37.015625,0.473684210526316,,0.421875,290,25.97,
,2024040720.0,57.0,71.0,32.0,38.5070422535211,0.56140350877193,,0.450704225352113,294,34.59,
,2024040810.0,57.0,70.0,31.0,57.5285714285714,0.543859649122807,,0.442857142857143,294,63.34,
,2024040818.0,57.0,72.0,30.0,48.3055555555556,0.526315789473684,,0.416666666666667,282,71.34,
,2024040822.0,57.0,69.0,30.0,48.768115942029,0.526315789473684,,0.434782608695652,325,69.81,
,2024040921.0,57.0,72.0,34.0,42.875,0.596491228070175,,0.472222222222222,244,43.83,
,2024041018.0,57.0,72.0,29.0,80.2083333333333,0.508771929824561,,0.402777777777778,319,60.09,
,2024041122.0,57.0,66.0,40.0,44.878787878787904,0.701754385964912,,0.606060606060606,225,32.3,
,2024041200.0,57.0,73.0,27.0,44.8630136986301,0.473684210526316,,0.36986301369863,223,37.59,
,2024041512.0,57.0,70.0,30.0,26.7428571428571,0.526315789473684,,0.428571428571429,259,73.78,
,2024041610.0,57.0,67.0,35.0,45.044776119403,0.614035087719298,,0.522388059701493,280,20.78,
,2024041914.0,57.0,78.0,33.0,65.025641025641,0.578947368421053,,0.423076923076923,308,25.13,
,2024042013.0,57.0,65.0,39.0,78.7846153846154,0.68421052631579,,0.6,311,32.47,
,2024042613.0,57.0,69.0,41.0,51.536231884058,0.719298245614035,,0.594202898550725,294,21.59,
,2024043000.0,57.0,69.0,30.0,38.1884057971015,0.526315789473684,,0.434782608695652,281,30.89,
,2024050313.0,57.0,64.0,30.0,17.84375,0.526315789473684,,0.46875,265,54.98,
,2024050323.0,57.0,67.0,32.0,44.1194029850746,0.56140350877193,,0.477611940298507,313,45.29,
,2024040718.0,57.0,70.0,37.0,28.1714285714286,0.649122807017544,,0.528571428571429,250,73.56,
,2024040813.0,57.0,65.0,35.0,60.3076923076923,0.614035087719298,,0.538461538461538,290,69.05,
,2024041215.0,57.0,65.0,35.0,38.0615384615385,0.614035087719298,,0.538461538461538,208,40.51,
,2024041418.0,57.0,62.0,40.0,31.5483870967742,0.701754385964912,,0.645161290322581,235,35.57,
,2024041517.0,57.0,68.0,40.0,61.1764705882353,0.701754385964912,,0.588235294117647,321,42.78,
,2024041521.0,57.0,71.0,32.0,39.5070422535211,0.56140350877193,,0.450704225352113,253,55.42,
,2024041914.0,57.0,72.0,34.0,39.51388888888889,0.596491228070175,,0.472222222222222,261,36.08,
,2024042217.0,57.0,65.0,36.0,64.5538461538462,0.631578947368421,,0.553846153846154,314,57.45,
,2024042221.0,57.0,68.0,37.0,65.9411764705882,0.649122807017544,,0.544117647058824,314,44.56,
,2024042509.0,57.0,68.0,39.0,53.2352941176471,0.68421052631579,,0.573529411764706,254,53.12,
,2024050217.0,57.0,63.0,34.0,30.3492063492063,0.596491228070175,,0.53968253968254,236,46.17,
,2024050218.0,57.0,62.0,37.0,40.48387096774191,0.649122807017544,,0.596774193548387,290,37.67,
,2024040900.0,57.0,85.0,43.0,51.7411764705882,0.754385964912281,,0.505882352941176,433,76.91,
,2024042010.0,57.0,76.0,40.0,44.9342105263158,0.701754385964912,,0.526315789473684,312,65.82,
,2024042013.0,57.0,70.0,43.0,41.4142857142857,0.754385964912281,,0.614285714285714,313,28.41,
,2024042409.0,57.0,64.0,42.0,80.5,0.736842105263158,,0.65625,321,72.11,
,2024042701.0,57.0,72.0,43.0,28.3055555555556,0.754385964912281,,0.597222222222222,378,49.25,
,2024042710.0,57.0,70.0,44.0,78.0571428571429,0.771929824561404,,0.628571428571429,675,73.67,
,2024050209.0,57.0,76.0,38.0,68.7105263157895,0.666666666666667,,0.5,317,67.99,
,2024041018.0,57.0,66.0,43.0,113.681818181818,0.754385964912281,,0.651515151515152,372,45.51,
,2024041222.0,57.0,67.0,46.0,84.1194029850746,0.807017543859649,,0.686567164179105,490,21.35,
,2024041611.0,57.0,65.0,47.0,77.5384615384615,0.824561403508772,,0.723076923076923,418,36.12,
,2024041717.0,57.0,63.0,41.0,121.095238095238,0.719298245614035,,0.650793650793651,370,52.5,
,2024041914.0,57.0,65.0,36.0,78.2307692307692,0.631578947368421,,0.553846153846154,304,58.01,
,2024042421.0,57.0,65.0,46.0,74.2923076923077,0.807017543859649,,0.707692307692308,354,35.47,
,2024042520.0,57.0,64.0,38.0,83.609375,0.666666666666667,,0.59375,317,28.36,
,2024042913.0,57.0,66.0,43.0,78.1060606060606,0.754385964912281,,0.651515151515152,322,70.1,
,2024042914.0,57.0,62.0,49.0,116.241935483871,0.859649122807018,,0.790322580645161,346,79.06,
,2024043010.0,57.0,67.0,44.0,66.5820895522388,0.771929824561404,,0.656716417910448,330,51.54,
,2024043023.0,57.0,61.0,47.0,94.7540983606557,0.824561403508772,,0.770491803278689,364,30.3,
,2024040914.0,56.0,64.0,34.0,101.296875,0.607142857142857,,0.53125,238,36.34,
,2024041011.0,56.0,61.0,33.0,29.1803278688525,0.589285714285714,,0.540983606557377,228,21.1,
,2024041021.0,56.0,74.0,31.0,59.8648648648649,0.553571428571429,,0.418918918918919,270,74.86,
,2024041121.0,56.0,72.0,35.0,44.76388888888889,0.625,,0.486111111111111,226,27.07,
,2024041209.0,56.0,62.0,25.0,31.9838709677419,0.446428571428571,,0.403225806451613,227,54.59,
,2024041219.0,56.0,71.0,26.0,23.2535211267606,0.464285714285714,,0.366197183098592,212,36.44,
,2024041321.0,56.0,71.0,44.0,41.436619718309906,0.785714285714286,,0.619718309859155,350,53.25,
,2024041921.0,56.0,68.0,34.0,89.4117647058824,0.607142857142857,,0.5,278,59.09,
,2024042317.0,56.0,65.0,37.0,47.0769230769231,0.660714285714286,,0.569230769230769,340,69.78,
,2024042918.0,56.0,64.0,34.0,86.421875,0.607142857142857,,0.53125,306,32.39,
,2024040915.0,56.0,65.0,47.0,32.9230769230769,0.839285714285714,,0.723076923076923,270,20.66,
,2024041010.0,56.0,66.0,36.0,55.7575757575758,0.642857142857143,,0.545454545454545,283,28.21,
,2024041210.0,56.0,66.0,38.0,30.8181818181818,0.678571428571429,,0.575757575757576,251,74.0,
,2024041316.0,56.0,65.0,42.0,40.4615384615385,0.75,,0.646153846153846,275,72.43,
,2024041319.0,56.0,62.0,38.0,32.758064516129,0.678571428571429,,0.612903225806452,240,55.84,
,2024041322.0,56.0,60.0,33.0,53.3666666666667,0.589285714285714,,0.55,367,56.03,
,2024041511.0,56.0,64.0,36.0,56.96875,0.642857142857143,,0.5625,338,59.9,
,2024042120.0,56.0,60.0,38.0,40.08333333333329,0.678571428571429,,0.633333333333333,224,30.52,
,2024042418.0,56.0,63.0,43.0,53.1746031746032,0.767857142857143,,0.682539682539683,300,74.86,
,2024042522.0,56.0,61.0,36.0,44.5409836065574,0.642857142857143,,0.59016393442623,294,45.13,
,2024042611.0,56.0,61.0,44.0,105.622950819672,0.785714285714286,,0.721311475409836,273,42.99,
,2024042614.0,56.0,68.0,36.0,64.1176470588235,0.642857142857143,,0.529411764705882,302,51.14,
,2024042619.0,56.0,62.0,44.0,68.6129032258065,0.785714285714286,,0.709677419354839,433,22.82,
,2024050215.0,56.0,64.0,39.0,63.84375,0.696428571428571,,0.609375,258,29.98,
,2024040617.0,56.0,67.0,34.0,47.2537313432836,0.607142857142857,,0.507462686567164,319,64.28,
,2024040901.0,56.0,76.0,40.0,54.1447368421053,0.714285714285714,,0.526315789473684,437,24.97,
,2024041703.0,56.0,71.0,33.0,40.1267605633803,0.589285714285714,,0.464788732394366,320,56.19,
,2024042408.0,56.0,70.0,28.0,51.7714285714286,0.5,,0.4,338,34.72,
,2024042708.0,56.0,64.0,40.0,42.90625,0.714285714285714,,0.625,326,43.36,
,2024042815.0,56.0,70.0,33.0,62.2,0.589285714285714,,0.471428571428571,387,37.32,
,2024040823.0,56.0,65.0,36.0,42.8615384615385,0.642857142857143,,0.553846153846154,299,41.34,
,2024041218.0,56.0,63.0,40.0,65.952380952381,0.714285714285714,,0.634920634920635,386,63.14,
,2024041221.0,56.0,69.0,35.0,38.6231884057971,0.625,,0.507246376811594,290,37.83,
,2024042010.0,56.0,69.0,48.0,79.3768115942029,0.857142857142857,,0.695652173913044,380,53.98,
,2024042510.0,56.0,63.0,43.0,98.0,0.767857142857143,,0.682539682539683,406,48.56,
,2024042621.0,56.0,63.0,42.0,2187.20634920635,0.75,,0.666666666666667,373,59.82,
,2024040719.0,55.0,65.0,39.0,60.9692307692308,0.709090909090909,,0.6,284,76.21,
,2024040816.0,55.0,65.0,35.0,53.5846153846154,0.636363636363636,,0.538461538461538,239,63.95,
,2024041012.0,55.0,70.0,31.0,43.3285714285714,0.563636363636364,,0.442857142857143,324,32.9,
,2024041420.0,55.0,65.0,28.0,40.7538461538462,0.509090909090909,,0.430769230769231,256,21.87,
,2024041423.0,55.0,62.0,29.0,27.0322580645161,0.527272727272727,,0.467741935483871,242,35.74,
,2024041614.0,55.0,67.0,45.0,67.3134328358209,0.818181818181818,,0.671641791044776,350,55.7,
,2024041709.0,55.0,65.0,26.0,69.1538461538462,0.472727272727273,,0.4,238,23.09,
,2024041810.0,55.0,76.0,32.0,45.6184210526316,0.581818181818182,,0.421052631578947,310,49.78,
,2024042121.0,55.0,60.0,33.0,55.45,0.6,,0.55,282,55.81,
,2024042310.0,55.0,69.0,38.0,52.0289855072464,0.690909090909091,,0.550724637681159,325,40.05,
,2024042414.0,55.0,64.0,35.0,35.265625,0.636363636363636,,0.546875,267,66.25,
,2024042619.0,55.0,66.0,34.0,34.469696969697,0.618181818181818,,0.515151515151515,308,26.4,
,2024043014.0,55.0,66.0,30.0,67.0757575757576,0.545454545454545,,0.454545454545455,299,24.51,
,2024043023.0,55.0,68.0,23.0,21.9264705882353,0.418181818181818,,0.338235294117647,260,63.69,
,2024050321.0,55.0,67.0,37.0,61.05970149253729,0.672727272727273,,0.552238805970149,431,49.73,
,2024040810.0,55.0,67.0,46.0,54.5671641791045,0.836363636363636,,0.686567164179105,271,61.3,
,2024041311.0,55.0,65.0,38.0,64.0,0.690909090909091,,0.584615384615385,315,46.09,
,2024041413.0,55.0,63.0,39.0,57.8571428571429,0.709090909090909,,0.619047619047619,313,34.78,
,2024041713.0,55.0,62.0,35.0,25.5967741935484,0.636363636363636,,0.564516129032258,229,69.15,
,2024042014.0,55.0,65.0,35.0,27.9076923076923,0.636363636363636,,0.538461538461538,245,67.96,
,2024042222.0,55.0,71.0,39.0,29.8028169014085,0.709090909090909,,0.549295774647887,265,61.68,
,2024042311.0,55.0,63.0,37.0,33.1746031746032,0.672727272727273,,0.587301587301587,283,36.33,
,2024042313.0,55.0,62.0,33.0,42.6129032258065,0.6,,0.532258064516129,200,55.41,
,2024042422.0,55.0,62.0,38.0,83.4516129032258,0.690909090909091,,0.612903225806452,364,41.66,
,2024042922.0,55.0,66.0,37.0,73.030303030303,0.672727272727273,,0.560606060606061,324,25.49,
,2024050114.0,55.0,57.0,44.0,41.719298245614,0.8,,0.771929824561404,259,75.04,
,2024040616.0,55.0,68.0,48.0,63.2352941176471,0.872727272727273,,0.705882352941177,390,28.21,
,2024040817.0,55.0,81.0,34.0,33.9259259259259,0.618181818181818,,0.419753086419753,312,77.01,
,2024041313.0,55.0,67.0,41.0,66.9701492537314,0.745454545454546,,0.611940298507463,339,46.76,
,2024041403.0,55.0,73.0,33.0,46.0547945205479,0.6,,0.452054794520548,306,31.11,
,2024041407.0,55.0,72.0,35.0,28.5277777777778,0.636363636363636,,0.486111111111111,323,52.51,
,2024041801.0,55.0,79.0,40.0,44.620253164557,0.727272727272727,,0.506329113924051,393,72.38,
,2024041809.0,55.0,67.0,43.0,40.6567164179104,0.781818181818182,,0.641791044776119,292,63.93,
,2024042115.0,55.0,69.0,33.0,36.1739130434783,0.6,,0.478260869565217,316,68.39,
,2024042123.0,55.0,69.0,39.0,44.1739130434783,0.709090909090909,,0.565217391304348,406,59.53,
,2024042908.0,55.0,64.0,37.0,35.015625,0.672727272727273,,0.578125,326,61.54,
,2024040920.0,55.0,66.0,42.0,66.0454545454546,0.763636363636364,,0.636363636363636,359,70.95,
,2024041015.0,55.0,68.0,43.0,54.1911764705882,0.781818181818182,,0.632352941176471,378,34.98,
,2024041019.0,55.0,62.0,46.0,117.693548387097,0.836363636363636,,0.741935483870968,377,49.37,
,2024041312.0,55.0,61.0,44.0,98.8032786885246,0.8,,0.721311475409836,537,33.27,
,2024041510.0,55.0,60.0,47.0,87.1,0.854545454545455,,0.783333333333333,383,79.26,
,2024041513.0,55.0,64.0,45.0,112.9375,0.818181818181818,,0.703125,316,76.64,
,2024041619.0,55.0,62.0,46.0,124.983870967742,0.836363636363636,,0.741935483870968,403,22.37,
,2024041823.0,55.0,62.0,40.0,63.8225806451613,0.727272727272727,,0.645161290322581,321,62.33,
,2024042322.0,55.0,61.0,44.0,77.9344262295082,0.8,,0.721311475409836,367,75.51,
,2024042916.0,55.0,60.0,43.0,89.5666666666667,0.781818181818182,,0.716666666666667,391,30.83,
,2024042919.0,55.0,64.0,44.0,50.65625,0.8,,0.6875,290,54.08,
,2024043018.0,55.0,62.0,41.0,28.1451612903226,0.745454545454546,,0.661290322580645,261,74.93,
,2024050115.0,55.0,60.0,48.0,62.7,0.872727272727273,,0.8,318,22.04,
,2024050309.0,55.0,59.0,38.0,43.1016949152542,0.690909090909091,,0.644067796610169,286,61.85,
,2024050316.0,55.0,59.0,42.0,107.474576271186,0.763636363636364,,0.711864406779661,305,37.84,
,2024040717.0,54.0,68.0,26.0,30.2058823529412,0.481481481481481,,0.382352941176471,282,75.46,
,2024040723.0,54.0,64.0,28.0,56.546875,0.518518518518519,,0.4375,253,78.26,
,2024041417.0,54.0,67.0,27.0,45.9253731343284,0.5,,0.402985074626866,278,76.66,
,2024041815.0,54.0,64.0,36.0,68.46875,0.666666666666667,,0.5625,291,48.45,
,2024041917.0,54.0,67.0,30.0,27.910447761194,0.555555555555556,,0.447761194029851,239,71.72,
,2024042020.0,54.0,60.0,28.0,42.4666666666667,0.518518518518519,,0.466666666666667,265,70.67,
,2024042212.0,54.0,66.0,36.0,40.7424242424242,0.666666666666667,,0.545454545454545,247,39.15,
,2024042415.0,54.0,65.0,35.0,50.1692307692308,0.648148148148148,,0.538461538461538,351,69.73,
,2024042421.0,54.0,68.0,35.0,46.6470588235294,0.648148148148148,,0.514705882352941,326,22.22,
,2024042618.0,54.0,66.0,38.0,70.0151515151515,0.703703703703704,,0.575757575757576,289,55.78,
,2024042910.0,54.0,63.0,30.0,46.6031746031746,0.555555555555556,,0.476190476190476,293,33.8,
,2024050213.0,54.0,68.0,26.0,73.6176470588235,0.481481481481481,,0.382352941176471,318,27.23,
,2024040822.0,54.0,66.0,39.0,69.8787878787879,0.722222222222222,,0.590909090909091,299,24.62,
,2024041114.0,54.0,71.0,38.0,48.2112676056338,0.703703703703704,,0.535211267605634,305,61.78,
,2024041211.0,54.0,62.0,37.0,50.51612903225809,0.685185185185185,,0.596774193548387,245,40.39,
,2024041317.0,54.0,67.0,36.0,40.955223880597,0.666666666666667,,0.537313432835821,258,63.49,
,2024041318.0,54.0,64.0,35.0,44.546875,0.648148148148148,,0.546875,248,23.92,
,2024041612.0,54.0,64.0,32.0,43.171875,0.592592592592593,,0.5,251,38.92,
,2024042413.0,54.0,65.0,40.0,51.0923076923077,0.740740740740741,,0.615384615384615,315,52.37,
,2024042421.0,54.0,57.0,36.0,35.6315789473684,0.666666666666667,,0.631578947368421,244,67.44,
,2024042615.0,54.0,58.0,38.0,194.48275862069,0.703703703703704,,0.655172413793103,234,39.13,
,2024042621.0,54.0,58.0,34.0,39.4655172413793,0.62962962962963,,0.586206896551724,241,57.55,
,2024050116.0,54.0,62.0,29.0,42.1290322580645,0.537037037037037,,0.467741935483871,275,73.16,
,2024050213.0,54.0,67.0,43.0,39.134328358209,0.796296296296296,,0.641791044776119,260,56.95,
,2024041023.0,54.0,70.0,30.0,54.1285714285714,0.555555555555556,,0.428571428571429,336,33.98,
,2024042119.0,54.0,67.0,42.0,54.7164179104478,0.777777777777778,,0.626865671641791,361,21.46,
,2024042120.0,54.0,62.0,36.0,47.5322580645161,0.666666666666667,,0.580645161290323,295,72.21,
,2024042722.0,54.0,69.0,35.0,27.5507246376812,0.648148148148148,,0.507246376811594,284,21.28,
,2024050303.0,54.0,64.0,42.0,67.90625,0.777777777777778,,0.65625,358,72.48,
,2024040721.0,54.0,59.0,39.0,76.3050847457627,0.722222222222222,,0.661016949152542,316,51.74,
,2024040914.0,54.0,57.0,43.0,172.578947368421,0.796296296296296,,0.754385964912281,425,76.34,
,2024041211.0,54.0,61.0,37.0,69.655737704918,0.685185185185185,,0.60655737704918,334,67.93,
,2024041721.0,54.0,68.0,43.0,87.4411764705882,0.796296296296296,,0.632352941176471,396,79.88,
,2024042219.0,54.0,65.0,43.0,112.446153846154,0.796296296296296,,0.661538461538462,356,41.04,
,2024042911.0,54.0,63.0,43.0,94.9365079365079,0.796296296296296,,0.682539682539683,376,66.03,
,2024040611.0,53.0,63.0,36.0,41.285714285714306,0.679245283018868,,0.571428571428571,299,44.12,
,2024040813.0,53.0,63.0,34.0,38.8253968253968,0.641509433962264,,0.53968253968254,259,48.79,
,2024041017.0,53.0,64.0,29.0,86.546875,0.547169811320755,,0.453125,314,57.65,
,2024041208.0,53.0,64.0,28.0,44.25,0.528301886792453,,0.4375,266,72.42,
,2024041300.0,53.0,68.0,28.0,37.3088235294118,0.528301886792453,,0.411764705882353,283,79.05,
,2024041311.0,53.0,63.0,34.0,60.3492063492064,0.641509433962264,,0.53968253968254,303,66.1,
,2024041316.0,53.0,67.0,29.0,26.5373134328358,0.547169811320755,,0.432835820895522,227,45.07,
,2024041400.0,53.0,73.0,36.0,30.1917808219178,0.679245283018868,,0.493150684931507,281,45.28,
,2024041511.0,53.0,64.0,28.0,44.0625,0.528301886792453,,0.4375,348,64.25,
,2024041615.0,53.0,68.0,38.0,31.0,0.716981132075472,,0.558823529411765,298,34.33,
,2024041909.0,53.0,66.0,28.0,20.4393939393939,0.528301886792453,,0.424242424242424,244,26.63,
,2024042219.0,53.0,64.0,29.0,39.4375,0.547169811320755,,0.453125,267,41.28,
,2024042610.0,53.0,68.0,38.0,68.1470588235294,0.716981132075472,,0.558823529411765,310,37.23,
,2024050216.0,53.0,65.0,34.0,39.6307692307692,0.641509433962264,,0.523076923076923,262,37.78,
,2024041013.0,53.0,69.0,36.0,56.231884057971,0.679245283018868,,0.521739130434783,329,34.02,
,2024041014.0,53.0,63.0,38.0,30.0,0.716981132075472,,0.603174603174603,216,22.53,
,2024041021.0,53.0,59.0,36.0,47.6779661016949,0.679245283018868,,0.610169491525424,269,21.07,
,2024041112.0,53.0,59.0,34.0,71.8305084745763,0.641509433962264,,0.576271186440678,218,79.26,
,2024041219.0,53.0,65.0,41.0,49.5384615384615,0.773584905660377,,0.630769230769231,239,45.67,
,2024041221.0,53.0,63.0,35.0,37.2380952380952,0.660377358490566,,0.555555555555556,217,43.06,
,2024041314.0,53.0,59.0,40.0,57.5423728813559,0.754716981132076,,0.677966101694915,295,60.78,
,2024041610.0,53.0,64.0,39.0,74.796875,0.735849056603774,,0.609375,327,33.1,
,2024041901.0,53.0,70.0,37.0,26.1142857142857,0.69811320754717,,0.528571428571429,240,77.0,
,2024042710.0,53.0,57.0,33.0,33.2982456140351,0.622641509433962,,0.578947368421053,239,67.18,
,2024041002.0,53.0,75.0,35.0,67.4,0.660377358490566,,0.466666666666667,329,25.36,
,2024041622.0,53.0,60.0,38.0,60.3666666666667,0.716981132075472,,0.633333333333333,331,45.05,
,2024041723.0,53.0,59.0,41.0,63.5762711864407,0.773584905660377,,0.694915254237288,445,72.75,
,2024041908.0,53.0,67.0,30.0,35.3880597014925,0.566037735849057,,0.447761194029851,280,76.68,
,2024042209.0,53.0,74.0,36.0,50.4459459459459,0.679245283018868,,0.486486486486487,371,48.04,
,2024040723.0,53.0,61.0,40.0,71.4262295081967,0.754716981132076,,0.655737704918033,309,56.8,
,2024040812.0,53.0,66.0,38.0,123.772727272727,0.716981132075472,,0.575757575757576,302,30.02,
,2024040912.0,53.0,61.0,40.0,93.4590163934426,0.754716981132076,,0.655737704918033,371,79.47,
,2024041210.0,53.0,67.0,44.0,68.3582089552239,0.830188679245283,,0.656716417910448,411,33.9,
,2024041511.0,53.0,60.0,43.0,100.55,0.811320754716981,,0.716666666666667,312,76.56,
,2024041515.0,53.0,59.0,43.0,297.203389830508,0.811320754716981,,0.728813559322034,360,58.98,
,2024042020.0,53.0,61.0,37.0,103.737704918033,0.69811320754717,,0.60655737704918,364,56.46,
,2024042021.0,53.0,57.0,42.0,106.105263157895,0.792452830188679,,0.736842105263158,457,50.76,
,2024042422.0,53.0,66.0,38.0,95.1363636363636,0.716981132075472,,0.575757575757576,322,33.84,
,2024042516.0,53.0,59.0,42.0,114.779661016949,0.792452830188679,,0.711864406779661,368,30.59,
,2024042722.0,53.0,58.0,42.0,81.6551724137931,0.792452830188679,,0.724137931034483,343,33.23,
,2024042821.0,53.0,61.0,41.0,81.0983606557377,0.773584905660377,,0.672131147540984,373,31.19,
,2024043019.0,53.0,63.0,45.0,51.031746031746,0.849056603773585,,0.714285714285714,334,66.78,
,2024040621.0,52.0,63.0,32.0,72.5079365079365,0.615384615384615,,0.507936507936508,339,41.01,
,2024040917.0,52.0,58.0,27.0,52.1034482758621,0.519230769230769,,0.46551724137931,227,23.47,
,2024040922.0,52.0,62.0,33.0,70.6612903225806,0.634615384615385,,0.532258064516129,264,78.15,
,2024041216.0,52.0,67.0,32.0,40.0,0.615384615384615,,0.477611940298507,283,73.03,
,2024041320.0,52.0,57.0,29.0,56.6315789473684,0.557692307692308,,0.508771929824561,278,75.67,
,2024041522.0,52.0,68.0,31.0,43.470588235294095,0.596153846153846,,0.455882352941176,275,79.69,
,2024041613.0,52.0,56.0,28.0,34.375,0.538461538461538,,0.5,209,30.43,
,2024041913.0,52.0,68.0,33.0,21.0588235294118,0.634615384615385,,0.485294117647059,248,43.77,
,2024042218.0,52.0,64.0,31.0,38.359375,0.596153846153846,,0.484375,306,65.49,
,2024042422.0,52.0,68.0,25.0,46.6029411764706,0.480769230769231,,0.367647058823529,234,61.76,
,2024042611.0,52.0,67.0,32.0,31.7761194029851,0.615384615384615,,0.477611940298507,258,29.23,
,2024050320.0,52.0,68.0,26.0,45.1911764705882,0.5,,0.382352941176471,284,68.95,
,2024040611.0,52.0,64.0,44.0,41.515625,0.846153846153846,,0.6875,253,33.47,
,2024040809.0,52.0,63.0,33.0,33.5873015873016,0.634615384615385,,0.523809523809524,232,33.43,
,2024041020.0,52.0,70.0,34.0,65.3571428571429,0.653846153846154,,0.485714285714286,267,52.22,
,2024041218.0,52.0,63.0,33.0,30.9365079365079,0.634615384615385,,0.523809523809524,258,55.58,
,2024041417.0,52.0,64.0,42.0,55.109375,0.807692307692308,,0.65625,253,54.81,
,2024042320.0,52.0,63.0,39.0,23.4126984126984,0.75,,0.619047619047619,216,25.49,
,2024042412.0,52.0,57.0,38.0,49.8771929824561,0.730769230769231,,0.666666666666667,259,72.65,
,2024042820.0,52.0,62.0,37.0,53.8870967741936,0.711538461538462,,0.596774193548387,291,35.94,
,2024042916.0,52.0,58.0,38.0,34.3448275862069,0.730769230769231,,0.655172413793103,217,27.77,
,2024043010.0,52.0,59.0,31.0,38.0508474576271,0.596153846153846,,0.525423728813559,241,73.32,
,2024050310.0,52.0,57.0,39.0,52.4385964912281,0.75,,0.68421052631579,267,77.34,
,2024041502.0,52.0,58.0,38.0,57.0344827586207,0.730769230769231,,0.655172413793103,307,71.73,
,2024041602.0,52.0,69.0,35.0,114.768115942029,0.673076923076923,,0.507246376811594,318,68.57,
,2024042202.0,52.0,61.0,31.0,43.6393442622951,0.596153846153846,,0.508196721311475,274,59.31,
,2024042308.0,52.0,59.0,34.0,53.864406779661,0.653846153846154,,0.576271186440678,296,53.05,
,2024050101.0,52.0,78.0,36.0,50.474358974359,0.692307692307692,,0.461538461538462,316,25.22,
,2024050208.0,52.0,66.0,33.0,23.4848484848485,0.634615384615385,,0.5,269,44.51,
,2024050302.0,52.0,63.0,35.0,32.3174603174603,0.673076923076923,,0.555555555555556,305,42.36,
,2024040719.0,52.0,57.0,38.0,81.0350877192983,0.730769230769231,,0.666666666666667,343,35.59,
,2024040822.0,52.0,64.0,34.0,82.0,0.653846153846154,,0.53125,293,63.41,
,2024041013.0,52.0,60.0,39.0,97.6166666666667,0.75,,0.65,349,49.75,
,2024041114.0,52.0,61.0,36.0,74.1147540983607,0.692307692307692,,0.59016393442623,261,24.86,
,2024041212.0,52.0,60.0,44.0,69.1333333333333,0.846153846153846,,0.733333333333333,314,33.21,
,2024041216.0,52.0,63.0,42.0,80.5238095238095,0.807692307692308,,0.666666666666667,350,61.0,
,2024041815.0,52.0,60.0,35.0,64.5333333333333,0.673076923076923,,0.583333333333333,315,24.57,
,2024041820.0,52.0,61.0,31.0,39.5245901639344,0.596153846153846,,0.508196721311475,267,71.07,
,2024041916.0,52.0,57.0,44.0,92.0526315789474,0.846153846153846,,0.771929824561404,291,49.71,
,2024042221.0,52.0,62.0,40.0,115.661290322581,0.769230769230769,,0.645161290322581,457,48.84,
,2024042222.0,52.0,65.0,40.0,79.5846153846154,0.769230769230769,,0.615384615384615,392,55.54,
,2024042314.0,52.0,62.0,42.0,259.064516129032,0.807692307692308,,0.67741935483871,350,69.48,
,2024042318.0,52.0,61.0,44.0,131.918032786885,0.846153846153846,,0.721311475409836,436,40.87,
,2024042411.0,52.0,57.0,47.0,122.456140350877,0.903846153846154,,0.824561403508772,387,60.68,
,2024042523.0,52.0,60.0,39.0,63.0,0.75,,0.65,357,53.94,
,2024042610.0,52.0,59.0,48.0,70.9661016949153,0.923076923076923,,0.813559322033898,334,36.02,
,2024042820.0,52.0,59.0,43.0,98.5762711864407,0.826923076923077,,0.728813559322034,373,72.72,
,2024042910.0,52.0,61.0,39.0,99.016393442623,0.75,,0.639344262295082,352,67.85,
,2024050207.0,52.0,58.0,37.0,100.810344827586,0.711538461538462,,0.637931034482759,244,59.51,
,2024041015.0,51.0,62.0,29.0,26.4193548387097,0.568627450980392,,0.467741935483871,232,71.03,
,2024041023.0,51.0,61.0,22.0,45.0983606557377,0.431372549019608,,0.360655737704918,245,72.04,
,2024041113.0,51.0,69.0,30.0,67.5797101449275,0.588235294117647,,0.434782608695652,279,62.5,
,2024041114.0,51.0,56.0,22.0,66.125,0.431372549019608,,0.392857142857143,279,70.22,
,2024041117.0,51.0,59.0,28.0,68.9152542372881,0.549019607843137,,0.474576271186441,334,61.85,
,2024041220.0,51.0,65.0,32.0,49.2,0.627450980392157,,0.492307692307692,278,60.81,
,2024041319.0,51.0,71.0,31.0,35.3380281690141,0.607843137254902,,0.436619718309859,262,57.12,
,2024041809.0,51.0,55.0,28.0,35.8,0.549019607843137,,0.509090909090909,234,65.16,
,2024041922.0,51.0,66.0,30.0,50.803030303030305,0.588235294117647,,0.454545454545455,269,29.52,
,2024042012.0,51.0,67.0,27.0,60.044776119403,0.529411764705882,,0.402985074626866,294,72.85,
,2024042119.0,51.0,62.0,24.0,43.9193548387097,0.470588235294118,,0.387096774193548,221,72.31,
,2024042315.0,51.0,60.0,32.0,45.2166666666667,0.627450980392157,,0.533333333333333,259,21.75,
,2024042420.0,51.0,61.0,33.0,63.3934426229508,0.647058823529412,,0.540983606557377,310,69.55,
,2024042600.0,51.0,64.0,38.0,58.46875,0.745098039215686,,0.59375,309,27.73,
,2024042913.0,51.0,65.0,32.0,50.6,0.627450980392157,,0.492307692307692,310,40.11,
,2024050114.0,51.0,62.0,28.0,46.6129032258065,0.549019607843137,,0.451612903225806,242,64.61,
,2024050312.0,51.0,63.0,29.0,13.1746031746032,0.568627450980392,,0.46031746031746,220,29.65,
,2024040614.0,51.0,56.0,40.0,78.4107142857143,0.784313725490196,,0.714285714285714,246,69.08,
,2024040817.0,51.0,55.0,40.0,27.3818181818182,0.784313725490196,,0.727272727272727,235,69.93,
,2024040917.0,51.0,59.0,35.0,28.8305084745763,0.686274509803922,,0.593220338983051,255,50.45,
,2024041315.0,51.0,60.0,35.0,46.58333333333329,0.686274509803922,,0.583333333333333,260,20.38,
,2024041321.0,51.0,60.0,28.0,32.9666666666667,0.549019607843137,,0.466666666666667,206,37.22,
,2024041508.0,51.0,61.0,33.0,25.7540983606557,0.647058823529412,,0.540983606557377,232,57.02,
,2024041909.0,51.0,60.0,36.0,68.7333333333333,0.705882352941177,,0.6,243,78.87,
,2024042121.0,51.0,57.0,30.0,39.0701754385965,0.588235294117647,,0.526315789473684,197,57.91,
,2024042122.0,51.0,65.0,40.0,44.6769230769231,0.784313725490196,,0.615384615384615,262,35.59,
,2024042318.0,51.0,62.0,33.0,44.3225806451613,0.647058823529412,,0.532258064516129,275,58.04,
,2024042516.0,51.0,58.0,37.0,46.9137931034483,0.725490196078431,,0.637931034482759,254,52.4,
,2024042911.0,51.0,61.0,38.0,48.2295081967213,0.745098039215686,,0.622950819672131,284,66.79,
,2024040909.0,51.0,67.0,37.0,55.910447761194,0.725490196078431,,0.552238805970149,343,26.42,
,2024041309.0,51.0,73.0,39.0,39.5616438356164,0.764705882352941,,0.534246575342466,294,65.66,
,2024041802.0,51.0,68.0,35.0,58.4411764705882,0.686274509803922,,0.514705882352941,288,52.48,
,2024040712.0,51.0,58.0,43.0,63.3965517241379,0.843137254901961,,0.741379310344828,377,77.78,
,2024040720.0,51.0,66.0,42.0,103.954545454545,0.823529411764706,,0.636363636363636,348,40.51,
,2024040811.0,51.0,60.0,44.0,87.7,0.862745098039216,,0.733333333333333,349,57.96,
,2024040818.0,51.0,56.0,39.0,61.0714285714286,0.764705882352941,,0.696428571428571,326,75.92,
,2024041113.0,51.0,57.0,42.0,71.5438596491228,0.823529411764706,,0.736842105263158,324,26.15,
,2024041119.0,51.0,58.0,39.0,71.2068965517241,0.764705882352941,,0.672413793103448,498,76.23,
,2024041618.0,51.0,62.0,37.0,52.6129032258065,0.725490196078431,,0.596774193548387,298,61.27,
,2024041719.0,51.0,62.0,37.0,51.7258064516129,0.725490196078431,,0.596774193548387,256,24.07,
,2024041816.0,51.0,64.0,40.0,93.59375,0.784313725490196,,0.625,381,38.06,
,2024041913.0,51.0,59.0,44.0,62.1016949152542,0.862745098039216,,0.745762711864407,297,62.49,
,2024042217.0,51.0,62.0,40.0,63.258064516129,0.784313725490196,,0.645161290322581,339,24.04,
,2024042416.0,51.0,58.0,43.0,87.8103448275862,0.843137254901961,,0.741379310344828,372,54.93,
,2024042617.0,51.0,61.0,42.0,77.1639344262295,0.823529411764706,,0.688524590163934,358,40.75,
,2024042711.0,51.0,60.0,46.0,103.55,0.901960784313726,,0.766666666666667,405,57.25,
,2024040721.0,50.0,67.0,21.0,33.9850746268657,0.42,,0.313432835820896,285,22.74,
,2024041000.0,50.0,74.0,24.0,40.7432432432432,0.48,,0.324324324324324,258,72.29,
,2024041022.0,50.0,56.0,32.0,42.910714285714306,0.64,,0.571428571428571,255,78.41,
,2024041116.0,50.0,56.0,22.0,69.6785714285714,0.44,,0.392857142857143,238,78.13,
,2024041222.0,50.0,61.0,32.0,20.2459016393443,0.64,,0.524590163934426,202,64.98,
,2024041312.0,50.0,63.0,34.0,46.015873015873,0.68,,0.53968253968254,310,27.81,
,2024041412.0,50.0,60.0,27.0,27.3666666666667,0.54,,0.45,219,65.5,
,2024041900.0,50.0,68.0,32.0,89.1617647058824,0.64,,0.470588235294118,251,21.48,
,2024042919.0,50.0,66.0,33.0,211.606060606061,0.66,,0.5,286,21.33,
,2024050214.0,50.0,63.0,27.0,127.714285714286,0.54,,0.428571428571429,310,39.42,
,2024040923.0,50.0,59.0,31.0,43.2372881355932,0.62,,0.525423728813559,228,49.32,
,2024041411.0,50.0,55.0,33.0,40.4909090909091,0.66,,0.6,214,66.22,
,2024041902.0,50.0,56.0,36.0,24.2142857142857,0.72,,0.642857142857143,217,61.0,
,2024042016.0,50.0,58.0,40.0,35.7413793103448,0.8,,0.689655172413793,249,46.75,
,2024042021.0,50.0,58.0,35.0,48.8103448275862,0.7,,0.603448275862069,328,36.42,
,2024042520.0,50.0,54.0,35.0,58.537037037037,0.7,,0.648148148148148,215,79.83,
,2024042720.0,50.0,58.0,36.0,40.8620689655172,0.72,,0.620689655172414,235,45.57,
,2024050319.0,50.0,61.0,30.0,22.5409836065574,0.6,,0.491803278688525,219,47.08,
,2024041406.0,50.0,61.0,32.0,16.2131147540984,0.64,,0.524590163934426,234,29.82,
,2024042323.0,50.0,55.0,32.0,79.8727272727273,0.64,,0.581818181818182,325,67.69,
,2024042608.0,50.0,65.0,33.0,35.0769230769231,0.66,,0.507692307692308,274,61.62,
,2024040611.0,50.0,55.0,39.0,63.2363636363636,0.78,,0.709090909090909,337,33.25,
,2024040813.0,50.0,55.0,40.0,88.1818181818182,0.8,,0.727272727272727,360,24.94,
,2024040817.0,50.0,55.0,37.0,158.181818181818,0.74,,0.672727272727273,289,60.83,
,2024041810.0,50.0,60.0,39.0,83.5333333333333,0.78,,0.65,362,59.27,
,2024041818.0,50.0,61.0,38.0,89.8360655737705,0.76,,0.622950819672131,340,36.4,
,2024042019.0,50.0,55.0,41.0,51.9818181818182,0.82,,0.745454545454546,345,77.05,
,2024042119.0,50.0,57.0,35.0,47.2631578947368,0.7,,0.614035087719298,281,29.06,
,2024042218.0,50.0,60.0,39.0,71.3333333333333,0.78,,0.65,332,45.94,
,2024042519.0,50.0,58.0,39.0,74.948275862069,0.78,,0.672413793103448,363,76.62,
,2024042522.0,50.0,59.0,42.0,60.0169491525424,0.84,,0.711864406779661,352,45.18,
,2024042714.0,50.0,55.0,37.0,94.6727272727273,0.74,,0.672727272727273,432,58.31,
,2024043009.0,50.0,58.0,35.0,64.8793103448276,0.7,,0.603448275862069,262,43.86,
,2024043020.0,50.0,60.0,41.0,44.0333333333333,0.82,,0.683333333333333,256,36.45,
,2024050315.0,50.0,57.0,40.0,111.719298245614,0.8,,0.701754385964912,321,79.04,
,2024040610.0,49.0,60.0,24.0,45.33333333333329,0.489795918367347,,0.4,306,44.56,
,2024041416.0,49.0,60.0,22.0,36.6166666666667,0.448979591836735,,0.366666666666667,246,73.65,
,2024041523.0,49.0,63.0,27.0,22.6190476190476,0.551020408163265,,0.428571428571429,196,33.8,
,2024041811.0,49.0,64.0,28.0,87.09375,0.571428571428571,,0.4375,254,32.79,
,2024043022.0,49.0,66.0,25.0,65.2878787878788,0.510204081632653,,0.378787878787879,284,21.87,
,2024050115.0,49.0,64.0,21.0,28.8125,0.428571428571429,,0.328125,258,59.1,
,2024050209.0,49.0,61.0,29.0,77.8032786885246,0.591836734693878,,0.475409836065574,281,42.11,
,2024050322.0,49.0,59.0,27.0,67.5254237288136,0.551020408163265,,0.457627118644068,241,71.86,
,2024040616.0,49.0,61.0,31.0,33.344262295082,0.63265306122449,,0.508196721311475,242,48.39,
,2024040911.0,49.0,53.0,38.0,44.4716981132075,0.775510204081633,,0.716981132075472,226,78.09,
,2024040916.0,49.0,54.0,37.0,64.4444444444444,0.755102040816327,,0.685185185185185,209,31.13,
,2024041115.0,49.0,57.0,33.0,31.8421052631579,0.673469387755102,,0.578947368421053,193,72.12,
,2024041217.0,49.0,58.0,35.0,65.2586206896552,0.714285714285714,,0.603448275862069,235,66.6,
,2024041416.0,49.0,54.0,38.0,43.462962962963,0.775510204081633,,0.703703703703704,274,66.26,
,2024041523.0,49.0,59.0,32.0,29.9152542372881,0.653061224489796,,0.542372881355932,200,70.69,
,2024041700.0,49.0,60.0,37.0,56.8,0.755102040816327,,0.616666666666667,246,65.66,
,2024042309.0,49.0,58.0,34.0,36.6724137931034,0.693877551020408,,0.586206896551724,265,57.57,
,2024042521.0,49.0,64.0,31.0,42.6875,0.63265306122449,,0.484375,227,27.87,
,2024042910.0,49.0,60.0,31.0,33.6833333333333,0.63265306122449,,0.516666666666667,242,21.95,
,2024043022.0,49.0,59.0,33.0,57.135593220339,0.673469387755102,,0.559322033898305,245,75.25,
,2024050118.0,49.0,54.0,34.0,66.1666666666667,0.693877551020408,,0.62962962962963,258,57.0,
,2024050313.0,49.0,54.0,30.0,38.9814814814815,0.612244897959184,,0.555555555555556,216,67.79,
,2024040923.0,49.0,65.0,34.0,85.9538461538462,0.693877551020408,,0.523076923076923,377,48.89,
,2024041008.0,49.0,74.0,33.0,28.027027027027,0.673469387755102,,0.445945945945946,291,27.04,
,2024041021.0,49.0,69.0,33.0,64.0434782608696,0.673469387755102,,0.478260869565217,304,27.51,
,2024041601.0,49.0,74.0,32.0,43.5540540540541,0.653061224489796,,0.432432432432432,310,61.13,
,2024041702.0,49.0,69.0,31.0,70.0289855072464,0.63265306122449,,0.449275362318841,378,45.82,
,2024041706.0,49.0,69.0,28.0,24.5217391304348,0.571428571428571,,0.405797101449275,268,32.03,
,2024041808.0,49.0,63.0,35.0,29.3015873015873,0.714285714285714,,0.555555555555556,300,49.5,
,2024043008.0,49.0,56.0,34.0,36.5714285714286,0.693877551020408,,0.607142857142857,295,23.85,
,2024040622.0,49.0,54.0,37.0,115.62962962963,0.755102040816327,,0.685185185185185,433,54.92,
,2024040716.0,49.0,55.0,40.0,63.8909090909091,0.816326530612245,,0.727272727272727,279,36.14,
,2024040819.0,49.0,56.0,41.0,61.3571428571429,0.836734693877551,,0.732142857142857,327,67.85,
,2024041111.0,49.0,58.0,42.0,144.793103448276,0.857142857142857,,0.724137931034483,365,38.62,
,2024041115.0,49.0,57.0,32.0,49.6842105263158,0.653061224489796,,0.56140350877193,315,47.31,
,2024041217.0,49.0,55.0,39.0,79.7090909090909,0.795918367346939,,0.709090909090909,274,20.7,
,2024041322.0,49.0,60.0,37.0,57.5666666666667,0.755102040816327,,0.616666666666667,304,24.35,
,2024041612.0,49.0,59.0,40.0,104.966101694915,0.816326530612245,,0.677966101694915,330,43.55,
,2024041616.0,49.0,58.0,40.0,87.2586206896552,0.816326530612245,,0.689655172413793,401,48.8,
,2024041714.0,49.0,55.0,38.0,107.345454545455,0.775510204081633,,0.690909090909091,345,56.0,
,2024042220.0,49.0,58.0,40.0,98.9310344827586,0.816326530612245,,0.689655172413793,339,37.5,
,2024042417.0,49.0,57.0,38.0,136.877192982456,0.775510204081633,,0.666666666666667,393,61.7,
,2024042500.0,49.0,61.0,40.0,44.4918032786885,0.816326530612245,,0.655737704918033,326,71.61,
,2024042513.0,49.0,55.0,39.0,55.0,0.795918367346939,,0.709090909090909,306,66.79,
,2024042517.0,49.0,59.0,35.0,90.5084745762712,0.714285714285714,,0.593220338983051,323,22.38,
,2024042612.0,49.0,53.0,39.0,104.169811320755,0.795918367346939,,0.735849056603774,325,48.83,
,2024042622.0,49.0,55.0,36.0,84.6181818181818,0.73469387755102,,0.654545454545455,352,26.3,
,2024042917.0,49.0,58.0,38.0,53.3965517241379,0.775510204081633,,0.655172413793103,254,34.52,
,2024040817.0,48.0,60.0,25.0,54.4666666666667,0.520833333333333,,0.416666666666667,294,79.2,
,2024040915.0,48.0,60.0,31.0,47.4833333333333,0.645833333333333,,0.516666666666667,251,28.55,
,2024040916.0,48.0,62.0,35.0,37.741935483871,0.729166666666667,,0.564516129032258,270,49.93,
,2024041217.0,48.0,61.0,31.0,37.0,0.645833333333333,,0.508196721311475,237,57.09,
,2024041415.0,48.0,58.0,34.0,42.3620689655172,0.708333333333333,,0.586206896551724,296,62.15,
,2024041510.0,48.0,63.0,29.0,33.7460317460318,0.604166666666667,,0.46031746031746,244,53.58,
,2024042019.0,48.0,60.0,27.0,15.8,0.5625,,0.45,201,20.59,
,2024042309.0,48.0,60.0,29.0,41.7,0.604166666666667,,0.483333333333333,254,39.59,
,2024042700.0,48.0,58.0,36.0,64.7413793103448,0.75,,0.620689655172414,276,51.06,
,2024042911.0,48.0,59.0,32.0,41.864406779661,0.666666666666667,,0.542372881355932,214,25.27,
,2024042915.0,48.0,57.0,26.0,52.33333333333329,0.541666666666667,,0.456140350877193,216,41.04,
,2024041312.0,48.0,59.0,29.0,37.440677966101696,0.604166666666667,,0.491525423728814,236,21.99,
,2024041419.0,48.0,59.0,31.0,41.5254237288136,0.645833333333333,,0.525423728813559,203,24.71,
,2024041422.0,48.0,60.0,33.0,20.9666666666667,0.6875,,0.55,214,43.82,
,2024041509.0,48.0,57.0,28.0,30.8070175438597,0.583333333333333,,0.491228070175439,247,27.96,
,2024042010.0,48.0,55.0,33.0,42.2,0.6875,,0.6,231,54.05,
,2024042018.0,48.0,53.0,28.0,56.9433962264151,0.583333333333333,,0.528301886792453,225,61.37,
,2024042722.0,48.0,57.0,35.0,34.7719298245614,0.729166666666667,,0.614035087719298,235,68.04,
,2024042822.0,48.0,59.0,24.0,35.6101694915254,0.5,,0.406779661016949,196,32.01,
,2024043023.0,48.0,54.0,30.0,71.537037037037,0.625,,0.555555555555556,258,30.05,
,2024040707.0,48.0,60.0,33.0,35.0333333333333,0.6875,,0.55,281,26.27,
,2024041018.0,48.0,75.0,42.0,139.4,0.875,,0.56,414,58.19,
,2024041206.0,48.0,62.0,30.0,57.435483870967694,0.625,,0.483870967741936,342,62.39,
,2024041508.0,48.0,62.0,33.0,20.758064516129,0.6875,,0.532258064516129,270,21.9,
,2024042208.0,48.0,63.0,30.0,25.984126984127,0.625,,0.476190476190476,275,76.17,
,2024050102.0,48.0,65.0,28.0,21.2153846153846,0.583333333333333,,0.430769230769231,237,23.12,
,2024050201.0,48.0,61.0,36.0,31.9672131147541,0.75,,0.59016393442623,270,52.48,
,2024050307.0,48.0,61.0,34.0,19.2459016393443,0.708333333333333,,0.557377049180328,282,62.54,
,2024040711.0,48.0,50.0,38.0,109.16,0.791666666666667,,0.76,332,72.26,
,2024040911.0,48.0,63.0,38.0,53.8253968253968,0.791666666666667,,0.603174603174603,308,62.85,
,2024041110.0,48.0,55.0,41.0,89.1818181818182,0.854166666666667,,0.745454545454546,283,68.1,
,2024041219.0,48.0,52.0,41.0,147.942307692308,0.854166666666667,,0.788461538461538,515,40.37,
,2024041313.0,48.0,55.0,39.0,120.236363636364,0.8125,,0.709090909090909,370,68.89,
,2024041614.0,48.0,58.0,37.0,82.4655172413793,0.770833333333333,,0.637931034482759,291,24.81,
,2024041921.0,48.0,54.0,41.0,71.1296296296296,0.854166666666667,,0.759259259259259,281,73.69,
,2024042015.0,48.0,59.0,35.0,87.7627118644068,0.729166666666667,,0.593220338983051,361,52.86,
,2024042122.0,48.0,54.0,31.0,148.685185185185,0.645833333333333,,0.574074074074074,261,69.04,
,2024042216.0,48.0,53.0,31.0,100.452830188679,0.645833333333333,,0.584905660377359,276,47.14,
,2024042613.0,48.0,54.0,36.0,86.462962962963,0.75,,0.666666666666667,287,58.61,
,2024042623.0,48.0,55.0,35.0,119.654545454545,0.729166666666667,,0.636363636363636,390,51.58,
,2024042716.0,48.0,55.0,35.0,85.9454545454546,0.729166666666667,,0.636363636363636,346,63.9,
,2024042817.0,48.0,54.0,40.0,142.092592592593,0.833333333333333,,0.740740740740741,304,24.9,
,2024040612.0,47.0,53.0,27.0,58.9811320754717,0.574468085106383,,0.509433962264151,256,23.62,
,2024040619.0,47.0,57.0,24.0,16.5087719298246,0.51063829787234,,0.421052631578947,242,34.83,
,2024041014.0,47.0,57.0,27.0,40.0526315789474,0.574468085106383,,0.473684210526316,215,29.57,
,2024041409.0,47.0,57.0,22.0,22.8070175438597,0.468085106382979,,0.385964912280702,217,72.31,
,2024042000.0,47.0,60.0,31.0,52.5166666666667,0.659574468085106,,0.516666666666667,284,33.15,
,2024042110.0,47.0,54.0,33.0,60.83333333333329,0.702127659574468,,0.611111111111111,261,78.55,
,2024042223.0,47.0,61.0,24.0,26.4426229508197,0.51063829787234,,0.39344262295082,189,40.21,
,2024042513.0,47.0,56.0,25.0,54.125,0.531914893617021,,0.446428571428571,220,30.93,
,2024042615.0,47.0,64.0,35.0,51.75,0.74468085106383,,0.546875,246,67.38,
,2024042717.0,47.0,52.0,22.0,27.0384615384615,0.468085106382979,,0.423076923076923,198,59.52,
,2024040600.0,47.0,56.0,41.0,62.6428571428571,0.872340425531915,,0.732142857142857,238,49.89,
,2024040721.0,47.0,59.0,32.0,43.4576271186441,0.680851063829787,,0.542372881355932,238,53.32,
,2024041022.0,47.0,57.0,37.0,56.0701754385965,0.787234042553192,,0.649122807017544,371,63.15,
,2024041023.0,47.0,53.0,33.0,38.377358490566,0.702127659574468,,0.622641509433962,278,33.71,
,2024041111.0,47.0,55.0,28.0,23.1636363636364,0.595744680851064,,0.509090909090909,188,79.78,
,2024042022.0,47.0,55.0,35.0,75.4,0.74468085106383,,0.636363636363636,240,78.49,
,2024042617.0,47.0,54.0,33.0,77.537037037037,0.702127659574468,,0.611111111111111,229,59.02,
,2024042818.0,47.0,57.0,37.0,34.9122807017544,0.787234042553192,,0.649122807017544,233,31.97,
,2024042819.0,47.0,54.0,35.0,48.9814814814815,0.74468085106383,,0.648148148148148,242,60.81,
,2024042917.0,47.0,55.0,32.0,34.1090909090909,0.680851063829787,,0.581818181818182,208,24.33,
,2024050315.0,47.0,51.0,34.0,67.078431372549,0.723404255319149,,0.666666666666667,205,21.84,
,2024041204.0,47.0,58.0,26.0,23.6551724137931,0.553191489361702,,0.448275862068966,235,35.46,
,2024042100.0,47.0,63.0,36.0,55.11111111111111,0.765957446808511,,0.571428571428571,364,47.76,
,2024042609.0,47.0,58.0,36.0,48.7758620689655,0.765957446808511,,0.620689655172414,317,72.1,
,2024040613.0,47.0,52.0,42.0,97.5192307692308,0.893617021276596,,0.807692307692308,278,63.63,
,2024040913.0,47.0,54.0,41.0,89.8148148148148,0.872340425531915,,0.759259259259259,366,64.56,
,2024041016.0,47.0,53.0,34.0,82.9622641509434,0.723404255319149,,0.641509433962264,316,45.53,
,2024041017.0,47.0,56.0,30.0,106.607142857143,0.638297872340426,,0.535714285714286,301,40.76,
,2024041520.0,47.0,54.0,37.0,165.685185185185,0.787234042553192,,0.685185185185185,300,42.26,
,2024041620.0,47.0,55.0,36.0,78.0181818181818,0.765957446808511,,0.654545454545455,366,79.26,
,2024041722.0,47.0,59.0,40.0,65.0,0.851063829787234,,0.677966101694915,384,22.41,
,2024042012.0,47.0,58.0,38.0,53.8793103448276,0.808510638297872,,0.655172413793103,271,72.02,
,2024042016.0,47.0,52.0,43.0,161.519230769231,0.914893617021277,,0.826923076923077,391,54.72,
,2024042120.0,47.0,55.0,33.0,85.8545454545455,0.702127659574468,,0.6,301,46.32,
,2024042214.0,47.0,54.0,37.0,99.2962962962963,0.787234042553192,,0.685185185185185,291,63.52,
,2024042309.0,47.0,62.0,38.0,54.01612903225809,0.808510638297872,,0.612903225806452,319,49.2,
,2024042521.0,47.0,56.0,31.0,106.678571428571,0.659574468085106,,0.553571428571429,342,72.41,
,2024042713.0,47.0,52.0,40.0,87.8653846153846,0.851063829787234,,0.769230769230769,352,74.04,
,2024050109.0,47.0,55.0,33.0,77.0,0.702127659574468,,0.6,317,45.3,
,2024040713.0,46.0,56.0,33.0,77.4642857142857,0.717391304347826,,0.589285714285714,276,36.61,
,2024041016.0,46.0,58.0,27.0,30.7241379310345,0.586956521739131,,0.46551724137931,204,55.54,
,2024041801.0,46.0,56.0,33.0,49.625,0.717391304347826,,0.589285714285714,274,74.74,
,2024042213.0,46.0,61.0,28.0,42.3606557377049,0.608695652173913,,0.459016393442623,228,32.64,
,2024042423.0,46.0,52.0,23.0,57.8269230769231,0.5,,0.442307692307692,235,57.38,
,2024042916.0,46.0,58.0,29.0,72.2241379310345,0.630434782608696,,0.5,321,57.89,
,2024050111.0,46.0,57.0,23.0,41.0350877192983,0.5,,0.403508771929825,216,63.99,
,2024040618.0,46.0,50.0,30.0,40.58,0.652173913043478,,0.6,199,27.89,
,2024040620.0,46.0,54.0,36.0,55.33333333333329,0.782608695652174,,0.666666666666667,242,62.95,
,2024041015.0,46.0,56.0,33.0,18.8928571428571,0.717391304347826,,0.589285714285714,212,74.54,
,2024041113.0,46.0,54.0,31.0,40.537037037037,0.673913043478261,,0.574074074074074,224,30.78,
,2024041916.0,46.0,58.0,27.0,43.9137931034483,0.586956521739131,,0.46551724137931,227,34.25,
,2024042118.0,46.0,55.0,34.0,38.2363636363636,0.739130434782609,,0.618181818181818,209,78.28,
,2024042410.0,46.0,54.0,34.0,37.037037037037,0.739130434782609,,0.62962962962963,212,30.86,
,2024043018.0,46.0,53.0,30.0,70.3018867924528,0.652173913043478,,0.566037735849057,227,71.26,
,2024050219.0,46.0,55.0,29.0,55.2909090909091,0.630434782608696,,0.527272727272727,356,49.54,
,2024050223.0,46.0,51.0,23.0,40.7647058823529,0.5,,0.450980392156863,173,34.83,
,2024040602.0,46.0,56.0,33.0,51.3571428571429,0.717391304347826,,0.589285714285714,263,72.24,
,2024041007.0,46.0,73.0,24.0,35.7123287671233,0.521739130434783,,0.328767123287671,245,46.72,
,2024041102.0,46.0,57.0,30.0,42.66666666666671,0.652173913043478,,0.526315789473684,265,50.89,
,2024041207.0,46.0,58.0,32.0,29.3793103448276,0.695652173913044,,0.551724137931035,241,41.55,
,2024041907.0,46.0,68.0,26.0,38.1176470588235,0.565217391304348,,0.382352941176471,297,55.58,
,2024042301.0,46.0,54.0,32.0,61.7592592592593,0.695652173913044,,0.592592592592593,308,29.81,
,2024042407.0,46.0,61.0,33.0,65.7213114754098,0.717391304347826,,0.540983606557377,265,43.46,
,2024043007.0,46.0,60.0,28.0,22.3333333333333,0.608695652173913,,0.466666666666667,252,78.16,
,2024050306.0,46.0,57.0,32.0,36.5964912280702,0.695652173913044,,0.56140350877193,256,35.49,
,2024041022.0,46.0,55.0,31.0,59.3636363636364,0.673913043478261,,0.563636363636364,309,59.4,
,2024041118.0,46.0,56.0,34.0,43.1071428571429,0.739130434782609,,0.607142857142857,277,39.51,
,2024041213.0,46.0,54.0,37.0,84.1296296296296,0.804347826086957,,0.685185185185185,318,66.41,
,2024041318.0,46.0,54.0,41.0,88.3518518518519,0.891304347826087,,0.759259259259259,302,27.85,
,2024041413.0,46.0,57.0,37.0,91.140350877193,0.804347826086957,,0.649122807017544,292,78.19,
,2024041522.0,46.0,57.0,35.0,98.5087719298246,0.760869565217391,,0.614035087719298,255,47.23,
,2024041610.0,46.0,57.0,27.0,29.6666666666667,0.586956521739131,,0.473684210526316,232,34.16,
,2024041712.0,46.0,54.0,33.0,113.962962962963,0.717391304347826,,0.611111111111111,314,24.41,
,2024042121.0,46.0,53.0,34.0,49.3396226415094,0.739130434782609,,0.641509433962264,290,30.19,
,2024042419.0,46.0,53.0,39.0,73.0188679245283,0.847826086956522,,0.735849056603774,306,51.19,
,2024042515.0,46.0,54.0,35.0,91.9444444444444,0.760869565217391,,0.648148148148148,257,40.22,
,2024042615.0,46.0,49.0,34.0,154.0,0.739130434782609,,0.693877551020408,284,69.73,
,2024042616.0,46.0,53.0,40.0,50.9622641509434,0.869565217391304,,0.754716981132076,278,45.85,
,2024042618.0,46.0,52.0,35.0,49.1153846153846,0.760869565217391,,0.673076923076923,304,34.92,
,2024040814.0,45.0,55.0,22.0,41.4909090909091,0.488888888888889,,0.4,225,57.03,
,2024040821.0,45.0,59.0,23.0,55.1694915254237,0.511111111111111,,0.389830508474576,206,62.41,
,2024040900.0,45.0,57.0,28.0,58.66666666666671,0.622222222222222,,0.491228070175439,239,30.02,
,2024040901.0,45.0,53.0,31.0,118.301886792453,0.688888888888889,,0.584905660377359,205,30.06,
,2024041019.0,45.0,59.0,23.0,21.0,0.511111111111111,,0.389830508474576,190,22.2,
,2024041313.0,45.0,54.0,20.0,55.4444444444444,0.444444444444444,,0.37037037037037,248,64.18,
,2024041500.0,45.0,66.0,28.0,27.3636363636364,0.622222222222222,,0.424242424242424,235,59.83,
,2024041509.0,45.0,52.0,29.0,71.0384615384615,0.644444444444445,,0.557692307692308,214,48.48,
,2024042210.0,45.0,58.0,32.0,86.4655172413793,0.711111111111111,,0.551724137931035,333,70.65,
,2024042216.0,45.0,57.0,26.0,37.9824561403509,0.577777777777778,,0.456140350877193,208,68.34,
,2024042500.0,45.0,57.0,12.0,29.7894736842105,0.266666666666667,,0.210526315789474,174,55.12,
,2024042814.0,45.0,62.0,26.0,33.3064516129032,0.577777777777778,,0.419354838709677,268,72.1,
,2024042821.0,45.0,59.0,26.0,27.6610169491525,0.577777777777778,,0.440677966101695,226,32.35,
,2024050120.0,45.0,61.0,27.0,49.0,0.6,,0.442622950819672,311,26.72,
,2024040713.0,45.0,53.0,37.0,35.811320754717,0.822222222222222,,0.69811320754717,209,36.18,
,2024040722.0,45.0,49.0,38.0,51.734693877551,0.844444444444444,,0.775510204081633,213,23.43,
,2024040723.0,45.0,51.0,29.0,26.7843137254902,0.644444444444445,,0.568627450980392,193,51.87,
,2024041100.0,45.0,59.0,32.0,35.8305084745763,0.711111111111111,,0.542372881355932,230,76.2,
,2024041123.0,45.0,59.0,26.0,28.7627118644068,0.577777777777778,,0.440677966101695,196,22.36,
,2024041223.0,45.0,52.0,26.0,63.7307692307692,0.577777777777778,,0.5,270,27.33,
,2024041323.0,45.0,50.0,32.0,44.6,0.711111111111111,,0.64,188,47.13,
,2024042000.0,45.0,52.0,34.0,54.0192307692308,0.755555555555556,,0.653846153846154,196,76.03,
,2024042013.0,45.0,55.0,31.0,34.3636363636364,0.688888888888889,,0.563636363636364,194,38.97,
,2024042015.0,45.0,54.0,29.0,40.0,0.644444444444445,,0.537037037037037,239,50.43,
,2024042019.0,45.0,54.0,29.0,30.1111111111111,0.644444444444445,,0.537037037037037,216,22.49,
,2024042409.0,45.0,57.0,29.0,43.8070175438597,0.644444444444445,,0.508771929824561,201,28.9,
,2024042616.0,45.0,54.0,31.0,46.4259259259259,0.688888888888889,,0.574074074074074,244,79.2,
,2024042715.0,45.0,48.0,28.0,60.33333333333329,0.622222222222222,,0.583333333333333,222,77.91,
,2024042811.0,45.0,51.0,33.0,58.3921568627451,0.733333333333333,,0.647058823529412,181,20.3,
,2024042821.0,45.0,54.0,35.0,85.6111111111111,0.777777777777778,,0.648148148148148,240,77.11,
,2024040702.0,45.0,61.0,35.0,52.6229508196721,0.777777777777778,,0.573770491803279,346,58.35,
,2024041107.0,45.0,57.0,25.0,72.4035087719298,0.555555555555556,,0.43859649122807,288,72.08,
,2024041402.0,45.0,62.0,29.0,15.8225806451613,0.644444444444445,,0.467741935483871,203,47.28,
,2024042401.0,45.0,62.0,28.0,40.1935483870968,0.622222222222222,,0.451612903225806,257,50.94,
,2024040621.0,45.0,49.0,34.0,64.9795918367347,0.755555555555556,,0.693877551020408,305,49.33,
,2024040714.0,45.0,50.0,31.0,108.52,0.688888888888889,,0.62,279,60.01,
,2024040717.0,45.0,53.0,35.0,58.5849056603774,0.777777777777778,,0.660377358490566,260,28.38,
,2024040718.0,45.0,49.0,37.0,398.632653061225,0.822222222222222,,0.755102040816327,301,21.8,
,2024040915.0,45.0,52.0,33.0,105.211538461538,0.733333333333333,,0.634615384615385,329,38.48,
,2024040917.0,45.0,53.0,31.0,73.5660377358491,0.688888888888889,,0.584905660377359,246,62.28,
,2024041521.0,45.0,52.0,37.0,119.019230769231,0.822222222222222,,0.711538461538462,267,32.11,
,2024041720.0,45.0,56.0,33.0,93.6428571428571,0.733333333333333,,0.589285714285714,313,60.41,
,2024041812.0,45.0,53.0,36.0,91.0754716981132,0.8,,0.679245283018868,262,78.19,
,2024041915.0,45.0,53.0,34.0,82.5471698113208,0.755555555555556,,0.641509433962264,281,25.63,
,2024042213.0,45.0,57.0,40.0,54.5438596491228,0.888888888888889,,0.701754385964912,289,60.36,
,2024042410.0,45.0,51.0,36.0,36.4313725490196,0.8,,0.705882352941177,194,46.63,
,2024042512.0,45.0,54.0,34.0,110.074074074074,0.755555555555556,,0.62962962962963,272,72.09,
,2024043008.0,45.0,53.0,35.0,95.0566037735849,0.777777777777778,,0.660377358490566,269,30.63,
,2024040620.0,44.0,50.0,29.0,48.06,0.659090909090909,,0.58,194,61.56,
,2024041118.0,44.0,55.0,28.0,87.8727272727273,0.636363636363636,,0.509090909090909,251,70.29,
,2024041207.0,44.0,50.0,26.0,83.2,0.590909090909091,,0.52,191,76.68,
,2024041600.0,44.0,55.0,22.0,39.8,0.5,,0.4,246,60.99,
,2024042009.0,44.0,52.0,28.0,42.8846153846154,0.636363636363636,,0.538461538461538,220,49.83,
,2024042022.0,44.0,60.0,28.0,16.9666666666667,0.636363636363636,,0.466666666666667,224,57.07,
,2024042120.0,44.0,59.0,20.0,23.1864406779661,0.454545454545455,,0.338983050847458,218,72.13,
,2024042411.0,44.0,54.0,26.0,33.5,0.590909090909091,,0.481481481481481,230,54.24,
,2024042418.0,44.0,58.0,20.0,71.448275862069,0.454545454545455,,0.344827586206897,253,21.82,
,2024042723.0,44.0,61.0,29.0,26.0655737704918,0.659090909090909,,0.475409836065574,231,75.86,
,2024042800.0,44.0,56.0,24.0,23.7857142857143,0.545454545454545,,0.428571428571429,183,61.37,
,2024042812.0,44.0,53.0,24.0,45.7924528301887,0.545454545454545,,0.452830188679245,250,60.59,
,2024042813.0,44.0,53.0,27.0,75.7358490566038,0.613636363636364,,0.509433962264151,305,32.94,
,2024042900.0,44.0,58.0,27.0,40.29310344827591,0.613636363636364,,0.46551724137931,209,59.53,
,2024040612.0,44.0,51.0,28.0,44.0980392156863,0.636363636363636,,0.549019607843137,240,43.63,
,2024040619.0,44.0,49.0,33.0,62.285714285714306,0.75,,0.673469387755102,216,59.07,
,2024040716.0,44.0,52.0,35.0,51.9807692307692,0.795454545454545,,0.673076923076923,207,26.4,
,2024041117.0,44.0,52.0,33.0,61.3076923076923,0.75,,0.634615384615385,206,59.47,
,2024041200.0,44.0,49.0,32.0,91.7142857142857,0.727272727272727,,0.653061224489796,260,79.96,
,2024041300.0,44.0,56.0,33.0,57.410714285714306,0.75,,0.589285714285714,247,22.89,
,2024041608.0,44.0,51.0,21.0,22.5098039215686,0.477272727272727,,0.411764705882353,179,78.63,
,2024041609.0,44.0,54.0,32.0,80.9259259259259,0.727272727272727,,0.592592592592593,175,44.41,
,2024041702.0,44.0,49.0,26.0,32.3265306122449,0.590909090909091,,0.530612244897959,187,72.25,
,2024042011.0,44.0,53.0,31.0,39.377358490566,0.704545454545455,,0.584905660377359,188,66.94,
,2024042417.0,44.0,51.0,26.0,51.3725490196078,0.590909090909091,,0.509803921568627,241,54.02,
,2024042713.0,44.0,48.0,28.0,42.8125,0.636363636363636,,0.583333333333333,207,64.31,
,2024042816.0,44.0,53.0,28.0,50.1509433962264,0.636363636363636,,0.528301886792453,226,72.71,
,2024042817.0,44.0,50.0,30.0,51.54,0.681818181818182,,0.6,193,44.25,
,2024050318.0,44.0,52.0,32.0,66.6923076923077,0.727272727272727,,0.615384615384615,231,39.62,
,2024040801.0,44.0,52.0,28.0,46.6923076923077,0.636363636363636,,0.538461538461538,204,60.06,
,2024040808.0,44.0,52.0,34.0,56.6923076923077,0.772727272727273,,0.653846153846154,289,68.47,
,2024041404.0,44.0,54.0,27.0,64.962962962963,0.613636363636364,,0.5,274,65.74,
,2024043002.0,44.0,55.0,28.0,102.545454545455,0.636363636363636,,0.509090909090909,280,67.87,
,2024050107.0,44.0,59.0,34.0,33.3220338983051,0.772727272727273,,0.576271186440678,250,46.13,
,2024050206.0,44.0,52.0,32.0,77.2692307692308,0.727272727272727,,0.615384615384615,278,69.07,
,2024040617.0,44.0,49.0,35.0,57.3061224489796,0.795454545454545,,0.714285714285714,228,27.21,
,2024040900.0,44.0,50.0,36.0,186.08,0.818181818181818,,0.72,321,52.67,
,2024040919.0,44.0,57.0,31.0,59.6491228070175,0.704545454545455,,0.543859649122807,314,20.35,
,2024040923.0,44.0,49.0,27.0,97.8367346938776,0.613636363636364,,0.551020408163265,304,39.48,
,2024041010.0,44.0,54.0,36.0,102.666666666667,0.818181818181818,,0.666666666666667,413,41.99,
,2024041310.0,44.0,50.0,36.0,58.28,0.818181818181818,,0.72,338,43.77,
,2024041321.0,44.0,53.0,38.0,168.0,0.863636363636364,,0.716981132075472,326,61.73,
,2024041412.0,44.0,49.0,39.0,134.0,0.886363636363636,,0.795918367346939,309,43.31,
,2024041419.0,44.0,52.0,36.0,84.3076923076923,0.818181818181818,,0.692307692307692,327,46.92,
,2024041512.0,44.0,49.0,36.0,145.244897959184,0.818181818181818,,0.73469387755102,240,34.25,
,2024041518.0,44.0,59.0,35.0,164.101694915254,0.795454545454545,,0.593220338983051,426,42.4,
,2024041613.0,44.0,53.0,37.0,93.6037735849057,0.840909090909091,,0.69811320754717,268,33.64,
,2024041615.0,44.0,52.0,32.0,72.9038461538462,0.727272727272727,,0.615384615384615,281,24.39,
,2024041911.0,44.0,54.0,39.0,118.851851851852,0.886363636363636,,0.722222222222222,409,56.21,
,2024041920.0,44.0,51.0,31.0,111.21568627451,0.704545454545455,,0.607843137254902,313,60.09,
,2024042310.0,44.0,58.0,36.0,98.7758620689655,0.818181818181818,,0.620689655172414,329,57.17,
,2024042819.0,44.0,49.0,37.0,97.5918367346939,0.840909090909091,,0.755102040816327,293,47.81,
,2024050206.0,44.0,51.0,36.0,70.7254901960784,0.818181818181818,,0.705882352941177,231,42.79,
,2024040614.0,43.0,51.0,22.0,73.3529411764706,0.511627906976744,,0.431372549019608,181,71.8,
,2024040712.0,43.0,56.0,27.0,32.5714285714286,0.627906976744186,,0.482142857142857,234,51.14,
,2024041110.0,43.0,52.0,21.0,24.75,0.488372093023256,,0.403846153846154,170,48.75,
,2024041111.0,43.0,52.0,27.0,48.3846153846154,0.627906976744186,,0.519230769230769,248,21.54,
,2024042016.0,43.0,54.0,24.0,43.0,0.558139534883721,,0.444444444444444,204,40.47,
,2024042112.0,43.0,52.0,22.0,58.3653846153846,0.511627906976744,,0.423076923076923,228,42.81,
,2024042115.0,43.0,52.0,27.0,29.5769230769231,0.627906976744186,,0.519230769230769,177,43.93,
,2024042217.0,43.0,54.0,28.0,34.4074074074074,0.651162790697675,,0.518518518518519,226,54.81,
,2024042322.0,43.0,53.0,18.0,43.811320754717,0.418604651162791,,0.339622641509434,227,52.02,
,2024042419.0,43.0,57.0,25.0,23.140350877193,0.581395348837209,,0.43859649122807,258,56.47,
,2024042623.0,43.0,58.0,26.0,24.0172413793103,0.604651162790698,,0.448275862068966,237,65.89,
,2024042711.0,43.0,57.0,30.0,49.66666666666671,0.697674418604651,,0.526315789473684,194,68.78,
,2024042721.0,43.0,57.0,28.0,61.3684210526316,0.651162790697675,,0.491228070175439,336,63.09,
,2024050118.0,43.0,50.0,23.0,62.58,0.534883720930233,,0.46,199,77.33,
,2024050211.0,43.0,59.0,28.0,67.728813559322,0.651162790697675,,0.474576271186441,295,21.09,
,2024050217.0,43.0,53.0,25.0,165.339622641509,0.581395348837209,,0.471698113207547,266,31.75,
,2024040615.0,43.0,53.0,35.0,76.4150943396226,0.813953488372093,,0.660377358490566,228,20.45,
,2024040711.0,43.0,46.0,28.0,39.1304347826087,0.651162790697675,,0.608695652173913,183,58.85,
,2024040715.0,43.0,52.0,35.0,57.8076923076923,0.813953488372093,,0.673076923076923,228,73.88,
,2024040823.0,43.0,51.0,25.0,43.2352941176471,0.581395348837209,,0.490196078431373,186,34.61,
,2024041209.0,43.0,56.0,26.0,70.2142857142857,0.604651162790698,,0.464285714285714,225,75.62,
,2024041600.0,43.0,53.0,29.0,72.377358490566,0.674418604651163,,0.547169811320755,219,23.62,
,2024041710.0,43.0,48.0,33.0,43.27083333333329,0.767441860465116,,0.6875,207,76.07,
,2024041801.0,43.0,49.0,33.0,22.0816326530612,0.767441860465116,,0.673469387755102,187,41.1,
,2024041808.0,43.0,47.0,35.0,31.8723404255319,0.813953488372093,,0.74468085106383,182,26.09,
,2024042622.0,43.0,49.0,29.0,52.1020408163265,0.674418604651163,,0.591836734693878,219,49.15,
,2024042718.0,43.0,53.0,29.0,35.811320754717,0.674418604651163,,0.547169811320755,202,35.41,
,2024042814.0,43.0,49.0,32.0,39.5510204081633,0.744186046511628,,0.653061224489796,216,37.09,
,2024050115.0,43.0,50.0,32.0,71.5,0.744186046511628,,0.64,207,38.44,
,2024050308.0,43.0,50.0,34.0,59.7,0.790697674418605,,0.68,286,68.18,
,2024050316.0,43.0,53.0,26.0,30.0754716981132,0.604651162790698,,0.490566037735849,188,52.35,
,2024040610.0,43.0,52.0,27.0,55.4615384615385,0.627906976744186,,0.519230769230769,325,38.68,
,2024040902.0,43.0,55.0,32.0,94.8181818181818,0.744186046511628,,0.581818181818182,249,56.62,
,2024041301.0,43.0,71.0,33.0,37.6760563380282,0.767441860465116,,0.464788732394366,294,62.97,
,2024041506.0,43.0,51.0,26.0,22.2156862745098,0.604651162790698,,0.509803921568627,194,36.36,
,2024041607.0,43.0,57.0,30.0,25.0526315789474,0.697674418604651,,0.526315789473684,239,44.81,
,2024042501.0,43.0,68.0,38.0,29.0882352941177,0.883720930232558,,0.558823529411765,317,27.31,
,2024050305.0,43.0,55.0,27.0,25.8,0.627906976744186,,0.490909090909091,230,30.87,
,2024040916.0,43.0,55.0,36.0,95.0181818181818,0.837209302325581,,0.654545454545455,256,60.87,
,2024041120.0,43.0,55.0,31.0,68.1090909090909,0.72093023255814,,0.563636363636364,448,30.89,
,2024041314.0,43.0,50.0,33.0,89.76,0.767441860465116,,0.66,270,51.51,
,2024041420.0,43.0,47.0,37.0,111.63829787234,0.86046511627907,,0.787234042553192,257,62.54,
,2024041516.0,43.0,58.0,31.0,148.275862068966,0.72093023255814,,0.53448275862069,429,26.41,
,2024041809.0,43.0,49.0,34.0,74.2857142857143,0.790697674418605,,0.693877551020408,246,54.04,
,2024041912.0,43.0,54.0,35.0,139.944444444444,0.813953488372093,,0.648148148148148,294,35.39,
,2024041919.0,43.0,51.0,36.0,103.803921568627,0.837209302325581,,0.705882352941177,310,77.78,
,2024041922.0,43.0,50.0,34.0,89.52,0.790697674418605,,0.68,316,49.01,
,2024042022.0,43.0,47.0,33.0,64.1489361702128,0.767441860465116,,0.702127659574468,208,68.36,
,2024042223.0,43.0,54.0,28.0,51.9444444444444,0.651162790697675,,0.518518518518519,264,53.01,
,2024042717.0,43.0,48.0,33.0,67.0416666666667,0.767441860465116,,0.6875,300,22.6,
,2024042718.0,43.0,50.0,32.0,75.54,0.744186046511628,,0.64,311,57.99,
,2024050209.0,43.0,54.0,29.0,66.5555555555556,0.674418604651163,,0.537037037037037,255,77.08,
,2024050300.0,43.0,47.0,33.0,93.063829787234,0.767441860465116,,0.702127659574468,389,56.1,
,2024040613.0,42.0,56.0,26.0,51.035714285714306,0.619047619047619,,0.464285714285714,237,69.15,
,2024040910.0,42.0,50.0,15.0,45.76,0.357142857142857,,0.3,181,73.05,
,2024041616.0,42.0,50.0,24.0,41.9,0.571428571428571,,0.48,215,33.68,
,2024042118.0,42.0,52.0,14.0,13.2692307692308,0.333333333333333,,0.269230769230769,152,32.72,
,2024042400.0,42.0,56.0,31.0,118.767857142857,0.738095238095238,,0.553571428571429,227,56.66,
,2024042622.0,42.0,62.0,25.0,20.7741935483871,0.595238095238095,,0.403225806451613,237,44.66,
,2024042712.0,42.0,49.0,27.0,50.1836734693878,0.642857142857143,,0.551020408163265,264,70.39,
,2024042718.0,42.0,49.0,30.0,81.5918367346939,0.714285714285714,,0.612244897959184,264,74.0,
,2024042720.0,42.0,57.0,22.0,59.0526315789474,0.523809523809524,,0.385964912280702,259,41.21,
,2024050112.0,42.0,56.0,26.0,67.5,0.619047619047619,,0.464285714285714,251,34.21,
,2024050113.0,42.0,52.0,20.0,21.0961538461538,0.476190476190476,,0.384615384615385,167,66.83,
,2024050218.0,42.0,65.0,25.0,66.8,0.595238095238095,,0.384615384615385,307,36.49,
,2024050301.0,42.0,59.0,26.0,104.220338983051,0.619047619047619,,0.440677966101695,288,69.36,
,2024040613.0,42.0,44.0,28.0,41.0909090909091,0.666666666666667,,0.636363636363636,171,45.42,
,2024040617.0,42.0,45.0,29.0,30.0222222222222,0.690476190476191,,0.644444444444445,169,60.05,
,2024041414.0,42.0,50.0,30.0,43.84,0.714285714285714,,0.6,227,25.73,
,2024042123.0,42.0,53.0,27.0,35.5471698113208,0.642857142857143,,0.509433962264151,176,57.43,
,2024042223.0,42.0,56.0,23.0,39.535714285714306,0.547619047619048,,0.410714285714286,181,47.11,
,2024042610.0,42.0,53.0,28.0,55.094339622641506,0.666666666666667,,0.528301886792453,204,55.2,
,2024042620.0,42.0,47.0,33.0,60.468085106383,0.785714285714286,,0.702127659574468,277,30.08,
,2024042721.0,42.0,48.0,33.0,35.9166666666667,0.785714285714286,,0.6875,176,64.21,
,2024043016.0,42.0,52.0,29.0,42.25,0.690476190476191,,0.557692307692308,199,71.77,
,2024041202.0,42.0,56.0,22.0,39.8928571428571,0.523809523809524,,0.392857142857143,251,33.0,
,2024041205.0,42.0,47.0,28.0,18.7446808510638,0.666666666666667,,0.595744680851064,197,25.74,
,2024041308.0,42.0,55.0,27.0,57.7272727272727,0.642857142857143,,0.490909090909091,207,21.42,
,2024041902.0,42.0,61.0,19.0,57.3114754098361,0.452380952380952,,0.311475409836066,215,58.52,
,2024042300.0,42.0,60.0,34.0,60.7166666666667,0.80952380952381,,0.566666666666667,433,56.43,
,2024042507.0,42.0,55.0,26.0,49.4,0.619047619047619,,0.472727272727273,253,52.8,
,2024042601.0,42.0,54.0,33.0,211.537037037037,0.785714285714286,,0.611111111111111,279,33.92,
,2024050207.0,42.0,52.0,37.0,41.6153846153846,0.880952380952381,,0.711538461538462,250,43.45,
,2024040615.0,42.0,45.0,31.0,90.0222222222222,0.738095238095238,,0.688888888888889,243,55.67,
,2024040620.0,42.0,51.0,34.0,90.1176470588235,0.80952380952381,,0.666666666666667,348,49.81,
,2024040809.0,42.0,47.0,35.0,61.1702127659574,0.833333333333333,,0.74468085106383,247,79.27,
,2024041411.0,42.0,46.0,30.0,71.1086956521739,0.714285714285714,,0.652173913043478,315,28.19,
,2024041418.0,42.0,47.0,33.0,108.0,0.785714285714286,,0.702127659574468,264,61.71,
,2024041422.0,42.0,54.0,35.0,76.3703703703704,0.833333333333333,,0.648148148148148,362,44.26,
,2024042018.0,42.0,47.0,34.0,70.1063829787234,0.80952380952381,,0.723404255319149,271,45.69,
,2024042111.0,42.0,46.0,37.0,89.6739130434783,0.880952380952381,,0.804347826086957,293,63.06,
,2024042118.0,42.0,47.0,33.0,75.9574468085106,0.785714285714286,,0.702127659574468,240,61.55,
,2024042710.0,42.0,47.0,34.0,173.404255319149,0.80952380952381,,0.723404255319149,498,79.48,
,2024042715.0,42.0,49.0,33.0,64.1428571428571,0.785714285714286,,0.673469387755102,292,27.7,
,2024042721.0,42.0,48.0,27.0,53.33333333333329,0.642857142857143,,0.5625,240,26.25,
,2024042909.0,42.0,50.0,37.0,50.28,0.880952380952381,,0.74,293,63.46,
,2024040618.0,41.0,55.0,23.0,43.0727272727273,0.560975609756098,,0.418181818181818,240,54.7,
,2024040711.0,41.0,55.0,25.0,24.2909090909091,0.609756097560976,,0.454545454545455,175,36.45,
,2024040716.0,41.0,47.0,23.0,62.8723404255319,0.560975609756098,,0.48936170212766,256,24.77,
,2024040913.0,41.0,53.0,24.0,51.0754716981132,0.585365853658537,,0.452830188679245,188,25.14,
,2024041020.0,41.0,55.0,19.0,20.1636363636364,0.463414634146342,,0.345454545454545,166,73.65,
,2024041112.0,41.0,52.0,27.0,64.0576923076923,0.658536585365854,,0.519230769230769,203,31.51,
,2024041310.0,41.0,45.0,22.0,23.8666666666667,0.536585365853659,,0.488888888888889,164,39.4,
,2024041414.0,41.0,58.0,24.0,34.1379310344828,0.585365853658537,,0.413793103448276,280,33.6,
,2024041609.0,41.0,52.0,28.0,37.1730769230769,0.682926829268293,,0.538461538461538,225,41.3,
,2024041617.0,41.0,49.0,19.0,47.8571428571429,0.463414634146342,,0.387755102040816,236,24.17,
,2024041708.0,41.0,50.0,25.0,66.16,0.609756097560976,,0.5,294,51.14,
,2024041908.0,41.0,50.0,29.0,39.74,0.707317073170732,,0.58,228,24.06,
,2024042010.0,41.0,55.0,32.0,49.9818181818182,0.780487804878049,,0.581818181818182,239,68.02,
,2024042014.0,41.0,51.0,26.0,48.3137254901961,0.634146341463415,,0.509803921568627,197,34.02,
,2024042015.0,41.0,50.0,27.0,53.64,0.658536585365854,,0.54,194,52.4,
,2024042021.0,41.0,54.0,22.0,46.2222222222222,0.536585365853659,,0.407407407407407,235,72.8,
,2024042417.0,41.0,53.0,19.0,13.5849056603774,0.463414634146342,,0.358490566037736,182,59.05,
,2024042509.0,41.0,52.0,28.0,52.4807692307692,0.682926829268293,,0.538461538461538,215,51.98,
,2024042614.0,41.0,46.0,24.0,50.9347826086957,0.585365853658537,,0.521739130434783,216,39.46,
,2024042811.0,41.0,48.0,21.0,27.8125,0.51219512195122,,0.4375,171,39.98,
,2024042815.0,41.0,53.0,22.0,21.7358490566038,0.536585365853659,,0.415094339622642,208,60.17,
,2024042817.0,41.0,57.0,24.0,63.578947368421105,0.585365853658537,,0.421052631578947,256,79.65,
,2024041001.0,41.0,47.0,23.0,29.5744680851064,0.560975609756098,,0.48936170212766,160,59.71,
,2024041409.0,41.0,47.0,30.0,73.2127659574468,0.731707317073171,,0.638297872340426,265,53.47,
,2024042020.0,41.0,50.0,28.0,62.4,0.682926829268293,,0.56,298,63.84,
,2024042113.0,41.0,48.0,29.0,51.20833333333329,0.707317073170732,,0.604166666666667,189,47.91,
,2024042119.0,41.0,56.0,28.0,51.5714285714286,0.682926829268293,,0.5,214,23.61,
,2024042317.0,41.0,49.0,30.0,72.3877551020408,0.731707317073171,,0.612244897959184,228,53.74,
,2024042717.0,41.0,48.0,29.0,25.8958333333333,0.707317073170732,,0.604166666666667,183,77.46,
,2024042815.0,41.0,48.0,24.0,58.3125,0.585365853658537,,0.5,210,30.52,
,2024050323.0,41.0,47.0,31.0,55.4893617021277,0.75609756097561,,0.659574468085106,240,61.4,
,2024042807.0,41.0,54.0,29.0,31.5740740740741,0.707317073170732,,0.537037037037037,226,32.06,
,2024050108.0,41.0,55.0,25.0,59.0363636363636,0.609756097560976,,0.454545454545455,246,52.15,
,2024040700.0,41.0,47.0,29.0,107.127659574468,0.707317073170732,,0.617021276595745,270,25.8,
,2024041023.0,41.0,43.0,30.0,101.720930232558,0.731707317073171,,0.697674418604651,245,47.02,
,2024041100.0,41.0,53.0,33.0,198.433962264151,0.804878048780488,,0.622641509433962,316,65.37,
,2024041101.0,41.0,46.0,32.0,94.5217391304348,0.780487804878049,,0.695652173913044,245,40.85,
,2024041116.0,41.0,52.0,30.0,79.9230769230769,0.731707317073171,,0.576923076923077,275,59.89,
,2024041311.0,41.0,51.0,39.0,133.56862745098,0.951219512195122,,0.764705882352941,363,67.73,
,2024041414.0,41.0,48.0,32.0,119.729166666667,0.780487804878049,,0.666666666666667,288,75.63,
,2024041917.0,41.0,49.0,33.0,82.6734693877551,0.804878048780488,,0.673469387755102,208,34.08,
,2024042013.0,41.0,46.0,28.0,68.1304347826087,0.682926829268293,,0.608695652173913,279,43.96,
,2024042115.0,41.0,53.0,32.0,83.1509433962264,0.780487804878049,,0.60377358490566,307,29.14,
,2024042209.0,41.0,50.0,32.0,33.68,0.780487804878049,,0.64,218,79.55,
,2024041808.0,40.0,52.0,26.0,40.3653846153846,0.65,,0.5,259,75.62,
,2024041902.0,40.0,45.0,16.0,24.6888888888889,0.4,,0.355555555555556,162,52.4,
,2024042114.0,40.0,52.0,22.0,26.7884615384615,0.55,,0.423076923076923,189,70.52,
,2024042713.0,40.0,48.0,24.0,72.75,0.6,,0.5,199,51.26,
,2024042719.0,40.0,52.0,17.0,27.5961538461538,0.425,,0.326923076923077,202,57.42,
,2024042901.0,40.0,49.0,20.0,48.8775510204082,0.5,,0.408163265306122,221,25.35,
,2024050110.0,40.0,54.0,19.0,42.2777777777778,0.475,,0.351851851851852,216,65.32,
,2024050309.0,40.0,50.0,23.0,31.42,0.575,,0.46,228,27.66,
,2024041009.0,40.0,48.0,33.0,55.5,0.825,,0.6875,175,69.56,
,2024041907.0,40.0,45.0,29.0,49.6,0.725,,0.644444444444445,209,66.92,
,2024042115.0,40.0,56.0,29.0,36.3928571428571,0.725,,0.517857142857143,228,62.52,
,2024042711.0,40.0,49.0,24.0,66.6938775510204,0.6,,0.489795918367347,217,22.17,
,2024043017.0,40.0,47.0,21.0,40.76595744680849,0.525,,0.446808510638298,161,38.19,
,2024043021.0,40.0,46.0,24.0,29.7173913043478,0.6,,0.521739130434783,162,35.79,
,2024050317.0,40.0,44.0,29.0,55.5454545454546,0.725,,0.659090909090909,229,41.61,
,2024040807.0,40.0,48.0,32.0,105.8125,0.8,,0.666666666666667,350,25.26,
,2024040903.0,40.0,51.0,25.0,63.078431372549,0.625,,0.490196078431373,213,76.22,
,2024040907.0,40.0,54.0,24.0,56.4074074074074,0.6,,0.444444444444444,269,53.23,
,2024040908.0,40.0,64.0,27.0,41.875,0.675,,0.421875,283,38.33,
,2024041807.0,40.0,52.0,25.0,48.4230769230769,0.625,,0.480769230769231,275,43.82,
,2024042402.0,40.0,54.0,27.0,30.9074074074074,0.675,,0.5,225,46.83,
,2024042508.0,40.0,59.0,29.0,72.7627118644068,0.725,,0.491525423728814,289,56.04,
,2024042709.0,40.0,56.0,29.0,39.339285714285694,0.725,,0.517857142857143,267,50.94,
,2024042923.0,40.0,47.0,25.0,103.340425531915,0.625,,0.531914893617021,262,75.16,
,2024040910.0,40.0,50.0,37.0,104.82,0.925,,0.74,290,49.82,
,2024041123.0,40.0,46.0,28.0,56.7826086956522,0.7,,0.608695652173913,227,79.53,
,2024041200.0,40.0,52.0,32.0,162.461538461538,0.8,,0.615384615384615,344,71.09,
,2024041410.0,40.0,50.0,27.0,42.2,0.675,,0.54,311,32.51,
,2024042723.0,40.0,44.0,31.0,141.840909090909,0.775,,0.704545454545455,310,75.84,
,2024042815.0,40.0,43.0,30.0,82.5348837209302,0.75,,0.697674418604651,284,26.98,
,2024043000.0,40.0,49.0,30.0,109.836734693878,0.75,,0.612244897959184,271,69.05,
,2024043017.0,40.0,49.0,27.0,141.020408163265,0.675,,0.551020408163265,249,42.84,
,2024050301.0,40.0,41.0,29.0,118.219512195122,0.725,,0.707317073170732,317,72.68,
,2024040616.0,39.0,49.0,23.0,50.755102040816304,0.58974358974359,,0.469387755102041,178,72.08,
,2024040907.0,39.0,44.0,16.0,29.4772727272727,0.41025641025641,,0.363636363636364,185,68.36,
,2024041315.0,39.0,49.0,20.0,90.9183673469388,0.512820512820513,,0.408163265306122,193,67.4,
,2024041410.0,39.0,48.0,17.0,46.625,0.435897435897436,,0.354166666666667,219,38.28,
,2024042202.0,39.0,46.0,26.0,34.6304347826087,0.666666666666667,,0.565217391304348,186,24.86,
,2024042409.0,39.0,47.0,16.0,63.76595744680849,0.41025641025641,,0.340425531914894,190,44.18,
,2024042609.0,39.0,50.0,23.0,42.54,0.58974358974359,,0.46,181,30.41,
,2024042816.0,39.0,49.0,20.0,20.3061224489796,0.512820512820513,,0.408163265306122,177,61.7,
,2024042818.0,39.0,49.0,20.0,19.3469387755102,0.512820512820513,,0.408163265306122,196,40.77,
,2024042909.0,39.0,48.0,24.0,34.5833333333333,0.615384615384615,,0.5,201,78.54,
,2024043016.0,39.0,55.0,26.0,61.6,0.666666666666667,,0.472727272727273,224,58.46,
,2024050200.0,39.0,57.0,23.0,32.9649122807018,0.58974358974359,,0.403508771929825,202,69.35,
,2024040621.0,39.0,45.0,31.0,48.0666666666667,0.794871794871795,,0.688888888888889,189,27.95,
,2024040714.0,39.0,44.0,29.0,98.4318181818182,0.743589743589744,,0.659090909090909,173,71.72,
,2024040800.0,39.0,49.0,29.0,27.0408163265306,0.743589743589744,,0.591836734693878,165,75.37,
,2024041000.0,39.0,54.0,30.0,28.3703703703704,0.769230769230769,,0.555555555555556,202,49.22,
,2024041501.0,39.0,43.0,25.0,44.0,0.641025641025641,,0.581395348837209,150,56.38,
,2024042323.0,39.0,44.0,23.0,49.7727272727273,0.58974358974359,,0.522727272727273,202,65.89,
,2024042812.0,39.0,42.0,32.0,36.6904761904762,0.820512820512821,,0.761904761904762,171,30.49,
,2024050112.0,39.0,46.0,29.0,26.0869565217391,0.743589743589744,,0.630434782608696,184,50.15,
,2024050113.0,39.0,47.0,30.0,45.0425531914894,0.769230769230769,,0.638297872340426,200,43.92,
,2024050117.0,39.0,47.0,29.0,41.9787234042553,0.743589743589744,,0.617021276595745,166,28.78,
,2024040703.0,39.0,48.0,31.0,44.52083333333329,0.794871794871795,,0.645833333333333,244,42.05,
,2024041005.0,39.0,48.0,20.0,52.39583333333329,0.512820512820513,,0.416666666666667,244,24.09,
,2024042002.0,39.0,51.0,28.0,35.2745098039216,0.717948717948718,,0.549019607843137,196,21.55,
,2024050202.0,39.0,45.0,37.0,95.0444444444445,0.948717948717949,,0.822222222222222,296,28.11,
,2024050304.0,39.0,49.0,23.0,17.8775510204082,0.58974358974359,,0.469387755102041,191,77.79,
,2024040713.0,39.0,47.0,28.0,50.0425531914894,0.717948717948718,,0.595744680851064,229,52.97,
,2024041319.0,39.0,43.0,29.0,50.1860465116279,0.743589743589744,,0.674418604651163,209,77.95,
,2024041517.0,39.0,52.0,29.0,61.5,0.743589743589744,,0.557692307692308,253,45.95,
,2024041923.0,39.0,44.0,28.0,117.977272727273,0.717948717948718,,0.636363636363636,251,38.71,
,2024042112.0,39.0,43.0,27.0,27.2325581395349,0.692307692307692,,0.627906976744186,186,50.37,
,2024042123.0,39.0,46.0,26.0,44.8260869565217,0.666666666666667,,0.565217391304348,290,46.37,
,2024042614.0,39.0,50.0,30.0,58.8,0.769230769230769,,0.6,246,26.34,
,2024042700.0,39.0,51.0,33.0,69.9803921568628,0.846153846153846,,0.647058823529412,240,58.45,
,2024043007.0,39.0,48.0,31.0,74.0416666666667,0.794871794871795,,0.645833333333333,197,32.96,
,2024050208.0,39.0,50.0,22.0,55.0,0.564102564102564,,0.44,232,57.18,
,2024050223.0,39.0,45.0,27.0,59.0444444444444,0.692307692307692,,0.6,228,59.01,
,2024040622.0,38.0,49.0,18.0,33.0408163265306,0.473684210526316,,0.36734693877551,172,29.12,
,2024040623.0,38.0,47.0,16.0,43.5531914893617,0.421052631578947,,0.340425531914894,203,23.68,
,2024040714.0,38.0,45.0,26.0,61.7777777777778,0.68421052631579,,0.577777777777778,190,66.85,
,2024040919.0,38.0,48.0,25.0,47.125,0.657894736842105,,0.520833333333333,195,47.59,
,2024041008.0,38.0,50.0,23.0,66.1,0.605263157894737,,0.46,190,23.49,
,2024041009.0,38.0,48.0,25.0,33.5625,0.657894736842105,,0.520833333333333,185,79.69,
,2024041317.0,38.0,51.0,23.0,40.9019607843137,0.605263157894737,,0.450980392156863,195,23.47,
,2024042017.0,38.0,50.0,26.0,31.34,0.68421052631579,,0.52,209,61.7,
,2024042111.0,38.0,52.0,20.0,37.8461538461539,0.526315789473684,,0.384615384615385,200,79.02,
,2024042410.0,38.0,50.0,25.0,43.86,0.657894736842105,,0.5,193,34.35,
,2024043012.0,38.0,52.0,27.0,64.3846153846154,0.710526315789474,,0.519230769230769,206,28.53,
,2024050100.0,38.0,50.0,20.0,55.54,0.526315789473684,,0.4,178,27.28,
,2024040610.0,38.0,51.0,28.0,62.66666666666671,0.736842105263158,,0.549019607843137,250,38.2,
,2024040622.0,38.0,48.0,23.0,55.14583333333329,0.605263157894737,,0.479166666666667,159,26.06,
,2024040712.0,38.0,45.0,27.0,58.7555555555556,0.710526315789474,,0.6,192,61.53,
,2024040910.0,38.0,53.0,25.0,27.5471698113208,0.657894736842105,,0.471698113207547,215,23.74,
,2024041116.0,38.0,42.0,25.0,34.0952380952381,0.657894736842105,,0.595238095238095,151,50.57,
,2024041415.0,38.0,44.0,31.0,48.5227272727273,0.815789473684211,,0.704545454545455,227,79.8,
,2024042017.0,38.0,46.0,24.0,35.4347826086957,0.631578947368421,,0.521739130434783,186,68.84,
,2024042100.0,38.0,53.0,31.0,23.6792452830189,0.815789473684211,,0.584905660377359,198,56.91,
,2024042110.0,38.0,48.0,26.0,23.2916666666667,0.68421052631579,,0.541666666666667,175,38.38,
,2024042114.0,38.0,47.0,27.0,61.340425531914896,0.710526315789474,,0.574468085106383,169,57.43,
,2024042416.0,38.0,49.0,24.0,32.0,0.631578947368421,,0.489795918367347,240,51.62,
,2024042623.0,38.0,42.0,21.0,54.476190476190496,0.552631578947369,,0.5,186,45.57,
,2024042712.0,38.0,47.0,26.0,30.7872340425532,0.68421052631579,,0.553191489361702,162,27.84,
,2024050110.0,38.0,44.0,33.0,42.75,0.868421052631579,,0.75,187,73.2,
,2024040704.0,38.0,43.0,23.0,53.7674418604651,0.605263157894737,,0.534883720930233,255,46.99,
,2024041507.0,38.0,46.0,20.0,85.0652173913043,0.526315789473684,,0.434782608695652,219,31.68,
,2024041603.0,38.0,52.0,25.0,69.75,0.657894736842105,,0.480769230769231,235,42.07,
,2024042207.0,38.0,52.0,22.0,49.0961538461539,0.578947368421053,,0.423076923076923,263,44.85,
,2024042302.0,38.0,46.0,33.0,72.304347826087,0.868421052631579,,0.717391304347826,293,69.65,
,2024040800.0,38.0,44.0,33.0,122.681818181818,0.868421052631579,,0.75,251,64.02,
,2024040909.0,38.0,45.0,29.0,72.2444444444444,0.763157894736842,,0.644444444444445,243,66.16,
,2024041417.0,38.0,47.0,26.0,63.76595744680849,0.68421052631579,,0.553191489361702,265,20.66,
,2024042116.0,38.0,42.0,30.0,104.857142857143,0.789473684210526,,0.714285714285714,240,44.97,
,2024042814.0,38.0,44.0,32.0,171.522727272727,0.842105263157895,,0.727272727272727,319,48.88,
,2024050323.0,38.0,44.0,27.0,60.0,0.710526315789474,,0.613636363636364,229,21.15,
,2024041501.0,37.0,48.0,21.0,39.0,0.567567567567568,,0.4375,168,35.59,
,2024041607.0,37.0,45.0,21.0,43.88888888888889,0.567567567567568,,0.466666666666667,163,65.62,
,2024042018.0,37.0,47.0,20.0,18.2340425531915,0.540540540540541,,0.425531914893617,159,28.23,
,2024042722.0,37.0,51.0,18.0,34.1372549019608,0.486486486486487,,0.352941176470588,201,52.12,
,2024041101.0,37.0,46.0,22.0,39.0652173913044,0.594594594594595,,0.478260869565217,167,32.91,
,2024041109.0,37.0,44.0,23.0,34.2272727272727,0.621621621621622,,0.522727272727273,157,20.73,
,2024041301.0,37.0,44.0,27.0,80.7727272727273,0.72972972972973,,0.613636363636364,179,34.47,
,2024041309.0,37.0,42.0,27.0,38.8809523809524,0.72972972972973,,0.642857142857143,281,78.55,
,2024041313.0,37.0,45.0,23.0,29.1555555555556,0.621621621621622,,0.511111111111111,156,68.09,
,2024041800.0,37.0,52.0,24.0,37.9038461538462,0.648648648648649,,0.461538461538462,207,77.57,
,2024042716.0,37.0,44.0,22.0,28.1590909090909,0.594594594594595,,0.5,210,49.27,
,2024050123.0,37.0,40.0,24.0,61.25,0.648648648648649,,0.6,178,26.58,
,2024050321.0,37.0,40.0,21.0,72.575,0.567567567567568,,0.525,185,52.88,
,2024040603.0,37.0,51.0,26.0,56.4901960784314,0.702702702702703,,0.509803921568627,220,47.26,
,2024041108.0,37.0,52.0,23.0,61.2884615384615,0.621621621621622,,0.442307692307692,203,70.66,
,2024041203.0,37.0,52.0,24.0,28.2884615384615,0.648648648648649,,0.461538461538462,181,25.88,
,2024042307.0,37.0,43.0,20.0,58.3953488372093,0.540540540540541,,0.465116279069767,271,49.29,
,2024042802.0,37.0,51.0,26.0,31.5882352941177,0.702702702702703,,0.509803921568627,217,29.0,
,2024042901.0,37.0,45.0,24.0,58.0,0.648648648648649,,0.533333333333333,265,39.48,
,2024040614.0,37.0,41.0,29.0,52.3658536585366,0.783783783783784,,0.707317073170732,208,64.24,
,2024040710.0,37.0,42.0,32.0,66.0476190476191,0.864864864864865,,0.761904761904762,238,48.56,
,2024041415.0,37.0,41.0,29.0,90.4390243902439,0.783783783783784,,0.707317073170732,229,42.55,
,2024041423.0,37.0,44.0,27.0,91.6818181818182,0.72972972972973,,0.613636363636364,296,43.67,
,2024041600.0,37.0,52.0,28.0,85.1730769230769,0.756756756756757,,0.538461538461538,404,47.57,
,2024041609.0,37.0,41.0,33.0,86.8048780487805,0.891891891891892,,0.804878048780488,206,67.1,
,2024041813.0,37.0,45.0,25.0,104.0,0.675675675675676,,0.555555555555556,262,73.53,
,2024042014.0,37.0,41.0,27.0,72.9268292682927,0.72972972972973,,0.658536585365854,288,77.32,
,2024042400.0,37.0,42.0,29.0,169.97619047619,0.783783783783784,,0.690476190476191,312,67.21,
,2024042409.0,37.0,46.0,33.0,69.8478260869565,0.891891891891892,,0.717391304347826,268,38.92,
,2024042811.0,37.0,46.0,31.0,68.4347826086957,0.837837837837838,,0.673913043478261,293,61.29,
,2024042813.0,37.0,46.0,33.0,60.2173913043478,0.891891891891892,,0.717391304347826,224,46.26,
,2024042816.0,37.0,42.0,31.0,126.690476190476,0.837837837837838,,0.738095238095238,286,35.28,
,2024042823.0,37.0,43.0,24.0,66.3953488372093,0.648648648648649,,0.558139534883721,218,70.45,
,2024050108.0,37.0,40.0,33.0,61.075,0.891891891891892,,0.825,251,22.31,
,2024040710.0,36.0,44.0,22.0,26.3863636363636,0.611111111111111,,0.5,231,74.11,
,2024040909.0,36.0,45.0,20.0,42.5111111111111,0.555555555555556,,0.444444444444444,228,47.69,
,2024040912.0,36.0,50.0,18.0,23.0,0.5,,0.36,180,58.23,
,2024041100.0,36.0,41.0,23.0,79.9024390243903,0.638888888888889,,0.560975609756098,197,59.56,
,2024041109.0,36.0,48.0,20.0,20.0625,0.555555555555556,,0.416666666666667,161,73.71,
,2024041413.0,36.0,47.0,19.0,37.6808510638298,0.527777777777778,,0.404255319148936,187,58.2,
,2024041707.0,36.0,48.0,17.0,23.1458333333333,0.472222222222222,,0.354166666666667,177,56.84,
,2024042301.0,36.0,46.0,20.0,53.6739130434783,0.555555555555556,,0.434782608695652,226,24.0,
,2024042321.0,36.0,47.0,23.0,65.1063829787234,0.638888888888889,,0.48936170212766,227,51.1,
,2024042603.0,36.0,46.0,25.0,57.5,0.694444444444444,,0.543478260869565,174,29.01,
,2024050308.0,36.0,43.0,15.0,9.32558139534884,0.416666666666667,,0.348837209302326,148,64.25,
,2024050311.0,36.0,47.0,21.0,23.8085106382979,0.583333333333333,,0.446808510638298,188,50.73,
,2024041110.0,36.0,48.0,24.0,53.08333333333329,0.666666666666667,,0.5,163,60.81,
,2024041208.0,36.0,44.0,26.0,47.0909090909091,0.722222222222222,,0.590909090909091,165,22.5,
,2024042023.0,36.0,43.0,22.0,44.2325581395349,0.611111111111111,,0.511627906976744,197,25.09,
,2024042209.0,36.0,49.0,24.0,37.714285714285694,0.666666666666667,,0.489795918367347,167,62.98,
,2024042600.0,36.0,46.0,23.0,64.3478260869565,0.638888888888889,,0.5,186,24.33,
,2024042813.0,36.0,41.0,24.0,96.9024390243903,0.666666666666667,,0.585365853658537,188,24.28,
,2024042900.0,36.0,47.0,26.0,31.5531914893617,0.722222222222222,,0.553191489361702,169,20.73,
,2024042909.0,36.0,44.0,22.0,43.5,0.611111111111111,,0.5,181,77.39,
,2024050111.0,36.0,40.0,24.0,43.6,0.666666666666667,,0.6,146,64.25,
,2024050121.0,36.0,43.0,27.0,35.046511627907,0.75,,0.627906976744186,176,41.2,
,2024050320.0,36.0,37.0,25.0,51.1351351351351,0.694444444444444,,0.675675675675676,176,37.79,
,2024041504.0,36.0,45.0,23.0,54.8444444444444,0.638888888888889,,0.511111111111111,216,40.98,
,2024042404.0,36.0,42.0,26.0,42.0714285714286,0.722222222222222,,0.619047619047619,197,66.48,
,2024042502.0,36.0,52.0,23.0,36.5576923076923,0.638888888888889,,0.442307692307692,184,59.68,
,2024042905.0,36.0,45.0,28.0,34.8666666666667,0.777777777777778,,0.622222222222222,247,31.11,
,2024050103.0,36.0,43.0,19.0,40.093023255814,0.527777777777778,,0.441860465116279,175,30.45,
,2024041009.0,36.0,44.0,29.0,75.1363636363636,0.805555555555556,,0.659090909090909,209,25.9,
,2024041315.0,36.0,40.0,27.0,74.325,0.75,,0.675,217,59.62,
,2024042114.0,36.0,40.0,30.0,61.1,0.833333333333333,,0.75,200,65.86,
,2024042401.0,36.0,43.0,26.0,97.1627906976744,0.722222222222222,,0.604651162790698,223,35.9,
,2024050200.0,36.0,48.0,28.0,106.645833333333,0.777777777777778,,0.583333333333333,311,21.26,
,2024040615.0,35.0,42.0,20.0,41.0714285714286,0.571428571428571,,0.476190476190476,204,24.93,
,2024041105.0,35.0,36.0,24.0,51.1944444444444,0.685714285714286,,0.666666666666667,166,78.07,
,2024041606.0,35.0,42.0,24.0,55.8809523809524,0.685714285714286,,0.571428571428571,158,37.73,
,2024042117.0,35.0,44.0,17.0,16.7272727272727,0.485714285714286,,0.386363636363636,146,66.15,
,2024042200.0,35.0,48.0,19.0,45.52083333333329,0.542857142857143,,0.395833333333333,196,57.48,
,2024042209.0,35.0,42.0,22.0,67.0476190476191,0.628571428571429,,0.523809523809524,192,42.92,
,2024042510.0,35.0,47.0,20.0,58.5744680851064,0.571428571428571,,0.425531914893617,194,32.34,
,2024042701.0,35.0,42.0,19.0,91.2619047619048,0.542857142857143,,0.452380952380952,189,27.28,
,2024042715.0,35.0,46.0,18.0,33.2391304347826,0.514285714285714,,0.391304347826087,209,56.9,
,2024040909.0,35.0,42.0,24.0,29.3809523809524,0.685714285714286,,0.571428571428571,147,66.48,
,2024041908.0,35.0,45.0,28.0,31.9777777777778,0.8,,0.622222222222222,162,58.63,
,2024042400.0,35.0,48.0,24.0,57.10416666666671,0.685714285714286,,0.5,190,51.82,
,2024042823.0,35.0,40.0,20.0,47.125,0.571428571428571,,0.5,161,22.52,
,2024043009.0,35.0,44.0,30.0,52.8636363636364,0.857142857142857,,0.681818181818182,223,78.11,
,2024050322.0,35.0,44.0,22.0,31.0681818181818,0.628571428571429,,0.5,171,67.92,
,2024041006.0,35.0,51.0,20.0,22.5490196078431,0.571428571428571,,0.392156862745098,217,37.57,
,2024041704.0,35.0,48.0,24.0,78.2916666666667,0.685714285714286,,0.5,220,78.8,
,2024040623.0,35.0,42.0,24.0,44.8809523809524,0.685714285714286,,0.571428571428571,194,56.11,
,2024040816.0,35.0,39.0,28.0,92.9487179487179,0.8,,0.717948717948718,279,54.95,
,2024041000.0,35.0,44.0,30.0,87.3636363636364,0.857142857142857,,0.681818181818182,284,64.88,
,2024041900.0,35.0,42.0,24.0,64.2142857142857,0.685714285714286,,0.571428571428571,216,68.71,
,2024042017.0,35.0,37.0,24.0,54.1891891891892,0.685714285714286,,0.648648648648649,160,59.39,
,2024042023.0,35.0,41.0,25.0,55.0,0.714285714285714,,0.609756097560976,227,27.69,
,2024042509.0,35.0,44.0,28.0,60.8409090909091,0.8,,0.636363636363636,229,40.3,
,2024042719.0,35.0,41.0,27.0,177.560975609756,0.771428571428572,,0.658536585365854,325,75.69,
,2024040617.0,34.0,43.0,18.0,39.8139534883721,0.529411764705882,,0.418604651162791,200,33.48,
,2024040902.0,34.0,44.0,25.0,57.0909090909091,0.735294117647059,,0.568181818181818,190,42.33,
,2024041115.0,34.0,40.0,20.0,54.75,0.588235294117647,,0.5,184,45.92,
,2024041309.0,34.0,43.0,19.0,46.2790697674419,0.558823529411765,,0.441860465116279,167,46.36,
,2024041502.0,34.0,37.0,17.0,39.7027027027027,0.5,,0.45945945945946,239,56.78,
,2024041706.0,34.0,42.0,13.0,19.2857142857143,0.382352941176471,,0.30952380952381,138,76.58,
,2024041807.0,34.0,39.0,18.0,43.6153846153846,0.529411764705882,,0.461538461538462,166,34.44,
,2024041901.0,34.0,44.0,22.0,19.7954545454545,0.647058823529412,,0.5,139,27.29,
,2024042116.0,34.0,46.0,15.0,20.3913043478261,0.441176470588235,,0.326086956521739,164,31.85,
,2024042408.0,34.0,43.0,23.0,77.8372093023256,0.676470588235294,,0.534883720930233,186,73.22,
,2024042716.0,34.0,39.0,16.0,30.6410256410256,0.470588235294118,,0.41025641025641,157,58.75,
,2024050208.0,34.0,42.0,21.0,93.4285714285714,0.617647058823529,,0.5,199,37.15,
,2024050210.0,34.0,49.0,22.0,37.0612244897959,0.647058823529412,,0.448979591836735,183,68.96,
,2024041410.0,34.0,42.0,20.0,32.8095238095238,0.588235294117647,,0.476190476190476,151,71.68,
,2024041500.0,34.0,41.0,27.0,22.0487804878049,0.794117647058824,,0.658536585365854,144,70.79,
,2024042012.0,34.0,40.0,25.0,64.075,0.735294117647059,,0.625,142,75.14,
,2024042116.0,34.0,47.0,29.0,34.8510638297872,0.852941176470588,,0.617021276595745,191,35.13,
,2024042408.0,34.0,38.0,23.0,39.3684210526316,0.676470588235294,,0.605263157894737,168,65.3,
,2024042500.0,34.0,42.0,23.0,38.8571428571429,0.676470588235294,,0.547619047619048,161,47.63,
,2024042719.0,34.0,41.0,21.0,64.4390243902439,0.617647058823529,,0.51219512195122,184,70.52,
,2024050200.0,34.0,43.0,23.0,34.3255813953488,0.676470588235294,,0.534883720930233,155,63.71,
,2024040803.0,34.0,37.0,21.0,27.4864864864865,0.617647058823529,,0.567567567567568,151,66.59,
,2024041606.0,34.0,45.0,24.0,43.8,0.705882352941177,,0.533333333333333,196,59.37,
,2024042007.0,34.0,52.0,24.0,30.8846153846154,0.705882352941177,,0.461538461538462,252,30.65,
,2024042306.0,34.0,41.0,26.0,31.3170731707317,0.764705882352941,,0.634146341463415,211,52.7,
,2024042702.0,34.0,55.0,23.0,50.5818181818182,0.676470588235294,,0.418181818181818,292,79.08,
,2024040616.0,34.0,37.0,27.0,72.0810810810811,0.794117647058824,,0.72972972972973,234,76.24,
,2024040901.0,34.0,41.0,26.0,59.29268292682929,0.764705882352941,,0.634146341463415,340,22.59,
,2024040902.0,34.0,38.0,26.0,82.5526315789474,0.764705882352941,,0.68421052631579,251,29.89,
,2024041207.0,34.0,37.0,25.0,64.5675675675676,0.735294117647059,,0.675675675675676,245,27.9,
,2024041209.0,34.0,39.0,26.0,74.9487179487179,0.764705882352941,,0.666666666666667,206,63.56,
,2024041320.0,34.0,44.0,33.0,45.2727272727273,0.970588235294118,,0.75,214,69.07,
,2024041401.0,34.0,40.0,25.0,69.025,0.735294117647059,,0.625,236,32.81,
,2024041421.0,34.0,38.0,26.0,42.421052631578895,0.764705882352941,,0.68421052631579,185,50.35,
,2024041918.0,34.0,40.0,26.0,85.425,0.764705882352941,,0.65,273,70.44,
,2024042600.0,34.0,43.0,23.0,110.53488372093,0.676470588235294,,0.534883720930233,213,63.97,
,2024042900.0,34.0,41.0,21.0,118.073170731707,0.617647058823529,,0.51219512195122,198,52.53,
,2024041201.0,33.0,45.0,19.0,15.1555555555556,0.575757575757576,,0.422222222222222,174,55.42,
,2024041314.0,33.0,48.0,17.0,31.2083333333333,0.515151515151515,,0.354166666666667,158,50.5,
,2024041407.0,33.0,39.0,20.0,26.8717948717949,0.606060606060606,,0.512820512820513,154,37.85,
,2024041803.0,33.0,40.0,17.0,10.675,0.515151515151515,,0.425,123,53.9,
,2024042714.0,33.0,42.0,25.0,94.452380952381,0.757575757575758,,0.595238095238095,207,61.33,
,2024050108.0,33.0,38.0,18.0,29.0789473684211,0.545454545454545,,0.473684210526316,137,72.4,
,2024050109.0,33.0,43.0,23.0,43.953488372093,0.696969696969697,,0.534883720930233,182,58.18,
,2024050302.0,33.0,42.0,18.0,15.952380952381,0.545454545454545,,0.428571428571429,151,65.67,
,2024040623.0,33.0,38.0,22.0,60.078947368421105,0.666666666666667,,0.578947368421053,180,29.6,
,2024041701.0,33.0,48.0,24.0,14.0416666666667,0.727272727272727,,0.5,148,47.69,
,2024041709.0,33.0,39.0,24.0,34.1538461538462,0.727272727272727,,0.615384615384615,138,20.56,
,2024050109.0,33.0,40.0,24.0,28.975,0.727272727272727,,0.6,170,34.8,
,2024050209.0,33.0,44.0,27.0,85.2727272727273,0.818181818181818,,0.613636363636364,161,63.59,
,2024050309.0,33.0,37.0,16.0,35.5675675675676,0.484848484848485,,0.432432432432432,138,79.51,
,2024040802.0,33.0,42.0,25.0,36.5714285714286,0.757575757575758,,0.595238095238095,197,25.95,
,2024041003.0,33.0,52.0,20.0,32.0576923076923,0.606060606060606,,0.384615384615385,174,44.09,
,2024041806.0,33.0,47.0,19.0,27.4893617021277,0.575757575757576,,0.404255319148936,164,68.0,
,2024042004.0,33.0,44.0,18.0,36.5909090909091,0.545454545454545,,0.409090909090909,231,32.24,
,2024042101.0,33.0,44.0,21.0,47.2727272727273,0.636363636363636,,0.477272727272727,188,53.31,
,2024042406.0,33.0,37.0,25.0,44.7027027027027,0.757575757575758,,0.675675675675676,198,63.98,
,2024042607.0,33.0,42.0,28.0,29.8809523809524,0.848484848484849,,0.666666666666667,187,56.96,
,2024040610.0,33.0,39.0,24.0,27.3846153846154,0.727272727272727,,0.615384615384615,172,31.28,
,2024040618.0,33.0,36.0,24.0,72.0833333333333,0.727272727272727,,0.666666666666667,219,41.32,
,2024040619.0,33.0,36.0,24.0,69.75,0.727272727272727,,0.666666666666667,184,67.03,
,2024040907.0,33.0,34.0,25.0,106.352941176471,0.757575757575758,,0.735294117647059,251,53.25,
,2024041416.0,33.0,38.0,28.0,103.578947368421,0.848484848484849,,0.736842105263158,253,20.31,
,2024041523.0,33.0,38.0,28.0,157.342105263158,0.848484848484849,,0.736842105263158,290,65.66,
,2024041709.0,33.0,40.0,26.0,60.65,0.787878787878788,,0.65,199,22.12,
,2024042009.0,33.0,38.0,28.0,107.868421052632,0.848484848484849,,0.736842105263158,224,64.74,
,2024042300.0,33.0,48.0,25.0,140.125,0.757575757575758,,0.520833333333333,214,32.15,
,2024042818.0,33.0,37.0,24.0,56.4864864864865,0.727272727272727,,0.648648648648649,198,77.48,
,2024050100.0,33.0,42.0,25.0,110.97619047619,0.757575757575758,,0.595238095238095,207,42.08,
,2024040809.0,32.0,41.0,17.0,69.8780487804878,0.53125,,0.414634146341463,207,39.62,
,2024041007.0,32.0,43.0,20.0,31.4418604651163,0.625,,0.465116279069767,163,28.93,
,2024041907.0,32.0,39.0,18.0,16.3076923076923,0.5625,,0.461538461538462,140,38.34,
,2024042113.0,32.0,44.0,18.0,33.0681818181818,0.5625,,0.409090909090909,159,72.6,
,2024042201.0,32.0,39.0,18.0,86.8717948717949,0.5625,,0.461538461538462,197,79.78,
,2024042508.0,32.0,38.0,22.0,47.3157894736842,0.6875,,0.578947368421053,150,42.1,
,2024042601.0,32.0,45.0,22.0,96.4222222222222,0.6875,,0.488888888888889,227,46.92,
,2024042703.0,32.0,37.0,12.0,20.4324324324324,0.375,,0.324324324324324,124,63.32,
,2024041903.0,32.0,37.0,23.0,31.8378378378378,0.71875,,0.621621621621622,121,73.17,
,2024041904.0,32.0,39.0,17.0,23.5641025641026,0.53125,,0.435897435897436,135,55.58,
,2024042300.0,32.0,42.0,22.0,15.547619047619,0.6875,,0.523809523809524,153,43.49,
,2024042308.0,32.0,40.0,24.0,40.225,0.75,,0.6,167,44.76,
,2024040604.0,32.0,45.0,17.0,30.3111111111111,0.53125,,0.377777777777778,208,61.74,
,2024040608.0,32.0,40.0,18.0,51.325,0.5625,,0.45,215,20.19,
,2024041302.0,32.0,41.0,24.0,40.9024390243903,0.75,,0.585365853658537,205,57.18,
,2024042104.0,32.0,37.0,24.0,75.2162162162162,0.75,,0.648648648648649,234,41.33,
,2024042107.0,32.0,39.0,26.0,87.0769230769231,0.8125,,0.666666666666667,238,67.65,
,2024042109.0,32.0,36.0,24.0,90.0277777777778,0.75,,0.666666666666667,188,25.58,
,2024042206.0,32.0,38.0,16.0,21.0,0.5,,0.421052631578947,169,55.29,
,2024042602.0,32.0,39.0,18.0,58.2307692307692,0.5625,,0.461538461538462,194,48.86,
,2024042703.0,32.0,42.0,15.0,18.547619047619,0.46875,,0.357142857142857,206,58.54,
,2024042907.0,32.0,52.0,22.0,40.2307692307692,0.6875,,0.423076923076923,202,23.89,
,2024043003.0,32.0,42.0,25.0,59.2380952380952,0.78125,,0.595238095238095,180,54.8,
,2024050205.0,32.0,43.0,24.0,73.4651162790698,0.75,,0.558139534883721,240,53.69,
,2024040608.0,32.0,35.0,26.0,44.0285714285714,0.8125,,0.742857142857143,186,53.64,
,2024041309.0,32.0,37.0,25.0,88.7027027027027,0.78125,,0.675675675675676,259,56.21,
,2024041316.0,32.0,40.0,24.0,78.5,0.75,,0.6,206,60.59,
,2024041323.0,32.0,38.0,20.0,75.2368421052632,0.625,,0.526315789473684,168,68.3,
,2024042113.0,32.0,41.0,26.0,90.219512195122,0.8125,,0.634146341463415,218,36.19,
,2024042323.0,32.0,32.0,25.0,125.25,0.78125,,0.78125,206,69.5,
,2024042809.0,32.0,35.0,24.0,108.514285714286,0.75,,0.685714285714286,214,49.9,
,2024050202.0,32.0,34.0,24.0,72.1176470588235,0.75,,0.705882352941177,220,24.62,
,2024050302.0,32.0,35.0,23.0,61.714285714285694,0.71875,,0.657142857142857,171,23.51,
,2024040908.0,31.0,41.0,13.0,27.6585365853659,0.419354838709677,,0.317073170731707,150,40.05,
,2024041001.0,31.0,42.0,11.0,22.547619047619,0.354838709677419,,0.261904761904762,157,67.09,
,2024041101.0,31.0,42.0,12.0,47.714285714285694,0.387096774193548,,0.285714285714286,139,62.46,
,2024041401.0,31.0,37.0,17.0,17.9189189189189,0.548387096774194,,0.45945945945946,140,67.32,
,2024041508.0,31.0,40.0,16.0,37.8,0.516129032258065,,0.4,170,51.04,
,2024041608.0,31.0,42.0,15.0,34.5714285714286,0.483870967741936,,0.357142857142857,160,46.41,
,2024041701.0,31.0,51.0,17.0,52.8823529411765,0.548387096774194,,0.333333333333333,216,28.85,
,2024042100.0,31.0,48.0,15.0,9.75,0.483870967741936,,0.3125,166,39.69,
,2024042101.0,31.0,41.0,16.0,21.9512195121951,0.516129032258065,,0.390243902439024,153,46.04,
,2024042300.0,31.0,44.0,25.0,73.25,0.806451612903226,,0.568181818181818,227,25.32,
,2024042306.0,31.0,36.0,15.0,18.4722222222222,0.483870967741936,,0.416666666666667,131,33.24,
,2024042405.0,31.0,39.0,8.0,22.948717948718,0.258064516129032,,0.205128205128205,162,55.89,
,2024042501.0,31.0,38.0,18.0,72.2368421052632,0.580645161290323,,0.473684210526316,166,64.14,
,2024042808.0,31.0,41.0,14.0,9.26829268292683,0.451612903225806,,0.341463414634146,144,79.9,
,2024042908.0,31.0,39.0,25.0,29.4102564102564,0.806451612903226,,0.641025641025641,166,75.99,
,2024040719.0,31.0,38.0,18.0,49.3947368421053,0.580645161290323,,0.473684210526316,141,58.55,
,2024041003.0,31.0,38.0,23.0,38.3947368421053,0.741935483870968,,0.605263157894737,142,45.27,
,2024041201.0,31.0,37.0,23.0,49.6216216216216,0.741935483870968,,0.621621621621622,120,58.17,
,2024041207.0,31.0,37.0,21.0,19.027027027027,0.67741935483871,,0.567567567567568,140,67.14,
,2024042009.0,31.0,33.0,21.0,21.030303030303,0.67741935483871,,0.636363636363636,129,27.1,
,2024042608.0,31.0,38.0,22.0,37.3684210526316,0.709677419354839,,0.578947368421053,161,44.59,
,2024043008.0,31.0,35.0,22.0,29.5714285714286,0.709677419354839,,0.628571428571429,139,70.39,
,2024041104.0,31.0,41.0,16.0,15.4634146341463,0.516129032258065,,0.390243902439024,137,43.03,
,2024041503.0,31.0,37.0,22.0,69.8648648648649,0.709677419354839,,0.594594594594595,190,54.31,
,2024041906.0,31.0,44.0,18.0,22.1818181818182,0.580645161290323,,0.409090909090909,139,55.27,
,2024042003.0,31.0,40.0,19.0,35.375,0.612903225806452,,0.475,170,31.07,
,2024042008.0,31.0,44.0,20.0,93.2954545454546,0.645161290322581,,0.454545454545455,221,41.73,
,2024042903.0,31.0,42.0,22.0,88.0476190476191,0.709677419354839,,0.523809523809524,213,40.07,
,2024040609.0,31.0,35.0,26.0,41.4285714285714,0.838709677419355,,0.742857142857143,191,21.57,
,2024041802.0,31.0,34.0,23.0,197.117647058824,0.741935483870968,,0.676470588235294,186,21.45,
,2024042000.0,31.0,42.0,21.0,71.4285714285714,0.67741935483871,,0.5,238,69.9,
,2024042709.0,31.0,36.0,20.0,32.5833333333333,0.645161290322581,,0.555555555555556,170,36.38,
,2024042812.0,31.0,38.0,22.0,75.4473684210526,0.709677419354839,,0.578947368421053,175,51.08,
,2024042923.0,31.0,34.0,25.0,88.7941176470588,0.806451612903226,,0.735294117647059,201,37.92,
,2024050101.0,31.0,35.0,23.0,85.1714285714286,0.741935483870968,,0.657142857142857,187,76.44,
,2024050107.0,31.0,35.0,24.0,46.0,0.774193548387097,,0.685714285714286,189,35.56,
,2024040601.0,30.0,40.0,18.0,36.7,0.6,,0.45,148,45.78,
,2024040800.0,30.0,38.0,23.0,56.5,0.766666666666667,,0.605263157894737,170,72.36,
,2024040808.0,30.0,40.0,18.0,23.8,0.6,,0.45,153,70.52,
,2024041301.0,30.0,39.0,20.0,58.1025641025641,0.666666666666667,,0.512820512820513,183,31.17,
,2024041306.0,30.0,36.0,14.0,11.8055555555556,0.466666666666667,,0.388888888888889,148,68.16,
,2024041806.0,30.0,36.0,17.0,35.7777777777778,0.566666666666667,,0.472222222222222,161,47.49,
,2024042023.0,30.0,45.0,18.0,23.9333333333333,0.6,,0.4,143,48.98,
,2024042401.0,30.0,43.0,17.0,41.4186046511628,0.566666666666667,,0.395348837209302,148,28.01,
,2024042802.0,30.0,39.0,10.0,17.4102564102564,0.333333333333333,,0.256410256410256,119,24.84,
,2024043001.0,30.0,44.0,18.0,55.7727272727273,0.6,,0.409090909090909,205,63.68,
,2024050201.0,30.0,44.0,14.0,26.25,0.466666666666667,,0.318181818181818,149,49.79,
,2024040808.0,30.0,36.0,23.0,36.36111111111111,0.766666666666667,,0.638888888888889,119,46.21,
,2024041308.0,30.0,35.0,19.0,48.8,0.633333333333333,,0.542857142857143,119,63.77,
,2024041605.0,30.0,31.0,19.0,24.1290322580645,0.633333333333333,,0.612903225806452,110,65.93,
,2024042001.0,30.0,37.0,21.0,46.6486486486486,0.7,,0.567567567567568,147,29.53,
,2024042401.0,30.0,38.0,22.0,24.0789473684211,0.733333333333333,,0.578947368421053,140,56.61,
,2024042501.0,30.0,39.0,21.0,39.3076923076923,0.7,,0.538461538461538,154,28.12,
,2024042923.0,30.0,40.0,21.0,47.1,0.7,,0.525,198,65.08,
,2024043000.0,30.0,38.0,21.0,52.1578947368421,0.7,,0.552631578947369,134,59.42,
,2024050207.0,30.0,34.0,17.0,38.1764705882353,0.566666666666667,,0.5,122,77.4,
,2024050208.0,30.0,34.0,22.0,39.3529411764706,0.733333333333333,,0.647058823529412,144,24.14,
,2024050300.0,30.0,35.0,18.0,55.8285714285714,0.6,,0.514285714285714,141,23.42,
,2024040607.0,30.0,40.0,16.0,33.15,0.533333333333333,,0.4,165,36.93,
,2024041307.0,30.0,43.0,20.0,37.1162790697674,0.666666666666667,,0.465116279069767,200,35.7,
,2024041505.0,30.0,36.0,20.0,63.4444444444444,0.666666666666667,,0.555555555555556,222,34.82,
,2024041605.0,30.0,35.0,20.0,100.628571428571,0.666666666666667,,0.571428571428571,206,74.38,
,2024041803.0,30.0,41.0,19.0,50.07317073170729,0.633333333333333,,0.463414634146342,180,34.97,
,2024042106.0,30.0,33.0,20.0,74.8787878787879,0.666666666666667,,0.606060606060606,202,36.32,
,2024042203.0,30.0,39.0,22.0,68.1025641025641,0.733333333333333,,0.564102564102564,172,65.56,
,2024042303.0,30.0,36.0,21.0,221.972222222222,0.7,,0.583333333333333,218,46.98,
,2024042403.0,30.0,41.0,18.0,116.243902439024,0.6,,0.439024390243902,171,66.6,
,2024042603.0,30.0,33.0,17.0,124.636363636364,0.566666666666667,,0.515151515151515,134,23.92,
,2024042902.0,30.0,38.0,22.0,29.5526315789474,0.733333333333333,,0.578947368421053,202,49.25,
,2024043005.0,30.0,39.0,22.0,56.4871794871795,0.733333333333333,,0.564102564102564,180,22.02,
,2024043006.0,30.0,41.0,22.0,49.219512195122,0.733333333333333,,0.536585365853659,220,23.76,
,2024050104.0,30.0,40.0,22.0,80.45,0.733333333333333,,0.55,201,74.39,
,2024041208.0,30.0,34.0,25.0,103.411764705882,0.833333333333333,,0.735294117647059,193,28.35,
,2024041409.0,30.0,36.0,26.0,45.83333333333329,0.866666666666667,,0.722222222222222,195,51.95,
,2024041622.0,30.0,34.0,21.0,193.647058823529,0.7,,0.617647058823529,190,44.67,
,2024042100.0,30.0,39.0,26.0,84.5897435897436,0.866666666666667,,0.666666666666667,291,40.84,
,2024042408.0,30.0,36.0,25.0,72.0833333333333,0.833333333333333,,0.694444444444444,218,73.99,
,2024042501.0,30.0,36.0,22.0,81.6944444444444,0.733333333333333,,0.611111111111111,198,21.31,
,2024042901.0,30.0,33.0,21.0,91.0909090909091,0.7,,0.636363636363636,229,59.83,
,2024040700.0,29.0,43.0,20.0,36.2558139534884,0.689655172413793,,0.465116279069767,168,77.8,
,2024041002.0,29.0,34.0,15.0,45.5882352941176,0.517241379310345,,0.441176470588235,130,53.61,
,2024041106.0,29.0,33.0,7.0,17.9090909090909,0.241379310344828,,0.212121212121212,108,76.21,
,2024041308.0,29.0,35.0,15.0,47.3142857142857,0.517241379310345,,0.428571428571429,126,23.14,
,2024041403.0,29.0,35.0,17.0,17.6571428571429,0.586206896551724,,0.485714285714286,121,45.13,
,2024041802.0,29.0,36.0,11.0,21.0555555555556,0.379310344827586,,0.305555555555556,127,35.61,
,2024042001.0,29.0,37.0,24.0,46.5945945945946,0.827586206896552,,0.648648648648649,193,63.85,
,2024043007.0,29.0,38.0,14.0,33.8157894736842,0.482758620689655,,0.368421052631579,153,78.88,
,2024040717.0,29.0,34.0,19.0,38.1764705882353,0.655172413793103,,0.558823529411765,114,35.39,
,2024042112.0,29.0,40.0,21.0,63.9,0.724137931034483,,0.525,222,59.25,
,2024042723.0,29.0,37.0,17.0,41.1621621621622,0.586206896551724,,0.45945945945946,131,31.89,
,2024040601.0,29.0,42.0,19.0,54.6190476190476,0.655172413793103,,0.452380952380952,214,53.92,
,2024040906.0,29.0,36.0,25.0,107.916666666667,0.862068965517241,,0.694444444444444,186,47.84,
,2024041804.0,29.0,39.0,15.0,60.1538461538462,0.517241379310345,,0.384615384615385,142,78.32,
,2024042405.0,29.0,35.0,23.0,95.5428571428571,0.793103448275862,,0.657142857142857,179,56.51,
,2024042504.0,29.0,36.0,21.0,64.8055555555556,0.724137931034483,,0.583333333333333,175,40.97,
,2024042506.0,29.0,38.0,23.0,35.9736842105263,0.793103448275862,,0.605263157894737,221,26.85,
,2024043004.0,29.0,40.0,18.0,42.55,0.620689655172414,,0.45,191,29.07,
,2024050204.0,29.0,36.0,23.0,46.61111111111111,0.793103448275862,,0.638888888888889,170,33.52,
,2024040715.0,29.0,32.0,24.0,74.71875,0.827586206896552,,0.75,151,35.06,
,2024041008.0,29.0,33.0,23.0,124.242424242424,0.793103448275862,,0.696969696969697,153,71.04,
,2024041109.0,29.0,32.0,21.0,153.9375,0.724137931034483,,0.65625,189,53.67,
,2024041223.0,29.0,37.0,27.0,64.4054054054054,0.931034482758621,,0.72972972972973,190,51.4,
,2024041317.0,29.0,34.0,21.0,74.5588235294118,0.724137931034483,,0.617647058823529,188,26.89,
,2024041508.0,29.0,35.0,24.0,78.4571428571429,0.827586206896552,,0.685714285714286,192,71.61,
,2024041608.0,29.0,35.0,23.0,99.6857142857143,0.793103448275862,,0.657142857142857,151,63.37,
,2024041808.0,29.0,32.0,23.0,117.6875,0.793103448275862,,0.71875,131,24.06,
,2024042609.0,29.0,33.0,20.0,59.303030303030305,0.689655172413793,,0.606060606060606,175,62.47,
,2024050308.0,29.0,34.0,22.0,78.6176470588235,0.758620689655172,,0.647058823529412,181,52.61,
,2024040801.0,28.0,36.0,14.0,93.0833333333333,0.5,,0.388888888888889,144,24.9,
,2024041503.0,28.0,35.0,16.0,22.6,0.571428571428571,,0.457142857142857,130,47.5,
,2024041507.0,28.0,34.0,17.0,13.3529411764706,0.607142857142857,,0.5,122,49.08,
,2024042108.0,28.0,35.0,15.0,23.0,0.535714285714286,,0.428571428571429,142,29.95,
,2024042602.0,28.0,32.0,19.0,26.1875,0.678571428571429,,0.59375,155,76.74,
,2024042801.0,28.0,40.0,16.0,56.425,0.571428571428571,,0.4,175,71.0,
,2024042809.0,28.0,39.0,14.0,27.3589743589744,0.5,,0.358974358974359,164,60.14,
,2024043008.0,28.0,36.0,17.0,18.9166666666667,0.607142857142857,,0.472222222222222,124,47.74,
,2024040710.0,28.0,33.0,22.0,59.969696969697,0.785714285714286,,0.666666666666667,144,44.71,
,2024040900.0,28.0,39.0,20.0,92.4615384615385,0.714285714285714,,0.512820512820513,158,59.06,
,2024041502.0,28.0,35.0,22.0,38.11428571428569,0.785714285714286,,0.628571428571429,131,52.73,
,2024041601.0,28.0,37.0,21.0,46.8378378378378,0.75,,0.567567567567568,153,23.74,
,2024041807.0,28.0,34.0,15.0,17.8235294117647,0.535714285714286,,0.441176470588235,111,50.75,
,2024042200.0,28.0,37.0,21.0,38.8108108108108,0.75,,0.567567567567568,149,68.38,
,2024042508.0,28.0,36.0,21.0,50.83333333333329,0.75,,0.583333333333333,168,47.55,
,2024042601.0,28.0,34.0,21.0,86.7352941176471,0.75,,0.617647058823529,165,23.12,
,2024042700.0,28.0,38.0,18.0,32.8684210526316,0.642857142857143,,0.473684210526316,148,67.18,
,2024042901.0,28.0,34.0,21.0,25.3235294117647,0.75,,0.617647058823529,110,32.08,
,2024042906.0,28.0,33.0,19.0,32.9090909090909,0.678571428571429,,0.575757575757576,127,35.52,
,2024040706.0,28.0,37.0,17.0,71.3243243243243,0.607142857142857,,0.45945945945946,247,29.88,
,2024041705.0,28.0,34.0,19.0,55.6176470588235,0.678571428571429,,0.558823529411765,158,39.81,
,2024041805.0,28.0,31.0,19.0,14.5161290322581,0.678571428571429,,0.612903225806452,133,65.41,
,2024042707.0,28.0,37.0,19.0,22.4864864864865,0.678571428571429,,0.513513513513514,129,51.16,
,2024042804.0,28.0,37.0,17.0,42.2972972972973,0.607142857142857,,0.45945945945946,151,32.29,
,2024050203.0,28.0,36.0,16.0,37.1944444444444,0.571428571428571,,0.444444444444444,158,72.67,
,2024040709.0,28.0,33.0,25.0,58.969696969697,0.892857142857143,,0.757575757575758,177,72.77,
,2024041202.0,28.0,33.0,20.0,48.5151515151515,0.714285714285714,,0.606060606060606,162,72.23,
,2024041500.0,28.0,32.0,18.0,56.96875,0.642857142857143,,0.5625,163,34.33,
,2024041708.0,28.0,29.0,25.0,104.965517241379,0.892857142857143,,0.862068965517241,208,47.07,
,2024041801.0,28.0,31.0,22.0,50.741935483871,0.785714285714286,,0.709677419354839,145,79.1,
,2024041901.0,28.0,37.0,21.0,65.4594594594595,0.75,,0.567567567567568,223,66.32,
,2024041908.0,28.0,33.0,27.0,102.060606060606,0.964285714285714,,0.818181818181818,215,21.63,
,2024042117.0,28.0,31.0,25.0,110.064516129032,0.892857142857143,,0.806451612903226,196,23.91,
,2024042601.0,28.0,32.0,22.0,86.21875,0.785714285714286,,0.6875,223,47.84,
,2024042800.0,28.0,36.0,21.0,49.41666666666671,0.75,,0.583333333333333,167,74.55,
,2024042801.0,28.0,38.0,21.0,78.0,0.75,,0.552631578947369,205,52.32,
,2024042810.0,28.0,37.0,20.0,49.4324324324324,0.714285714285714,,0.540540540540541,172,49.87,
,2024043001.0,28.0,36.0,24.0,107.694444444444,0.857142857142857,,0.666666666666667,200,26.33,
,2024041003.0,27.0,32.0,21.0,117.4375,0.777777777777778,,0.65625,184,59.41,
,2024041204.0,27.0,33.0,14.0,25.0606060606061,0.518518518518519,,0.424242424242424,170,69.33,
,2024041505.0,27.0,32.0,12.0,21.28125,0.444444444444444,,0.375,109,42.83,
,2024041703.0,27.0,35.0,18.0,26.1714285714286,0.666666666666667,,0.514285714285714,160,66.54,
,2024042109.0,27.0,35.0,17.0,41.2571428571429,0.62962962962963,,0.485714285714286,136,77.87,
,2024042307.0,27.0,33.0,18.0,62.4848484848485,0.666666666666667,,0.545454545454545,153,32.23,
,2024042308.0,27.0,38.0,16.0,84.0,0.592592592592593,,0.421052631578947,203,51.4,
,2024042710.0,27.0,38.0,23.0,55.1315789473684,0.851851851851852,,0.605263157894737,128,37.23,
,2024042810.0,27.0,35.0,16.0,14.5428571428571,0.592592592592593,,0.457142857142857,129,67.57,
,2024050202.0,27.0,36.0,16.0,27.6944444444444,0.592592592592593,,0.444444444444444,176,54.66,
,2024040700.0,27.0,32.0,16.0,46.3125,0.592592592592593,,0.5,137,58.07,
,2024041107.0,27.0,30.0,17.0,37.1333333333333,0.62962962962963,,0.566666666666667,101,67.87,
,2024041402.0,27.0,34.0,17.0,71.7058823529412,0.62962962962963,,0.5,170,43.76,
,2024041503.0,27.0,34.0,20.0,33.2647058823529,0.740740740740741,,0.588235294117647,119,74.91,
,2024041507.0,27.0,33.0,18.0,18.0,0.666666666666667,,0.545454545454545,115,51.98,
,2024041703.0,27.0,32.0,20.0,34.0,0.740740740740741,,0.625,127,29.48,
,2024041803.0,27.0,32.0,19.0,19.21875,0.703703703703704,,0.59375,109,61.75,
,2024042506.0,27.0,30.0,19.0,21.4333333333333,0.703703703703704,,0.633333333333333,109,67.6,
,2024042609.0,27.0,32.0,18.0,49.15625,0.666666666666667,,0.5625,164,39.01,
,2024043001.0,27.0,32.0,13.0,74.25,0.481481481481481,,0.40625,147,71.43,
,2024050306.0,27.0,30.0,20.0,73.8333333333333,0.740740740740741,,0.666666666666667,122,74.37,
,2024041405.0,27.0,40.0,13.0,50.175,0.481481481481481,,0.325,171,36.61,
,2024042103.0,27.0,33.0,18.0,46.2727272727273,0.666666666666667,,0.545454545454545,208,79.01,
,2024042108.0,27.0,41.0,11.0,44.92682926829271,0.407407407407407,,0.268292682926829,160,28.44,
,2024042204.0,27.0,38.0,22.0,77.5789473684211,0.814814814814815,,0.578947368421053,211,32.12,
,2024042605.0,27.0,40.0,18.0,52.15,0.666666666666667,,0.45,184,31.05,
,2024042806.0,27.0,43.0,13.0,50.9767441860465,0.481481481481481,,0.302325581395349,153,73.64,
,2024042906.0,27.0,37.0,15.0,47.7297297297297,0.555555555555556,,0.405405405405405,158,59.26,
,2024040807.0,27.0,32.0,22.0,58.875,0.814814814814815,,0.6875,148,29.13,
,2024041001.0,27.0,31.0,22.0,89.7096774193548,0.814814814814815,,0.709677419354839,163,46.42,
,2024041509.0,27.0,34.0,22.0,42.0,0.814814814814815,,0.647058823529412,131,56.92,
,2024042101.0,27.0,31.0,23.0,110.806451612903,0.851851851851852,,0.741935483870968,178,25.01,
,2024042307.0,27.0,33.0,25.0,45.121212121212096,0.925925925925926,,0.757575757575758,166,72.94,
,2024042508.0,27.0,33.0,22.0,71.3939393939394,0.814814814814815,,0.666666666666667,194,68.22,
,2024042701.0,27.0,33.0,24.0,84.1515151515152,0.888888888888889,,0.727272727272727,247,50.31,
,2024040903.0,26.0,34.0,11.0,23.0,0.423076923076923,,0.323529411764706,118,78.03,
,2024041402.0,26.0,34.0,13.0,62.7352941176471,0.5,,0.382352941176471,122,45.07,
,2024041408.0,26.0,31.0,14.0,33.5806451612903,0.538461538461538,,0.451612903225806,103,79.05,
,2024041504.0,26.0,33.0,17.0,33.5454545454546,0.653846153846154,,0.515151515151515,117,60.08,
,2024042208.0,26.0,29.0,15.0,33.7586206896552,0.576923076923077,,0.517241379310345,106,58.08,
,2024042702.0,26.0,30.0,13.0,42.8,0.5,,0.433333333333333,130,29.96,
,2024043005.0,26.0,30.0,9.0,83.3666666666667,0.346153846153846,,0.3,117,72.92,
,2024050310.0,26.0,41.0,15.0,15.7560975609756,0.576923076923077,,0.365853658536585,144,45.65,
,2024040609.0,26.0,36.0,21.0,24.9166666666667,0.807692307692308,,0.583333333333333,127,29.73,
,2024041007.0,26.0,40.0,21.0,53.325,0.807692307692308,,0.525,160,20.76,
,2024041202.0,26.0,31.0,16.0,22.4838709677419,0.615384615384615,,0.516129032258065,110,53.59,
,2024041204.0,26.0,30.0,15.0,61.6333333333333,0.576923076923077,,0.5,113,51.64,
,2024041401.0,26.0,34.0,18.0,58.6470588235294,0.692307692307692,,0.529411764705882,127,63.16,
,2024041408.0,26.0,29.0,16.0,48.20689655172409,0.615384615384615,,0.551724137931035,103,73.42,
,2024041602.0,26.0,35.0,17.0,51.0285714285714,0.653846153846154,,0.485714285714286,152,24.76,
,2024041806.0,26.0,33.0,18.0,43.7878787878788,0.692307692307692,,0.545454545454545,159,63.89,
,2024041906.0,26.0,31.0,19.0,47.4193548387097,0.730769230769231,,0.612903225806452,129,31.24,
,2024042709.0,26.0,30.0,15.0,38.3666666666667,0.576923076923077,,0.5,121,71.49,
,2024043007.0,26.0,36.0,18.0,19.7777777777778,0.692307692307692,,0.5,130,69.14,
,2024050307.0,26.0,29.0,19.0,48.9310344827586,0.730769230769231,,0.655172413793103,103,52.45,
,2024040606.0,26.0,32.0,20.0,71.65625,0.769230769230769,,0.625,200,62.61,
,2024041103.0,26.0,39.0,18.0,15.2820512820513,0.692307692307692,,0.461538461538462,151,38.86,
,2024041903.0,26.0,43.0,16.0,23.3023255813953,0.615384615384615,,0.372093023255814,159,48.27,
,2024042706.0,26.0,35.0,20.0,16.0285714285714,0.769230769230769,,0.571428571428571,151,69.3,
,2024042803.0,26.0,41.0,14.0,44.6829268292683,0.538461538461538,,0.341463414634146,172,47.56,
,2024050106.0,26.0,36.0,18.0,27.6944444444444,0.692307692307692,,0.5,152,41.47,
,2024040601.0,26.0,33.0,19.0,77.5151515151515,0.730769230769231,,0.575757575757576,219,49.65,
,2024040606.0,26.0,28.0,20.0,154.285714285714,0.769230769230769,,0.714285714285714,130,69.69,
,2024041108.0,26.0,29.0,21.0,133.206896551724,0.807692307692308,,0.724137931034483,186,40.11,
,2024041300.0,26.0,36.0,23.0,70.9166666666667,0.884615384615385,,0.638888888888889,174,30.43,
,2024041602.0,26.0,32.0,19.0,60.28125,0.730769230769231,,0.59375,162,62.72,
,2024041800.0,26.0,34.0,19.0,56.6470588235294,0.730769230769231,,0.558823529411765,154,69.56,
,2024041902.0,26.0,33.0,13.0,48.878787878787904,0.5,,0.393939393939394,134,26.04,
,2024042110.0,26.0,30.0,19.0,76.5333333333333,0.730769230769231,,0.633333333333333,126,34.39,
,2024042201.0,26.0,31.0,21.0,74.2903225806452,0.807692307692308,,0.67741935483871,168,28.52,
,2024042407.0,26.0,29.0,19.0,62.5172413793103,0.730769230769231,,0.655172413793103,163,40.88,
,2024042502.0,26.0,29.0,17.0,60.20689655172409,0.653846153846154,,0.586206896551724,155,47.02,
,2024042908.0,26.0,32.0,23.0,34.78125,0.884615384615385,,0.71875,127,64.93,
,2024050201.0,26.0,33.0,20.0,64.3333333333333,0.769230769230769,,0.606060606060606,187,59.07,
,2024050307.0,26.0,30.0,22.0,109.266666666667,0.846153846153846,,0.733333333333333,156,57.26,
,2024040602.0,25.0,32.0,15.0,85.625,0.6,,0.46875,152,41.14,
,2024040608.0,25.0,29.0,16.0,42.3103448275862,0.64,,0.551724137931035,119,70.49,
,2024040708.0,25.0,30.0,14.0,45.5,0.56,,0.466666666666667,107,48.28,
,2024040906.0,25.0,35.0,19.0,66.7714285714286,0.76,,0.542857142857143,154,78.75,
,2024041004.0,25.0,30.0,13.0,24.6666666666667,0.52,,0.433333333333333,102,58.05,
,2024041006.0,25.0,33.0,12.0,10.9393939393939,0.48,,0.363636363636364,95,27.58,
,2024041302.0,25.0,34.0,13.0,27.7647058823529,0.52,,0.382352941176471,120,60.57,
,2024041307.0,25.0,30.0,16.0,15.3666666666667,0.64,,0.533333333333333,118,39.51,
,2024041506.0,25.0,30.0,14.0,56.9333333333333,0.56,,0.466666666666667,121,61.18,
,2024041601.0,25.0,32.0,14.0,101.5625,0.56,,0.4375,155,24.18,
,2024041906.0,25.0,30.0,15.0,28.1,0.6,,0.5,132,30.49,
,2024042709.0,25.0,35.0,17.0,6.82857142857143,0.68,,0.485714285714286,112,71.34,
,2024042907.0,25.0,30.0,16.0,53.83333333333329,0.64,,0.533333333333333,109,33.63,
,2024050101.0,25.0,32.0,15.0,55.96875,0.6,,0.46875,125,70.22,
,2024050307.0,25.0,30.0,10.0,23.5,0.4,,0.333333333333333,106,36.76,
,2024040602.0,25.0,30.0,21.0,27.6,0.84,,0.7,105,58.57,
,2024041622.0,25.0,29.0,16.0,28.4137931034483,0.64,,0.551724137931035,95,61.65,
,2024041707.0,25.0,31.0,18.0,38.8709677419355,0.72,,0.580645161290323,105,50.76,
,2024041802.0,25.0,28.0,17.0,24.7857142857143,0.68,,0.607142857142857,113,38.32,
,2024042109.0,25.0,29.0,17.0,26.5172413793103,0.68,,0.586206896551724,106,32.76,
,2024042302.0,25.0,29.0,18.0,28.8620689655172,0.72,,0.620689655172414,99,21.99,
,2024042307.0,25.0,31.0,18.0,58.3548387096774,0.72,,0.580645161290323,118,38.24,
,2024042402.0,25.0,26.0,20.0,80.1153846153846,0.8,,0.769230769230769,109,59.19,
,2024042507.0,25.0,29.0,16.0,38.7586206896552,0.64,,0.551724137931035,127,76.3,
,2024050100.0,25.0,34.0,16.0,33.1470588235294,0.64,,0.470588235294118,113,72.27,
,2024041604.0,25.0,32.0,18.0,71.96875,0.72,,0.5625,182,65.96,
,2024042102.0,25.0,32.0,13.0,15.21875,0.52,,0.40625,124,67.31,
,2024042205.0,25.0,36.0,17.0,26.9722222222222,0.68,,0.472222222222222,171,59.9,
,2024042505.0,25.0,39.0,16.0,47.8205128205128,0.64,,0.41025641025641,147,35.62,
,2024042604.0,25.0,31.0,17.0,107.0,0.68,,0.548387096774194,188,74.43,
,2024041203.0,25.0,25.0,19.0,76.48,0.76,,0.76,152,60.24,
,2024041909.0,25.0,33.0,19.0,84.3333333333333,0.76,,0.575757575757576,159,53.63,
,2024042109.0,25.0,27.0,23.0,112.666666666667,0.92,,0.851851851851852,200,26.66,
,2024042200.0,25.0,32.0,20.0,34.53125,0.8,,0.625,126,46.82,
,2024042902.0,25.0,28.0,19.0,120.107142857143,0.76,,0.678571428571429,132,47.62,
,2024050304.0,25.0,25.0,12.0,47.04,0.48,,0.48,131,71.87,
,2024040603.0,24.0,32.0,15.0,35.28125,0.625,,0.46875,158,52.8,
,2024040609.0,24.0,34.0,14.0,63.3529411764706,0.583333333333333,,0.411764705882353,138,42.82,
,2024040709.0,24.0,30.0,15.0,48.2666666666667,0.625,,0.5,119,78.61,
,2024041005.0,24.0,34.0,17.0,41.470588235294095,0.708333333333333,,0.5,156,26.64,
,2024041206.0,24.0,32.0,12.0,20.09375,0.5,,0.375,111,45.35,
,2024041304.0,24.0,28.0,11.0,49.214285714285694,0.458333333333333,,0.392857142857143,137,22.52,
,2024041602.0,24.0,27.0,13.0,18.4814814814815,0.541666666666667,,0.481481481481481,107,64.39,
,2024041805.0,24.0,29.0,12.0,41.0344827586207,0.5,,0.413793103448276,108,75.08,
,2024042706.0,24.0,30.0,13.0,24.0666666666667,0.541666666666667,,0.433333333333333,98,36.8,
,2024040802.0,24.0,28.0,15.0,35.6071428571429,0.625,,0.535714285714286,109,71.5,
,2024040903.0,24.0,28.0,18.0,25.9642857142857,0.75,,0.642857142857143,98,37.53,
,2024040906.0,24.0,26.0,21.0,57.5,0.875,,0.807692307692308,122,74.65,
,2024041607.0,24.0,28.0,20.0,58.8214285714286,0.833333333333333,,0.714285714285714,103,65.24,
,2024042007.0,24.0,30.0,17.0,45.3666666666667,0.708333333333333,,0.566666666666667,127,68.29,
,2024042107.0,24.0,30.0,17.0,31.4333333333333,0.708333333333333,,0.566666666666667,92,21.08,
,2024042203.0,24.0,30.0,16.0,113.066666666667,0.666666666666667,,0.533333333333333,98,77.77,
,2024042206.0,24.0,31.0,16.0,25.0645161290323,0.666666666666667,,0.516129032258065,96,63.6,
,2024042208.0,24.0,27.0,16.0,84.1851851851852,0.666666666666667,,0.592592592592593,124,38.29,
,2024042602.0,24.0,28.0,19.0,76.9285714285714,0.791666666666667,,0.678571428571429,143,69.76,
,2024042801.0,24.0,27.0,13.0,40.5925925925926,0.541666666666667,,0.481481481481481,102,36.89,
,2024042810.0,24.0,31.0,18.0,43.0322580645161,0.75,,0.580645161290323,108,72.37,
,2024043002.0,24.0,27.0,13.0,29.2592592592593,0.541666666666667,,0.481481481481481,86,26.75,
,2024050101.0,24.0,30.0,18.0,27.9,0.75,,0.6,126,62.22,
,2024040705.0,24.0,28.0,18.0,60.285714285714306,0.75,,0.642857142857143,194,52.44,
,2024040806.0,24.0,30.0,20.0,34.3666666666667,0.833333333333333,,0.666666666666667,121,25.79,
,2024040904.0,24.0,36.0,19.0,83.2222222222222,0.791666666666667,,0.527777777777778,170,34.51,
,2024041105.0,24.0,39.0,14.0,15.5641025641026,0.583333333333333,,0.358974358974359,137,20.74,
,2024041106.0,24.0,32.0,17.0,59.25,0.708333333333333,,0.53125,154,48.13,
,2024041904.0,24.0,36.0,16.0,24.2222222222222,0.666666666666667,,0.444444444444444,154,38.08,
,2024041905.0,24.0,33.0,15.0,33.8787878787879,0.625,,0.454545454545455,150,55.9,
,2024040600.0,24.0,39.0,19.0,95.2564102564103,0.791666666666667,,0.487179487179487,151,37.83,
,2024041206.0,24.0,28.0,18.0,63.035714285714306,0.75,,0.642857142857143,186,38.0,
,2024041700.0,24.0,32.0,20.0,39.9375,0.833333333333333,,0.625,165,64.59,
,2024042008.0,24.0,28.0,20.0,139.464285714286,0.833333333333333,,0.714285714285714,145,22.89,
,2024042301.0,24.0,30.0,18.0,39.66666666666671,0.75,,0.6,130,74.17,
,2024042402.0,24.0,32.0,20.0,171.34375,0.833333333333333,,0.625,241,71.14,
,2024042602.0,24.0,29.0,20.0,70.9655172413793,0.833333333333333,,0.689655172413793,169,60.07,
,2024042702.0,24.0,28.0,16.0,48.035714285714306,0.666666666666667,,0.571428571428571,105,55.59,
,2024050104.0,24.0,26.0,18.0,75.1153846153846,0.75,,0.692307692307692,123,73.54,
,2024050203.0,24.0,29.0,19.0,91.8275862068966,0.791666666666667,,0.655172413793103,144,31.12,
,2024040607.0,23.0,29.0,9.0,15.3103448275862,0.391304347826087,,0.310344827586207,93,24.74,
,2024040701.0,23.0,32.0,16.0,74.0,0.695652173913044,,0.5,240,34.37,
,2024040704.0,23.0,28.0,8.0,5.82142857142857,0.347826086956522,,0.285714285714286,87,67.67,
,2024041702.0,23.0,34.0,18.0,115.735294117647,0.782608695652174,,0.529411764705882,162,22.08,
,2024042104.0,23.0,26.0,14.0,105.615384615385,0.608695652173913,,0.538461538461538,101,54.97,
,2024042203.0,23.0,29.0,16.0,17.448275862069,0.695652173913044,,0.551724137931035,108,79.73,
,2024042507.0,23.0,28.0,12.0,50.6785714285714,0.521739130434783,,0.428571428571429,97,71.34,
,2024042906.0,23.0,30.0,12.0,114.833333333333,0.521739130434783,,0.4,179,51.29,
,2024050104.0,23.0,26.0,10.0,91.7307692307692,0.434782608695652,,0.384615384615385,106,23.82,
,2024040908.0,23.0,27.0,17.0,58.1851851851852,0.739130434782609,,0.62962962962963,140,69.88,
,2024041002.0,23.0,29.0,13.0,23.7931034482759,0.565217391304348,,0.448275862068966,88,55.94,
,2024041400.0,23.0,39.0,16.0,26.948717948718,0.695652173913044,,0.41025641025641,127,26.9,
,2024042002.0,23.0,29.0,14.0,14.9655172413793,0.608695652173913,,0.482758620689655,90,25.63,
,2024042117.0,23.0,31.0,18.0,47.064516129032306,0.782608695652174,,0.580645161290323,134,74.58,
,2024042405.0,23.0,28.0,18.0,67.3214285714286,0.782608695652174,,0.642857142857143,94,60.15,
,2024041303.0,23.0,30.0,17.0,43.3,0.739130434782609,,0.566666666666667,127,69.76,
,2024042503.0,23.0,40.0,15.0,38.825,0.652173913043478,,0.375,183,72.74,
,2024050105.0,23.0,32.0,11.0,197.84375,0.478260869565217,,0.34375,119,54.31,
,2024040801.0,23.0,24.0,17.0,20.75,0.739130434782609,,0.708333333333333,110,51.05,
,2024040808.0,23.0,32.0,17.0,38.84375,0.739130434782609,,0.53125,148,45.83,
,2024040908.0,23.0,26.0,17.0,26.1923076923077,0.739130434782609,,0.653846153846154,118,39.02,
,2024041301.0,23.0,28.0,18.0,79.7857142857143,0.782608695652174,,0.642857142857143,137,46.08,
,2024041308.0,23.0,24.0,21.0,102.583333333333,0.91304347826087,,0.875,154,66.43,
,2024041607.0,23.0,25.0,18.0,47.88,0.782608695652174,,0.72,122,56.12,
,2024041701.0,23.0,29.0,20.0,84.0344827586207,0.869565217391304,,0.689655172413793,149,73.55,
,2024042002.0,23.0,26.0,14.0,52.3846153846154,0.608695652173913,,0.538461538461538,149,46.6,
,2024042308.0,23.0,31.0,16.0,63.4193548387097,0.695652173913044,,0.516129032258065,151,56.43,
,2024042403.0,23.0,26.0,18.0,210.692307692308,0.782608695652174,,0.692307692307692,167,57.88,
,2024050103.0,23.0,29.0,18.0,179.103448275862,0.782608695652174,,0.620689655172414,180,55.5,
,2024041108.0,22.0,25.0,10.0,45.52,0.454545454545455,,0.4,104,62.16,
,2024041203.0,22.0,27.0,8.0,10.7037037037037,0.363636363636364,,0.296296296296296,124,34.25,
,2024041205.0,22.0,28.0,5.0,5.5,0.227272727272727,,0.178571428571429,84,50.74,
,2024041605.0,22.0,28.0,13.0,56.535714285714306,0.590909090909091,,0.464285714285714,123,26.25,
,2024041704.0,22.0,29.0,14.0,21.551724137931,0.636363636363636,,0.482758620689655,121,43.07,
,2024042102.0,22.0,27.0,14.0,75.4444444444444,0.636363636363636,,0.518518518518519,137,49.26,
,2024042205.0,22.0,28.0,13.0,21.5714285714286,0.590909090909091,,0.464285714285714,103,59.13,
,2024042403.0,22.0,27.0,10.0,19.7037037037037,0.454545454545455,,0.37037037037037,96,77.03,
,2024042506.0,22.0,25.0,14.0,31.04,0.636363636363636,,0.56,104,56.04,
,2024042707.0,22.0,24.0,13.0,35.25,0.590909090909091,,0.541666666666667,80,64.62,
,2024040601.0,22.0,27.0,13.0,27.6296296296296,0.590909090909091,,0.481481481481481,93,50.38,
,2024040608.0,22.0,26.0,12.0,13.3076923076923,0.545454545454545,,0.461538461538462,103,58.05,
,2024040708.0,22.0,25.0,17.0,70.08,0.772727272727273,,0.68,127,24.26,
,2024040807.0,22.0,28.0,20.0,39.1785714285714,0.909090909090909,,0.714285714285714,105,35.26,
,2024041006.0,22.0,26.0,11.0,32.4230769230769,0.5,,0.423076923076923,99,41.71,
,2024041106.0,22.0,25.0,13.0,24.12,0.590909090909091,,0.52,86,48.35,
,2024041506.0,22.0,28.0,14.0,42.214285714285694,0.636363636363636,,0.5,148,22.74,
,2024041708.0,22.0,30.0,18.0,34.7333333333333,0.818181818181818,,0.6,117,28.4,
,2024042502.0,22.0,23.0,17.0,63.6521739130435,0.772727272727273,,0.739130434782609,98,36.61,
,2024042607.0,22.0,25.0,17.0,47.28,0.772727272727273,,0.68,104,78.29,
,2024042800.0,22.0,27.0,17.0,28.7777777777778,0.772727272727273,,0.62962962962963,87,39.88,
,2024042902.0,22.0,28.0,14.0,50.6785714285714,0.636363636363636,,0.5,110,48.92,
,2024042905.0,22.0,24.0,19.0,52.08333333333329,0.863636363636364,,0.791666666666667,114,31.77,
,2024043003.0,22.0,25.0,11.0,23.16,0.5,,0.44,101,56.65,
,2024050302.0,22.0,27.0,14.0,46.3703703703704,0.636363636363636,,0.518518518518519,89,36.84,
,2024042006.0,22.0,30.0,11.0,38.3,0.5,,0.366666666666667,157,32.42,
,2024042105.0,22.0,25.0,12.0,56.8,0.545454545454545,,0.48,140,50.99,
,2024042904.0,22.0,26.0,10.0,57.5384615384615,0.454545454545455,,0.384615384615385,175,20.33,
,2024040607.0,22.0,23.0,15.0,91.4347826086957,0.681818181818182,,0.652173913043478,227,20.46,
,2024040903.0,22.0,26.0,19.0,52.6923076923077,0.863636363636364,,0.730769230769231,133,33.14,
,2024041002.0,22.0,28.0,14.0,43.4285714285714,0.636363636363636,,0.5,104,22.2,
,2024041007.0,22.0,23.0,16.0,57.39130434782609,0.727272727272727,,0.695652173913044,126,26.48,
,2024041201.0,22.0,30.0,19.0,46.9333333333333,0.863636363636364,,0.633333333333333,122,40.33,
,2024041703.0,22.0,23.0,16.0,69.5217391304348,0.727272727272727,,0.695652173913044,184,68.16,
,2024041707.0,22.0,26.0,18.0,149.461538461538,0.818181818181818,,0.692307692307692,181,54.32,
,2024041805.0,22.0,25.0,19.0,90.68,0.863636363636364,,0.76,136,50.76,
,2024041807.0,22.0,26.0,18.0,126.615384615385,0.818181818181818,,0.692307692307692,186,37.61,
,2024041903.0,22.0,26.0,13.0,70.0769230769231,0.590909090909091,,0.5,129,75.91,
,2024042108.0,22.0,25.0,20.0,63.28,0.909090909090909,,0.8,208,43.82,
,2024043006.0,22.0,24.0,18.0,87.6666666666667,0.818181818181818,,0.75,129,25.23,
,2024041202.0,21.0,27.0,12.0,250.740740740741,0.571428571428571,,0.444444444444444,163,57.02,
,2024041404.0,21.0,22.0,11.0,35.7727272727273,0.523809523809524,,0.5,85,26.83,
,2024041705.0,21.0,24.0,13.0,51.66666666666671,0.619047619047619,,0.541666666666667,81,40.71,
,2024042303.0,21.0,26.0,12.0,26.8846153846154,0.571428571428571,,0.461538461538462,107,50.44,
,2024042406.0,21.0,25.0,7.0,24.88,0.333333333333333,,0.28,83,72.45,
,2024042607.0,21.0,28.0,10.0,43.1428571428571,0.476190476190476,,0.357142857142857,90,49.61,
,2024042805.0,21.0,23.0,8.0,14.2608695652174,0.380952380952381,,0.347826086956522,68,62.14,
,2024043002.0,21.0,28.0,10.0,152.035714285714,0.476190476190476,,0.357142857142857,142,79.57,
,2024043009.0,21.0,35.0,12.0,43.8285714285714,0.571428571428571,,0.342857142857143,125,27.89,
,2024050303.0,21.0,31.0,10.0,39.935483870967694,0.476190476190476,,0.32258064516129,99,36.48,
,2024050304.0,21.0,29.0,8.0,10.9310344827586,0.380952380952381,,0.275862068965517,93,43.67,
,2024050306.0,21.0,27.0,10.0,32.7037037037037,0.476190476190476,,0.37037037037037,88,45.31,
,2024040701.0,21.0,24.0,12.0,111.291666666667,0.571428571428571,,0.5,108,44.66,
,2024041102.0,21.0,27.0,14.0,53.11111111111111,0.666666666666667,,0.518518518518519,93,74.46,
,2024041103.0,21.0,23.0,13.0,19.0434782608696,0.619047619047619,,0.565217391304348,89,62.84,
,2024041205.0,21.0,23.0,15.0,33.6956521739131,0.714285714285714,,0.652173913043478,92,56.47,
,2024041306.0,21.0,26.0,15.0,26.7307692307692,0.714285714285714,,0.576923076923077,92,38.56,
,2024041307.0,21.0,21.0,16.0,35.4285714285714,0.761904761904762,,0.761904761904762,82,69.43,
,2024041404.0,21.0,23.0,13.0,30.2608695652174,0.619047619047619,,0.565217391304348,88,77.3,
,2024041407.0,21.0,24.0,13.0,56.66666666666671,0.619047619047619,,0.541666666666667,85,69.27,
,2024041606.0,21.0,28.0,16.0,30.6071428571429,0.761904761904762,,0.571428571428571,95,20.09,
,2024042108.0,21.0,26.0,13.0,32.0384615384615,0.619047619047619,,0.5,83,58.18,
,2024042111.0,21.0,28.0,13.0,27.3214285714286,0.619047619047619,,0.464285714285714,93,23.07,
,2024042201.0,21.0,27.0,16.0,30.3703703703704,0.761904761904762,,0.592592592592593,100,35.46,
,2024042202.0,21.0,30.0,13.0,60.66666666666671,0.619047619047619,,0.433333333333333,129,23.57,
,2024042406.0,21.0,22.0,18.0,41.7727272727273,0.857142857142857,,0.818181818181818,79,56.23,
,2024042802.0,21.0,24.0,15.0,25.2916666666667,0.714285714285714,,0.625,105,61.2,
,2024050201.0,21.0,24.0,12.0,17.7916666666667,0.571428571428571,,0.5,119,26.87,
,2024040804.0,21.0,26.0,16.0,38.1923076923077,0.761904761904762,,0.615384615384615,104,43.03,
,2024040905.0,21.0,32.0,15.0,60.46875,0.714285714285714,,0.46875,138,47.37,
,2024041004.0,21.0,39.0,16.0,26.4871794871795,0.761904761904762,,0.41025641025641,156,42.14,
,2024041306.0,21.0,32.0,16.0,81.875,0.761904761904762,,0.5,172,27.26,
,2024042304.0,21.0,25.0,18.0,57.88,0.857142857142857,,0.72,117,45.14,
,2024042606.0,21.0,24.0,17.0,68.9583333333333,0.80952380952381,,0.708333333333333,120,65.07,
,2024040604.0,21.0,25.0,17.0,111.44,0.80952380952381,,0.68,145,24.26,
,2024040906.0,21.0,24.0,16.0,100.625,0.761904761904762,,0.666666666666667,131,24.81,
,2024041705.0,21.0,23.0,15.0,76.0,0.714285714285714,,0.652173913043478,127,41.29,
,2024041806.0,21.0,24.0,19.0,119.833333333333,0.904761904761905,,0.791666666666667,127,76.5,
,2024042001.0,21.0,26.0,18.0,62.8846153846154,0.857142857142857,,0.692307692307692,159,60.11,
,2024042302.0,21.0,27.0,16.0,97.6666666666667,0.761904761904762,,0.592592592592593,159,60.72,
,2024042507.0,21.0,25.0,18.0,67.52,0.857142857142857,,0.72,205,41.72,
,2024042904.0,21.0,21.0,14.0,107.666666666667,0.666666666666667,,0.666666666666667,101,55.62,
,2024050106.0,21.0,25.0,15.0,66.36,0.714285714285714,,0.6,149,20.61,
,2024050204.0,21.0,23.0,11.0,12.6086956521739,0.523809523809524,,0.478260869565217,85,58.17,
,2024040803.0,20.0,23.0,10.0,43.8260869565217,0.5,,0.434782608695652,95,74.8,
,2024041102.0,20.0,24.0,12.0,65.5416666666667,0.6,,0.5,122,56.75,
,2024041804.0,20.0,27.0,8.0,17.3703703703704,0.4,,0.296296296296296,82,72.42,
,2024042004.0,20.0,24.0,9.0,36.54166666666671,0.45,,0.375,81,63.44,
,2024042005.0,20.0,24.0,12.0,64.875,0.6,,0.5,87,27.23,
,2024042106.0,20.0,22.0,11.0,15.7272727272727,0.55,,0.5,79,74.15,
,2024042207.0,20.0,28.0,15.0,28.9642857142857,0.75,,0.535714285714286,133,23.99,
,2024042402.0,20.0,31.0,13.0,60.2258064516129,0.65,,0.419354838709677,171,52.04,
,2024043004.0,20.0,23.0,13.0,39.2173913043478,0.65,,0.565217391304348,76,28.53,
,2024050107.0,20.0,24.0,7.0,26.6666666666667,0.35,,0.291666666666667,110,20.7,
,2024050205.0,20.0,26.0,14.0,71.0384615384615,0.7,,0.538461538461538,118,45.32,
,2024050206.0,20.0,26.0,11.0,69.5384615384615,0.55,,0.423076923076923,117,37.7,
,2024040702.0,20.0,22.0,11.0,25.2727272727273,0.55,,0.5,102,49.16,
,2024040703.0,20.0,22.0,15.0,53.2272727272727,0.75,,0.681818181818182,127,54.63,
,2024041008.0,20.0,27.0,16.0,29.0740740740741,0.8,,0.592592592592593,87,22.62,
,2024041805.0,20.0,26.0,11.0,39.7307692307692,0.55,,0.423076923076923,118,27.38,
,2024042008.0,20.0,25.0,15.0,36.72,0.75,,0.6,83,53.52,
,2024042101.0,20.0,29.0,14.0,99.7586206896552,0.7,,0.482758620689655,104,40.59,
,2024042306.0,20.0,22.0,15.0,46.5,0.75,,0.681818181818182,83,63.75,
,2024042407.0,20.0,23.0,15.0,77.6521739130435,0.75,,0.652173913043478,113,59.14,
,2024042604.0,20.0,22.0,11.0,25.8636363636364,0.55,,0.5,84,70.74,
,2024042701.0,20.0,25.0,17.0,85.52,0.85,,0.68,130,61.55,
,2024042809.0,20.0,28.0,14.0,19.8214285714286,0.7,,0.5,97,45.8,
,2024042908.0,20.0,26.0,12.0,31.8076923076923,0.6,,0.461538461538462,90,60.38,
,2024050102.0,20.0,24.0,13.0,54.83333333333329,0.65,,0.541666666666667,97,36.52,
,2024050107.0,20.0,22.0,15.0,48.4090909090909,0.75,,0.681818181818182,80,38.38,
,2024050206.0,20.0,21.0,17.0,56.4285714285714,0.85,,0.80952380952381,78,67.34,
,2024040805.0,20.0,28.0,16.0,256.714285714286,0.8,,0.571428571428571,140,46.79,
,2024041304.0,20.0,34.0,15.0,67.5882352941177,0.75,,0.441176470588235,133,67.9,
,2024042805.0,20.0,28.0,15.0,20.6071428571429,0.75,,0.535714285714286,113,69.35,
,2024040701.0,20.0,24.0,14.0,47.25,0.7,,0.583333333333333,122,71.45,
,2024041102.0,20.0,30.0,13.0,70.6,0.65,,0.433333333333333,119,75.0,
,2024041501.0,20.0,28.0,15.0,23.5714285714286,0.75,,0.535714285714286,110,45.86,
,2024041606.0,20.0,21.0,17.0,51.1904761904762,0.85,,0.80952380952381,77,39.13,
,2024041723.0,20.0,25.0,16.0,156.4,0.8,,0.64,131,54.93,
,2024041907.0,20.0,24.0,13.0,34.7916666666667,0.65,,0.541666666666667,105,42.27,
,2024042102.0,20.0,21.0,16.0,149.809523809524,0.8,,0.761904761904762,228,56.06,
,2024042103.0,20.0,22.0,14.0,51.1363636363636,0.7,,0.636363636363636,110,62.34,
,2024042206.0,20.0,26.0,15.0,89.7692307692308,0.75,,0.576923076923077,167,61.3,
,2024042208.0,20.0,24.0,17.0,412.958333333333,0.85,,0.708333333333333,141,42.47,
,2024042503.0,20.0,25.0,15.0,154.32,0.75,,0.6,159,30.01,
,2024042608.0,20.0,22.0,17.0,156.227272727273,0.85,,0.772727272727273,137,45.83,
,2024042707.0,20.0,23.0,15.0,83.1304347826087,0.75,,0.652173913043478,140,28.56,
,2024040904.0,19.0,23.0,9.0,33.5652173913044,0.473684210526316,,0.391304347826087,107,73.41,
,2024040905.0,19.0,24.0,10.0,58.0,0.526315789473684,,0.416666666666667,113,40.75,
,2024041303.0,19.0,28.0,11.0,11.6785714285714,0.578947368421053,,0.392857142857143,79,29.27,
,2024041305.0,19.0,23.0,12.0,51.5217391304348,0.631578947368421,,0.521739130434783,103,21.53,
,2024041405.0,19.0,27.0,11.0,50.3703703703704,0.578947368421053,,0.407407407407407,103,58.75,
,2024041903.0,19.0,26.0,12.0,28.2307692307692,0.631578947368421,,0.461538461538462,114,58.21,
,2024042107.0,19.0,20.0,10.0,35.1,0.526315789473684,,0.5,73,40.44,
,2024042407.0,19.0,30.0,11.0,13.0333333333333,0.578947368421053,,0.366666666666667,87,24.3,
,2024042502.0,19.0,25.0,12.0,53.68,0.631578947368421,,0.48,92,44.58,
,2024042505.0,19.0,24.0,14.0,30.2083333333333,0.736842105263158,,0.583333333333333,99,38.67,
,2024042606.0,19.0,25.0,13.0,41.96,0.68421052631579,,0.52,87,60.63,
,2024042608.0,19.0,30.0,14.0,37.6333333333333,0.736842105263158,,0.466666666666667,113,56.35,
,2024042708.0,19.0,27.0,10.0,13.7407407407407,0.526315789473684,,0.37037037037037,80,41.88,
,2024042804.0,19.0,25.0,9.0,14.52,0.473684210526316,,0.36,77,33.07,
,2024042807.0,19.0,25.0,9.0,35.44,0.473684210526316,,0.36,148,79.28,
,2024042903.0,19.0,24.0,12.0,30.9583333333333,0.631578947368421,,0.5,110,47.24,
,2024050203.0,19.0,27.0,11.0,76.2222222222222,0.578947368421053,,0.407407407407407,131,61.3,
,2024050207.0,19.0,21.0,7.0,36.8095238095238,0.368421052631579,,0.333333333333333,104,28.43,
,2024040607.0,19.0,20.0,11.0,23.1,0.578947368421053,,0.55,79,49.14,
,2024040806.0,19.0,23.0,14.0,36.4347826086957,0.736842105263158,,0.608695652173913,90,21.65,
,2024040902.0,19.0,30.0,17.0,66.6333333333333,0.894736842105263,,0.566666666666667,120,50.33,
,2024040907.0,19.0,25.0,15.0,95.56,0.789473684210526,,0.6,111,77.84,
,2024041108.0,19.0,25.0,14.0,34.2,0.736842105263158,,0.56,104,43.05,
,2024041403.0,19.0,23.0,10.0,19.2608695652174,0.526315789473684,,0.434782608695652,67,22.34,
,2024041905.0,19.0,22.0,12.0,59.7727272727273,0.631578947368421,,0.545454545454545,92,21.86,
,2024042304.0,19.0,24.0,12.0,28.375,0.631578947368421,,0.5,73,43.28,
,2024042005.0,19.0,24.0,12.0,47.375,0.631578947368421,,0.5,98,29.6,
,2024042305.0,19.0,22.0,15.0,56.0454545454546,0.789473684210526,,0.681818181818182,99,21.4,
,2024040602.0,19.0,24.0,15.0,100.5,0.789473684210526,,0.625,205,65.37,
,2024040707.0,19.0,22.0,14.0,32.5909090909091,0.736842105263158,,0.636363636363636,116,47.51,
,2024040802.0,19.0,25.0,13.0,68.32,0.68421052631579,,0.52,113,37.35,
,2024041107.0,19.0,20.0,18.0,76.95,0.947368421052632,,0.9,164,74.0,
,2024041400.0,19.0,26.0,11.0,40.6153846153846,0.578947368421053,,0.423076923076923,129,26.97,
,2024041603.0,19.0,20.0,15.0,56.6,0.789473684210526,,0.75,115,77.36,
,2024042406.0,19.0,21.0,16.0,130.47619047619,0.842105263157895,,0.761904761904762,121,38.84,
,2024042603.0,19.0,21.0,11.0,47.476190476190496,0.578947368421053,,0.523809523809524,84,73.3,
,2024050205.0,19.0,25.0,13.0,77.28,0.68421052631579,,0.52,144,56.18,
,2024040605.0,18.0,21.0,12.0,42.8095238095238,0.666666666666667,,0.571428571428571,92,69.6,
,2024040606.0,18.0,25.0,8.0,14.32,0.444444444444444,,0.32,93,79.04,
,2024040805.0,18.0,23.0,8.0,9.04347826086957,0.444444444444444,,0.347826086956522,73,37.3,
,2024040807.0,18.0,25.0,8.0,20.76,0.444444444444444,,0.32,88,77.67,
,2024042007.0,18.0,20.0,9.0,14.4,0.5,,0.45,75,43.37,
,2024042304.0,18.0,20.0,14.0,157.55,0.777777777777778,,0.7,136,43.13,
,2024040603.0,18.0,23.0,12.0,25.1304347826087,0.666666666666667,,0.521739130434783,83,40.42,
,2024040801.0,18.0,28.0,11.0,77.1071428571429,0.611111111111111,,0.392857142857143,160,52.48,
,2024040901.0,18.0,26.0,12.0,46.4230769230769,0.666666666666667,,0.461538461538462,98,29.25,
,2024041004.0,18.0,21.0,16.0,141.142857142857,0.888888888888889,,0.761904761904762,79,53.22,
,2024041706.0,18.0,23.0,11.0,43.8260869565217,0.611111111111111,,0.478260869565217,86,52.5,
,2024042207.0,18.0,23.0,9.0,15.4782608695652,0.5,,0.391304347826087,69,65.71,
,2024042505.0,18.0,25.0,15.0,38.8,0.833333333333333,,0.6,89,70.02,
,2024042708.0,18.0,21.0,10.0,33.0,0.555555555555556,,0.476190476190476,61,46.43,
,2024042804.0,18.0,21.0,12.0,51.6190476190476,0.666666666666667,,0.571428571428571,98,38.14,
,2024042907.0,18.0,24.0,12.0,25.5416666666667,0.666666666666667,,0.5,80,35.56,
,2024043006.0,18.0,22.0,13.0,35.3636363636364,0.722222222222222,,0.590909090909091,93,31.68,
,2024050105.0,18.0,19.0,12.0,40.0,0.666666666666667,,0.631578947368421,64,23.46,
,2024050205.0,18.0,19.0,13.0,104.368421052632,0.722222222222222,,0.68421052631579,91,40.55,
,2024050301.0,18.0,23.0,12.0,18.0434782608696,0.666666666666667,,0.521739130434783,100,36.21,
,2024050303.0,18.0,18.0,12.0,106.333333333333,0.666666666666667,,0.666666666666667,63,77.99,
,2024050304.0,18.0,18.0,13.0,128.055555555556,0.722222222222222,,0.722222222222222,94,53.46,
,2024050305.0,18.0,19.0,14.0,113.052631578947,0.777777777777778,,0.736842105263158,96,40.84,
,2024040605.0,18.0,24.0,14.0,60.375,0.777777777777778,,0.583333333333333,104,54.83,
,2024040803.0,18.0,18.0,10.0,79.7222222222222,0.555555555555556,,0.555555555555556,104,28.35,
,2024041004.0,18.0,20.0,11.0,59.6,0.611111111111111,,0.55,87,46.64,
,2024041302.0,18.0,20.0,15.0,25.8,0.833333333333333,,0.75,86,57.57,
,2024041307.0,18.0,20.0,14.0,39.55,0.777777777777778,,0.7,113,49.33,
,2024041502.0,18.0,24.0,12.0,99.0416666666667,0.666666666666667,,0.5,104,44.11,
,2024041601.0,18.0,23.0,14.0,57.304347826087,0.777777777777778,,0.608695652173913,108,79.63,
,2024041702.0,18.0,20.0,14.0,79.65,0.777777777777778,,0.7,84,72.82,
,2024041803.0,18.0,19.0,14.0,165.526315789474,0.777777777777778,,0.736842105263158,87,57.4,
,2024041804.0,18.0,22.0,12.0,178.454545454545,0.666666666666667,,0.545454545454545,115,54.16,
,2024042202.0,18.0,27.0,15.0,27.5185185185185,0.833333333333333,,0.555555555555556,117,57.24,
,2024042606.0,18.0,20.0,12.0,9.05,0.666666666666667,,0.6,69,32.08,
,2024042607.0,18.0,20.0,14.0,57.2,0.777777777777778,,0.7,100,43.71,
,2024042708.0,18.0,25.0,14.0,76.68,0.777777777777778,,0.56,116,22.37,
,2024042802.0,18.0,21.0,14.0,144.0,0.777777777777778,,0.666666666666667,99,48.53,
,2024042907.0,18.0,22.0,19.0,61.5454545454546,1.05555555555556,,0.863636363636364,151,52.58,
,2024040702.0,17.0,21.0,10.0,16.952380952381,0.588235294117647,,0.476190476190476,102,33.66,
,2024041104.0,17.0,20.0,13.0,23.25,0.764705882352941,,0.65,75,77.84,
,2024041107.0,17.0,25.0,8.0,45.84,0.470588235294118,,0.32,122,74.57,
,2024041904.0,17.0,22.0,8.0,28.0,0.470588235294118,,0.363636363636364,71,63.33,
,2024042305.0,17.0,21.0,6.0,24.7619047619048,0.352941176470588,,0.285714285714286,81,52.0,
,2024042803.0,17.0,21.0,10.0,23.5238095238095,0.588235294117647,,0.476190476190476,87,72.2,
,2024042902.0,17.0,30.0,8.0,25.6,0.470588235294118,,0.266666666666667,106,27.84,
,2024050204.0,17.0,21.0,12.0,49.66666666666671,0.705882352941177,,0.571428571428571,109,67.43,
,2024040704.0,17.0,18.0,9.0,23.4444444444444,0.529411764705882,,0.5,70,27.49,
,2024040705.0,17.0,18.0,7.0,38.83333333333329,0.411764705882353,,0.388888888888889,70,67.65,
,2024041206.0,17.0,22.0,10.0,41.7727272727273,0.588235294117647,,0.454545454545455,96,36.55,
,2024041302.0,17.0,21.0,10.0,19.3809523809524,0.588235294117647,,0.476190476190476,73,72.63,
,2024041305.0,17.0,19.0,13.0,49.3157894736842,0.764705882352941,,0.68421052631579,88,76.64,
,2024041604.0,17.0,20.0,10.0,26.7,0.588235294117647,,0.5,73,28.93,
,2024041723.0,17.0,20.0,15.0,86.7,0.882352941176471,,0.75,97,47.76,
,2024042106.0,17.0,19.0,9.0,90.1578947368421,0.529411764705882,,0.473684210526316,122,78.86,
,2024042301.0,17.0,25.0,11.0,13.08,0.647058823529412,,0.44,79,49.0,
,2024042702.0,17.0,19.0,14.0,154.684210526316,0.823529411764706,,0.736842105263158,100,71.81,
,2024042707.0,17.0,17.0,11.0,36.529411764705905,0.647058823529412,,0.647058823529412,77,55.32,
,2024050104.0,17.0,20.0,13.0,31.7,0.764705882352941,,0.65,70,42.52,
,2024041006.0,17.0,22.0,12.0,44.5909090909091,0.705882352941177,,0.545454545454545,74,37.15,
,2024041304.0,17.0,17.0,14.0,131.235294117647,0.823529411764706,,0.823529411764706,110,32.19,
,2024041306.0,17.0,18.0,11.0,76.7222222222222,0.647058823529412,,0.611111111111111,81,65.71,
,2024042007.0,17.0,19.0,12.0,31.7894736842105,0.705882352941177,,0.631578947368421,79,43.19,
,2024042107.0,17.0,20.0,14.0,61.75,0.823529411764706,,0.7,179,50.68,
,2024042703.0,17.0,18.0,14.0,80.6666666666667,0.823529411764706,,0.777777777777778,129,49.54,
,2024042906.0,17.0,20.0,15.0,49.6,0.882352941176471,,0.75,103,54.64,
,2024040604.0,16.0,21.0,6.0,77.0476190476191,0.375,,0.285714285714286,87,71.93,
,2024040804.0,16.0,19.0,12.0,102.526315789474,0.75,,0.631578947368421,67,78.84,
,2024041604.0,16.0,25.0,9.0,38.68,0.5625,,0.36,87,44.46,
,2024042002.0,16.0,26.0,13.0,27.3846153846154,0.8125,,0.5,108,69.65,
,2024042006.0,16.0,18.0,8.0,35.6111111111111,0.5,,0.444444444444444,74,65.87,
,2024042204.0,16.0,21.0,10.0,59.1428571428571,0.625,,0.476190476190476,105,54.41,
,2024042206.0,16.0,21.0,9.0,15.6666666666667,0.5625,,0.428571428571429,69,77.36,
,2024042404.0,16.0,21.0,9.0,27.0,0.5625,,0.428571428571429,87,32.03,
,2024042503.0,16.0,18.0,9.0,157.222222222222,0.5625,,0.5,86,26.56,
,2024042504.0,16.0,19.0,10.0,48.7368421052632,0.625,,0.526315789473684,71,71.24,
,2024042605.0,16.0,19.0,8.0,15.8947368421053,0.5,,0.421052631578947,69,46.35,
,2024043006.0,16.0,22.0,8.0,37.1818181818182,0.5,,0.363636363636364,78,70.82,
,2024040709.0,16.0,25.0,9.0,34.84,0.5625,,0.36,87,73.59,
,2024041504.0,16.0,22.0,12.0,48.7727272727273,0.75,,0.545454545454545,69,23.75,
,2024041804.0,16.0,16.0,8.0,15.375,0.5,,0.5,66,73.01,
,2024042003.0,16.0,20.0,11.0,157.3,0.6875,,0.55,80,46.9,
,2024042403.0,16.0,18.0,13.0,18.6666666666667,0.8125,,0.722222222222222,60,50.63,
,2024042503.0,16.0,20.0,13.0,61.4,0.8125,,0.65,120,57.6,
,2024042808.0,16.0,17.0,11.0,49.4117647058824,0.6875,,0.647058823529412,76,75.58,
,2024043005.0,16.0,18.0,10.0,13.3888888888889,0.625,,0.555555555555556,57,21.15,
,2024041305.0,16.0,18.0,12.0,20.4444444444444,0.75,,0.666666666666667,70,48.61,
,2024042704.0,16.0,24.0,10.0,34.375,0.625,,0.416666666666667,114,61.26,
,2024040605.0,16.0,18.0,10.0,54.0,0.625,,0.555555555555556,66,63.36,
,2024040702.0,16.0,19.0,13.0,42.7368421052632,0.8125,,0.68421052631579,76,61.55,
,2024040804.0,16.0,19.0,13.0,499.94736842105294,0.8125,,0.68421052631579,109,28.07,
,2024040805.0,16.0,18.0,12.0,108.611111111111,0.75,,0.666666666666667,106,37.96,
,2024040905.0,16.0,17.0,13.0,62.1764705882353,0.8125,,0.764705882352941,100,41.52,
,2024041104.0,16.0,18.0,11.0,79.4444444444444,0.6875,,0.611111111111111,69,68.27,
,2024041204.0,16.0,22.0,12.0,95.5,0.75,,0.545454545454545,94,36.73,
,2024041205.0,16.0,20.0,11.0,60.65,0.6875,,0.55,84,32.64,
,2024041303.0,16.0,18.0,10.0,18.1666666666667,0.625,,0.555555555555556,64,77.45,
,2024041305.0,16.0,19.0,12.0,55.7894736842105,0.75,,0.631578947368421,70,20.53,
,2024041506.0,16.0,18.0,13.0,141.055555555556,0.8125,,0.722222222222222,101,79.87,
,2024041706.0,16.0,20.0,13.0,95.75,0.8125,,0.65,149,60.61,
,2024042106.0,16.0,18.0,14.0,88.5,0.875,,0.777777777777778,114,69.71,
,2024042203.0,16.0,20.0,13.0,75.95,0.8125,,0.65,82,37.68,
,2024042207.0,16.0,19.0,10.0,59.1052631578947,0.625,,0.526315789473684,86,20.86,
,2024042504.0,16.0,17.0,11.0,64.5882352941177,0.6875,,0.647058823529412,78,64.27,
,2024042807.0,16.0,17.0,15.0,48.5882352941176,0.9375,,0.882352941176471,85,70.05,
,2024042903.0,16.0,18.0,10.0,189.777777777778,0.625,,0.555555555555556,97,64.43,
,2024043005.0,16.0,19.0,14.0,54.8947368421053,0.875,,0.736842105263158,91,28.57,
,2024040706.0,15.0,20.0,9.0,28.35,0.6,,0.45,76,65.21,
,2024040707.0,15.0,20.0,9.0,30.05,0.6,,0.45,89,66.14,
,2024040806.0,15.0,22.0,8.0,25.0,0.533333333333333,,0.363636363636364,73,59.51,
,2024042103.0,15.0,21.0,7.0,20.7619047619048,0.466666666666667,,0.333333333333333,66,65.97,
,2024042302.0,15.0,25.0,7.0,32.4,0.466666666666667,,0.28,105,70.76,
,2024050102.0,15.0,23.0,7.0,36.9130434782609,0.466666666666667,,0.304347826086957,96,56.82,
,2024050103.0,15.0,22.0,9.0,38.9545454545455,0.6,,0.409090909090909,82,25.32,
,2024040605.0,15.0,18.0,10.0,16.8333333333333,0.666666666666667,,0.555555555555556,52,49.26,
,2024040805.0,15.0,16.0,12.0,20.375,0.8,,0.75,61,24.66,
,2024041304.0,15.0,18.0,11.0,34.6666666666667,0.733333333333333,,0.611111111111111,89,44.45,
,2024041704.0,15.0,18.0,11.0,31.1111111111111,0.733333333333333,,0.611111111111111,51,44.43,
,2024041705.0,15.0,23.0,13.0,26.1304347826087,0.866666666666667,,0.565217391304348,78,23.96,
,2024042104.0,15.0,17.0,14.0,36.8235294117647,0.933333333333333,,0.823529411764706,100,40.93,
,2024042303.0,15.0,18.0,11.0,23.6111111111111,0.733333333333333,,0.611111111111111,57,26.66,
,2024042504.0,15.0,16.0,10.0,17.8125,0.666666666666667,,0.625,51,68.49,
,2024042904.0,15.0,16.0,11.0,97.625,0.733333333333333,,0.6875,113,76.86,
,2024043004.0,15.0,19.0,11.0,24.2631578947368,0.733333333333333,,0.578947368421053,65,24.34,
,2024040708.0,15.0,17.0,14.0,134.058823529412,0.933333333333333,,0.823529411764706,111,77.31,
,2024041106.0,15.0,17.0,10.0,34.3529411764706,0.666666666666667,,0.588235294117647,76,51.35,
,2024041403.0,15.0,19.0,10.0,49.2105263157895,0.666666666666667,,0.526315789473684,72,37.97,
,2024041704.0,15.0,19.0,10.0,32.4736842105263,0.666666666666667,,0.526315789473684,65,24.61,
,2024041904.0,15.0,16.0,9.0,39.0625,0.6,,0.5625,58,50.04,
,2024042104.0,15.0,19.0,12.0,45.7368421052632,0.8,,0.631578947368421,115,67.67,
,2024042204.0,15.0,19.0,8.0,90.5789473684211,0.533333333333333,,0.421052631578947,86,62.43,
,2024042205.0,15.0,15.0,9.0,41.1333333333333,0.6,,0.6,68,23.01,
,2024042404.0,15.0,22.0,12.0,89.9545454545455,0.8,,0.545454545454545,133,24.37,
,2024042405.0,15.0,16.0,12.0,204.1875,0.8,,0.75,166,44.17,
,2024042506.0,15.0,18.0,13.0,118.555555555556,0.866666666666667,,0.722222222222222,101,37.72,
,2024043002.0,15.0,23.0,14.0,86.7391304347826,0.933333333333333,,0.608695652173913,93,33.94,
,2024043003.0,15.0,19.0,12.0,103.631578947368,0.8,,0.631578947368421,95,36.86,
,2024050105.0,15.0,18.0,8.0,104.666666666667,0.533333333333333,,0.444444444444444,79,68.21,
,2024050303.0,15.0,23.0,10.0,40.4782608695652,0.666666666666667,,0.434782608695652,108,75.75,
,2024041103.0,14.0,23.0,6.0,5.82608695652174,0.428571428571429,,0.260869565217391,81,44.31,
,2024041905.0,14.0,19.0,7.0,41.8947368421053,0.5,,0.368421052631579,68,74.37,
,2024042003.0,14.0,18.0,10.0,52.2777777777778,0.714285714285714,,0.555555555555556,77,39.29,
,2024042105.0,14.0,18.0,10.0,28.5,0.714285714285714,,0.555555555555556,51,48.59,
,2024042604.0,14.0,20.0,8.0,7.9,0.571428571428571,,0.4,90,33.56,
,2024050106.0,14.0,16.0,12.0,21.4375,0.857142857142857,,0.75,61,58.43,
,2024040706.0,14.0,16.0,7.0,25.1875,0.5,,0.4375,54,78.74,
,2024040904.0,14.0,18.0,11.0,69.1666666666667,0.785714285714286,,0.611111111111111,112,56.21,
,2024041203.0,14.0,18.0,11.0,38.88888888888889,0.785714285714286,,0.611111111111111,70,41.47,
,2024042204.0,14.0,19.0,12.0,20.1052631578947,0.857142857142857,,0.631578947368421,63,58.87,
,2024042205.0,14.0,16.0,10.0,150.125,0.714285714285714,,0.625,53,27.38,
,2024042606.0,14.0,18.0,6.0,21.0555555555556,0.428571428571429,,0.333333333333333,57,73.32,
,2024042704.0,14.0,18.0,11.0,55.16666666666671,0.785714285714286,,0.611111111111111,115,50.19,
,2024042705.0,14.0,17.0,8.0,37.2941176470588,0.571428571428571,,0.470588235294118,86,46.96,
,2024042803.0,14.0,17.0,8.0,50.2352941176471,0.571428571428571,,0.470588235294118,63,55.15,
,2024050103.0,14.0,15.0,8.0,27.1333333333333,0.571428571428571,,0.533333333333333,46,57.49,
,2024050108.0,14.0,17.0,11.0,40.4117647058824,0.785714285714286,,0.647058823529412,67,24.31,
,2024050202.0,14.0,22.0,9.0,8.59090909090909,0.642857142857143,,0.409090909090909,91,60.96,
,2024040706.0,14.0,14.0,7.0,30.3571428571429,0.5,,0.5,57,34.52,
,2024040904.0,14.0,16.0,8.0,27.75,0.571428571428571,,0.5,80,62.84,
,2024041003.0,14.0,18.0,9.0,51.83333333333329,0.642857142857143,,0.5,68,69.35,
,2024041005.0,14.0,17.0,10.0,125.705882352941,0.714285714285714,,0.588235294117647,129,68.24,
,2024041402.0,14.0,18.0,11.0,172.722222222222,0.785714285714286,,0.611111111111111,85,53.15,
,2024041407.0,14.0,17.0,13.0,30.1176470588235,0.928571428571429,,0.764705882352941,70,51.21,
,2024041503.0,14.0,18.0,9.0,24.9444444444444,0.642857142857143,,0.5,79,28.57,
,2024041507.0,14.0,16.0,13.0,56.9375,0.928571428571429,,0.8125,102,66.52,
,2024042303.0,14.0,17.0,8.0,55.9411764705882,0.571428571428571,,0.470588235294118,75,36.28,
,2024042306.0,14.0,20.0,12.0,49.9,0.857142857142857,,0.6,155,49.8,
,2024042808.0,14.0,19.0,12.0,65.3684210526316,0.857142857142857,,0.631578947368421,106,37.06,
,2024043004.0,14.0,15.0,9.0,248.0,0.642857142857143,,0.6,105,28.03,
,2024050102.0,14.0,17.0,11.0,64.5882352941177,0.785714285714286,,0.647058823529412,141,57.77,
,2024050306.0,14.0,17.0,12.0,58.2352941176471,0.857142857142857,,0.705882352941177,77,23.26,
,2024040703.0,13.0,16.0,6.0,20.125,0.461538461538462,,0.375,67,64.92,
,2024042905.0,13.0,18.0,6.0,54.38888888888889,0.461538461538462,,0.333333333333333,60,39.06,
,2024043003.0,13.0,20.0,4.0,26.1,0.307692307692308,,0.2,92,20.01,
,2024040606.0,13.0,16.0,9.0,141.4375,0.692307692307692,,0.5625,70,50.67,
,2024040707.0,13.0,19.0,11.0,26.0526315789474,0.846153846153846,,0.578947368421053,61,22.81,
,2024041005.0,13.0,16.0,7.0,33.875,0.538461538461538,,0.4375,57,36.57,
,2024041406.0,13.0,15.0,8.0,22.2,0.615384615384615,,0.533333333333333,52,62.42,
,2024042706.0,13.0,18.0,7.0,13.2222222222222,0.538461538461538,,0.388888888888889,63,23.76,
,2024042903.0,13.0,15.0,7.0,7.06666666666667,0.538461538461538,,0.466666666666667,43,70.36,
,2024050106.0,13.0,15.0,10.0,35.6,0.769230769230769,,0.666666666666667,49,20.23,
,2024042705.0,13.0,15.0,11.0,43.0666666666667,0.846153846153846,,0.733333333333333,75,34.81,
,2024040603.0,13.0,15.0,11.0,144.466666666667,0.846153846153846,,0.733333333333333,144,64.45,
,2024040703.0,13.0,14.0,11.0,122.357142857143,0.846153846153846,,0.785714285714286,75,38.98,
,2024040705.0,13.0,16.0,10.0,57.75,0.769230769230769,,0.625,97,26.11,
,2024041605.0,13.0,17.0,11.0,19.4705882352941,0.846153846153846,,0.647058823529412,67,41.61,
,2024041905.0,13.0,15.0,8.0,48.5333333333333,0.615384615384615,,0.533333333333333,78,36.22,
,2024042505.0,13.0,14.0,13.0,75.5,1.0,,0.928571428571429,55,70.56,
,2024041406.0,12.0,14.0,5.0,6.42857142857143,0.416666666666667,,0.357142857142857,50,38.8,
,2024042008.0,12.0,20.0,8.0,29.45,0.666666666666667,,0.4,70,67.34,
,2024042704.0,12.0,14.0,4.0,12.3571428571429,0.333333333333333,,0.285714285714286,49,73.51,
,2024050105.0,12.0,15.0,8.0,156.0,0.666666666666667,,0.533333333333333,97,46.03,
,2024050305.0,12.0,14.0,5.0,10.3571428571429,0.416666666666667,,0.357142857142857,52,74.6,
,2024040804.0,12.0,14.0,8.0,16.8571428571429,0.666666666666667,,0.571428571428571,52,42.64,
,2024041104.0,12.0,14.0,8.0,54.5714285714286,0.666666666666667,,0.571428571428571,50,77.84,
,2024041603.0,12.0,16.0,10.0,27.875,0.833333333333333,,0.625,66,25.36,
,2024042305.0,12.0,15.0,6.0,25.7333333333333,0.5,,0.4,60,61.22,
,2024042603.0,12.0,15.0,9.0,50.4,0.75,,0.6,82,49.63,
,2024042605.0,12.0,14.0,7.0,39.1428571428571,0.583333333333333,,0.5,44,43.26,
,2024050204.0,12.0,14.0,8.0,44.0714285714286,0.666666666666667,,0.571428571428571,52,57.96,
,2024040806.0,12.0,16.0,7.0,30.9375,0.583333333333333,,0.4375,61,62.23,
,2024041408.0,12.0,16.0,9.0,67.8125,0.75,,0.5625,102,20.26,
,2024041505.0,12.0,16.0,12.0,152.75,1.0,,0.75,75,30.02,
,2024041604.0,12.0,13.0,9.0,43.9230769230769,0.75,,0.692307692307692,87,62.78,
,2024042304.0,12.0,18.0,9.0,1168.0,0.75,,0.5,92,59.98,
,2024042705.0,12.0,15.0,10.0,86.4,0.833333333333333,,0.666666666666667,146,77.96,
,2024042905.0,12.0,14.0,11.0,130.571428571429,0.916666666666667,,0.785714285714286,59,65.66,
,2024050305.0,12.0,13.0,4.0,62.0,0.333333333333333,,0.307692307692308,48,77.05,
,2024040705.0,11.0,16.0,5.0,18.9375,0.454545454545455,,0.3125,48,62.15,
,2024040802.0,11.0,18.0,3.0,20.2222222222222,0.272727272727273,,0.166666666666667,56,37.88,
,2024041603.0,11.0,18.0,6.0,5.83333333333333,0.545454545454545,,0.333333333333333,55,26.32,
,2024042705.0,11.0,16.0,2.0,9.625,0.181818181818182,,0.125,50,66.91,
,2024042806.0,11.0,15.0,5.0,5.46666666666667,0.454545454545455,,0.333333333333333,40,58.65,
,2024042904.0,11.0,17.0,6.0,59.3529411764706,0.545454545454545,,0.352941176470588,66,22.89,
,2024041303.0,11.0,16.0,7.0,34.6875,0.636363636363636,,0.4375,50,41.6,
,2024041405.0,11.0,15.0,10.0,23.0666666666667,0.909090909090909,,0.666666666666667,45,77.41,
,2024042005.0,11.0,14.0,9.0,19.0714285714286,0.818181818181818,,0.642857142857143,52,50.02,
,2024042105.0,11.0,14.0,6.0,20.2142857142857,0.545454545454545,,0.428571428571429,57,45.96,
,2024042703.0,11.0,15.0,9.0,24.8666666666667,0.818181818181818,,0.6,47,47.46,
,2024041103.0,11.0,15.0,6.0,91.7333333333333,0.545454545454545,,0.4,81,32.53,
,2024042006.0,11.0,11.0,8.0,153.272727272727,0.727272727272727,,0.727272727272727,105,42.12,
,2024042105.0,11.0,12.0,8.0,58.83333333333329,0.727272727272727,,0.666666666666667,63,42.19,
,2024042605.0,11.0,14.0,10.0,52.214285714285694,0.909090909090909,,0.714285714285714,85,23.14,
,2024042706.0,11.0,12.0,11.0,201.0,1.0,,0.916666666666667,130,66.05,
,2024040604.0,10.0,11.0,7.0,50.0909090909091,0.7,,0.636363636363636,46,44.99,
,2024041105.0,10.0,12.0,7.0,44.33333333333329,0.7,,0.583333333333333,52,69.33,
,2024042004.0,10.0,15.0,6.0,22.0666666666667,0.6,,0.4,43,71.02,
,2024042404.0,10.0,14.0,9.0,6.5,0.9,,0.642857142857143,49,32.72,
,2024041504.0,10.0,15.0,8.0,75.7333333333333,0.8,,0.533333333333333,79,59.44,
,2024041906.0,10.0,12.0,8.0,44.83333333333329,0.8,,0.666666666666667,58,48.34,
,2024042305.0,10.0,11.0,5.0,20.8181818181818,0.5,,0.454545454545455,53,72.81,
,2024042803.0,10.0,10.0,9.0,54.5,0.9,,0.9,70,32.94,
,2024042805.0,10.0,13.0,8.0,57.1538461538462,0.8,,0.615384615384615,61,60.67,
,2024041505.0,9.0,10.0,7.0,46.0,0.777777777777778,,0.7,115,56.47,
,2024042103.0,9.0,14.0,5.0,11.7142857142857,0.555555555555556,,0.357142857142857,43,37.72,
,2024040704.0,9.0,14.0,7.0,54.0,0.777777777777778,,0.5,54,28.2,
,2024041105.0,9.0,14.0,7.0,121.571428571429,0.777777777777778,,0.5,72,59.1,
,2024041404.0,9.0,12.0,7.0,47.16666666666671,0.777777777777778,,0.583333333333333,61,64.32,
,2024041406.0,9.0,11.0,8.0,30.2727272727273,0.888888888888889,,0.727272727272727,73,38.94,
,2024042604.0,9.0,9.0,6.0,80.8888888888889,0.666666666666667,,0.666666666666667,48,58.69,
,2024040803.0,8.0,12.0,7.0,29.9166666666667,0.875,,0.583333333333333,41,43.71,
,2024042006.0,8.0,12.0,7.0,25.9166666666667,0.875,,0.583333333333333,37,62.79,
,2024042102.0,8.0,13.0,6.0,22.6923076923077,0.75,,0.461538461538462,51,31.95,
,2024050203.0,8.0,12.0,4.0,18.9166666666667,0.5,,0.333333333333333,37,73.41,
,2024042704.0,8.0,12.0,7.0,88.0,0.875,,0.583333333333333,50,37.24,
,2024042003.0,7.0,9.0,3.0,23.6666666666667,0.428571428571429,,0.333333333333333,34,42.07,
,2024042004.0,7.0,10.0,6.0,90.2,0.857142857142857,,0.6,42,23.49,
,2024042804.0,7.0,11.0,5.0,79.0909090909091,0.714285714285714,,0.454545454545455,62,26.69,
,2024040905.0,6.0,8.0,5.0,627.375,0.833333333333333,,0.625,45,50.95,
,2024042807.0,6.0,10.0,4.0,23.3,0.666666666666667,,0.4,43,36.06,
,2024041623.0,6.0,6.0,6.0,102.666666666667,1.0,,1.0,29,70.13,
,2024041405.0,6.0,12.0,7.0,22.8333333333333,1.16666666666667,,0.583333333333333,33,20.88,
,2024042005.0,6.0,7.0,4.0,22.1428571428571,0.666666666666667,,0.571428571428571,38,42.75,
,2024042806.0,6.0,9.0,4.0,65.1111111111111,0.666666666666667,,0.444444444444444,35,40.24,
,2024042415.0,6.0,6.0,0.0,145.5,0.0,,0.0,20,21.16,
,2024042410.0,5.0,5.0,0.0,11.6,0.0,,0.0,10,27.46,
,2024042805.0,4.0,7.0,1.0,10.8571428571429,0.25,,0.142857142857143,21,44.82,
,2024042806.0,4.0,8.0,3.0,12.875,0.75,,0.375,22,49.57,
,2024041623.0,4.0,4.0,4.0,635.0,1.0,,1.0,29,44.26,
,2024041119.0,4.0,4.0,0.0,54.0,0.0,,0.0,9,51.86,
,2024041312.0,4.0,4.0,0.0,70.5,0.0,,0.0,5,55.71,
,2024041316.0,4.0,4.0,0.0,25.75,0.0,,0.0,8,20.6,
,2024041511.0,4.0,4.0,0.0,19.25,0.0,,0.0,4,47.85,
,2024041514.0,4.0,4.0,0.0,8.25,0.0,,0.0,6,77.81,
,2024042318.0,4.0,4.0,0.0,64.25,0.0,,0.0,7,51.14,
,2024042319.0,4.0,4.0,1.0,53.0,0.25,,0.25,13,60.65,
,2024050119.0,4.0,4.0,0.0,158.25,0.0,,0.0,29,38.71,
,2024050300.0,4.0,4.0,0.0,11.25,0.0,,0.0,14,66.44,
,2024040615.0,3.0,3.0,0.0,26.0,0.0,,0.0,3,66.38,
,2024040622.0,3.0,3.0,0.0,30.0,0.0,,0.0,6,51.28,
,2024040811.0,3.0,3.0,0.0,17.6666666666667,0.0,,0.0,4,78.56,
,2024041114.0,3.0,3.0,0.0,124.0,0.0,,0.0,10,27.53,
,2024041321.0,3.0,3.0,0.0,0.0,0.0,,0.0,4,21.02,
,2024041408.0,3.0,3.0,0.0,1.66666666666667,0.0,,0.0,8,66.21,
,2024041419.0,3.0,3.0,0.0,10.6666666666667,0.0,,0.0,6,68.43,
,2024041515.0,3.0,3.0,0.0,28.3333333333333,0.0,,0.0,8,27.21,
,2024041516.0,3.0,3.0,0.0,20.6666666666667,0.0,,0.0,5,35.93,
,2024041812.0,3.0,3.0,0.0,7.33333333333333,0.0,,0.0,4,21.05,
,2024042221.0,3.0,3.0,0.0,12.6666666666667,0.0,,0.0,5,37.6,
,2024042316.0,3.0,3.0,0.0,21.3333333333333,0.0,,0.0,5,66.39,
,2024042400.0,3.0,3.0,0.0,28.3333333333333,0.0,,0.0,10,51.08,
,2024042403.0,3.0,3.0,0.0,39.66666666666671,0.0,,0.0,7,40.89,
,2024042408.0,3.0,3.0,0.0,26.3333333333333,0.0,,0.0,7,42.3,
,2024042411.0,3.0,3.0,0.0,0.0,0.0,,0.0,3,20.08,
,2024042419.0,3.0,3.0,0.0,73.0,0.0,,0.0,7,37.99,
,2024042510.0,3.0,3.0,0.0,540.333333333333,0.0,,0.0,152,58.79,
,2024042512.0,3.0,3.0,0.0,110.333333333333,0.0,,0.0,9,78.45,
,2024042613.0,3.0,3.0,0.0,187.666666666667,0.0,,0.0,4,70.82,
,2024042620.0,3.0,3.0,0.0,40.33333333333329,0.0,,0.0,17,21.42,
,2024042912.0,3.0,3.0,0.0,16.0,0.0,,0.0,3,73.91,
,2024042922.0,3.0,3.0,0.0,17.3333333333333,0.0,,0.0,11,66.99,
,2024043013.0,3.0,3.0,0.0,196.0,0.0,,0.0,12,66.82,
,2024050122.0,3.0,3.0,0.0,638.0,0.0,,0.0,7,47.48,
,2024050223.0,3.0,3.0,0.0,0.0,0.0,,0.0,4,43.88,
,2024041220.0,2.0,2.0,2.0,553.0,1.0,,1.0,41,38.17,
,2024041718.0,2.0,2.0,1.0,50.0,0.5,,0.5,11,23.94,
,2024042521.0,2.0,2.0,2.0,315.0,1.0,,1.0,42,33.69,
,2024042911.0,2.0,2.0,2.0,37.5,1.0,,1.0,9,34.8,
,2024050201.0,2.0,2.0,2.0,653.5,1.0,,1.0,28,49.04,
,2024050222.0,2.0,2.0,2.0,267.0,1.0,,1.0,15,64.85,
,2024040609.0,2.0,2.0,0.0,13.5,0.0,,0.0,6,48.43,
,2024040610.0,2.0,2.0,0.0,0.0,0.0,,0.0,2,23.47,
,2024040611.0,2.0,2.0,0.0,131.5,0.0,,0.0,9,77.47,
,2024040614.0,2.0,2.0,0.0,0.0,0.0,,0.0,2,76.56,
,2024040704.0,2.0,2.0,0.0,11.0,0.0,,0.0,8,67.11,
,2024040717.0,2.0,2.0,0.0,1122.5,0.0,,0.0,6,79.48,
,2024040718.0,2.0,2.0,0.0,48.0,0.0,,0.0,11,52.67,
,2024040721.0,2.0,2.0,0.0,4.0,0.0,,0.0,11,77.77,
,2024040810.0,2.0,2.0,0.0,0.0,0.0,,0.0,5,24.54,
,2024040814.0,2.0,2.0,0.0,31.0,0.0,,0.0,4,41.94,
,2024040815.0,2.0,2.0,0.0,41.5,0.0,,0.0,4,33.52,
,2024040900.0,2.0,2.0,0.0,18.0,0.0,,0.0,9,31.75,
,2024040917.0,2.0,2.0,0.0,119.0,0.0,,0.0,5,28.45,
,2024041002.0,2.0,2.0,0.0,32.0,0.0,,0.0,3,57.34,
,2024041118.0,2.0,2.0,0.0,85.5,0.0,,0.0,3,66.88,
,2024041211.0,2.0,2.0,0.0,5.0,0.0,,0.0,3,54.7,
,2024041215.0,2.0,2.0,0.0,35.0,0.0,,0.0,5,28.82,
,2024041303.0,2.0,2.0,1.0,9.0,0.5,,0.5,6,68.67,
,2024041318.0,2.0,2.0,0.0,222.0,0.0,,0.0,6,58.16,
,2024041400.0,2.0,2.0,0.0,3.5,0.0,,0.0,2,43.29,
,2024041406.0,2.0,2.0,0.0,9.0,0.0,,0.0,5,60.45,
,2024041410.0,2.0,2.0,0.0,8.5,0.0,,0.0,3,35.59,
,2024041413.0,2.0,2.0,0.0,156.0,0.0,,0.0,10,40.71,
,2024041420.0,2.0,2.0,0.0,8.0,0.0,,0.0,2,75.05,
,2024041512.0,2.0,2.0,0.0,23.0,0.0,,0.0,3,37.43,
,2024041517.0,2.0,2.0,0.0,0.0,0.0,,0.0,3,48.2,
,2024041519.0,2.0,2.0,0.0,3.5,0.0,,0.0,3,73.41,
,2024041600.0,2.0,2.0,0.0,0.0,0.0,,0.0,8,62.46,
,2024041606.0,2.0,2.0,0.0,16.0,0.0,,0.0,6,23.73,
,2024041607.0,2.0,2.0,0.0,0.0,0.0,,0.0,6,28.84,
,2024041610.0,2.0,2.0,0.0,4.0,0.0,,0.0,4,20.47,
,2024041612.0,2.0,2.0,0.0,0.0,0.0,,0.0,2,57.86,
,2024041619.0,2.0,2.0,0.0,29.5,0.0,,0.0,6,46.86,
,2024041622.0,2.0,2.0,0.0,158.5,0.0,,0.0,15,28.06,
,2024041714.0,2.0,2.0,0.0,34.0,0.0,,0.0,10,77.48,
,2024041715.0,2.0,2.0,0.0,0.0,0.0,,0.0,3,51.78,
,2024041716.0,2.0,2.0,0.0,113.5,0.0,,0.0,14,34.51,
,2024041721.0,2.0,2.0,0.0,3.0,0.0,,0.0,2,50.04,
,2024041816.0,2.0,2.0,0.0,0.0,0.0,,0.0,3,60.78,
,2024041818.0,2.0,2.0,0.0,158.0,0.0,,0.0,10,24.57,
,2024041820.0,2.0,2.0,0.0,70.0,0.0,,0.0,9,36.48,
,2024041822.0,2.0,2.0,0.0,0.0,0.0,,0.0,2,68.42,
,2024041911.0,2.0,3.0,0.0,0.0,0.0,,0.0,4,47.58,
,2024041914.0,2.0,2.0,0.0,216.5,0.0,,0.0,12,52.79,
,2024041919.0,2.0,2.0,0.0,83.5,0.0,,0.0,7,45.97,
,2024042002.0,2.0,2.0,0.0,220.0,0.0,,0.0,3,22.63,
,2024042012.0,2.0,2.0,0.0,66.0,0.0,,0.0,4,29.94,
,2024042017.0,2.0,2.0,0.0,146.5,0.0,,0.0,13,46.73,
,2024042019.0,2.0,2.0,0.0,68.5,0.0,,0.0,14,32.55,
,2024042020.0,2.0,2.0,0.0,6.0,0.0,,0.0,2,23.0,
,2024042111.0,2.0,2.0,0.0,140.0,0.0,,0.0,7,70.62,
,2024042113.0,2.0,2.0,0.0,12.5,0.0,,0.0,7,78.87,
,2024042115.0,2.0,2.0,0.0,116.5,0.0,,0.0,8,67.59,
,2024042117.0,2.0,2.0,0.0,0.0,0.0,,0.0,2,71.23,
,2024042120.0,2.0,2.0,0.0,66.5,0.0,,0.0,6,34.52,
,2024042121.0,2.0,2.0,0.0,32.5,0.0,,0.0,2,77.64,
,2024042200.0,2.0,2.0,0.0,256.5,0.0,,0.0,3,31.82,
,2024042202.0,2.0,2.0,0.0,52.0,0.0,,0.0,8,77.09,
,2024042212.0,2.0,2.0,0.0,42.0,0.0,,0.0,4,79.69,
,2024042214.0,2.0,2.0,0.0,64.5,0.0,,0.0,28,62.7,
,2024042311.0,2.0,2.0,0.0,18.5,0.0,,0.0,4,78.87,
,2024042312.0,2.0,2.0,0.0,53.5,0.0,,0.0,7,54.17,
,2024042321.0,2.0,2.0,0.0,10.5,0.0,,0.0,6,35.57,
,2024042322.0,2.0,2.0,0.0,16.5,0.0,,0.0,4,46.22,
,2024042406.0,2.0,2.0,0.0,33.0,0.0,,0.0,7,55.61,
,2024042409.0,2.0,3.0,0.0,453.666666666667,0.0,,0.0,11,24.38,
,2024042416.0,2.0,2.0,0.0,77.5,0.0,,0.0,11,57.34,
,2024042508.0,2.0,2.0,0.0,24.5,0.0,,0.0,7,78.87,
,2024042511.0,2.0,2.0,0.0,23.0,0.0,,0.0,3,31.41,
,2024042516.0,2.0,2.0,0.0,164.0,0.0,,0.0,17,67.56,
,2024042517.0,2.0,2.0,0.0,17.5,0.0,,0.0,6,74.47,
,2024042600.0,2.0,2.0,0.0,241.0,0.0,,0.0,17,76.62,
,2024042602.0,2.0,2.0,0.0,4.5,0.0,,0.0,2,77.61,
,2024042619.0,2.0,2.0,0.0,32.0,0.0,,0.0,2,51.29,
,2024042623.0,2.0,2.0,0.0,106.0,0.0,,0.0,4,78.64,
,2024042720.0,2.0,2.0,0.0,94.5,0.0,,0.0,9,65.44,
,2024042814.0,2.0,2.0,0.0,99.5,0.0,,0.0,9,29.7,
,2024042815.0,2.0,2.0,0.0,15.5,0.0,,0.0,4,48.61,
,2024042818.0,2.0,2.0,0.0,149.5,0.0,,0.0,4,63.1,
,2024042821.0,2.0,2.0,0.0,67.5,0.0,,0.0,6,34.84,
,2024042900.0,2.0,2.0,0.0,368.5,0.0,,0.0,5,58.44,
,2024042910.0,2.0,2.0,0.0,35.5,0.0,,0.0,4,60.0,
,2024042914.0,2.0,2.0,0.0,20.5,0.0,,0.0,3,29.76,
,2024042916.0,2.0,2.0,0.0,123.0,0.0,,0.0,12,53.91,
,2024042923.0,2.0,2.0,0.0,54.5,0.0,,0.0,5,66.3,
,2024043001.0,2.0,3.0,0.0,3.6666666666666705,0.0,,0.0,5,49.93,
,2024043017.0,2.0,2.0,0.0,0.0,0.0,,0.0,4,20.73,
,2024050118.0,2.0,2.0,0.0,0.0,0.0,,0.0,2,20.54,
,2024050215.0,2.0,2.0,0.0,9.5,0.0,,0.0,3,41.42,
,2024050221.0,2.0,2.0,0.0,55.0,0.0,,0.0,3,75.57,
,2024050222.0,2.0,2.0,0.0,0.0,0.0,,0.0,3,33.72,
,2024050303.0,2.0,2.0,0.0,25.0,0.0,,0.0,7,58.06,
,2024050308.0,2.0,2.0,0.0,0.0,0.0,,0.0,3,33.32,
,2024050310.0,2.0,2.0,0.0,55.5,0.0,,0.0,10,39.3,
,2024050314.0,2.0,2.0,0.0,27.5,0.0,,0.0,8,70.88,
,2024050320.0,2.0,2.0,0.0,98.5,0.0,,0.0,29,63.73,
,2024050322.0,2.0,2.0,0.0,7.0,0.0,,0.0,7,25.72,
,2024041419.0,1.0,1.0,0.0,0.0,0.0,,0.0,3,45.72,
,2024042102.0,1.0,1.0,1.0,218.0,1.0,,1.0,5,21.75,
,2024041623.0,1.0,1.0,1.0,87.0,1.0,,1.0,1,48.85,
,2024040616.0,1.0,1.0,1.0,359.0,1.0,,1.0,29,59.75,
,2024040617.0,1.0,1.0,1.0,53.0,1.0,,1.0,3,27.11,
,2024040712.0,1.0,1.0,1.0,0.0,1.0,,1.0,3,37.33,
,2024040713.0,1.0,1.0,1.0,0.0,1.0,,1.0,1,43.87,
,2024040819.0,1.0,1.0,1.0,8.0,1.0,,1.0,4,75.17,
,2024040821.0,1.0,1.0,1.0,27.0,1.0,,1.0,3,79.6,
,2024040906.0,1.0,1.0,1.0,37.0,1.0,,1.0,4,22.69,
,2024040908.0,1.0,1.0,0.0,0.0,0.0,,0.0,3,65.66,
,2024040913.0,1.0,1.0,1.0,0.0,1.0,,1.0,3,42.3,
,2024040914.0,1.0,1.0,1.0,309.0,1.0,,1.0,1,43.55,
,2024040915.0,1.0,1.0,1.0,171.0,1.0,,1.0,6,65.26,
,2024041010.0,1.0,1.0,1.0,110.0,1.0,,1.0,7,75.11,
,2024041011.0,1.0,2.0,2.0,0.0,2.0,,1.0,4,77.06,
,2024041012.0,1.0,2.0,2.0,16.0,2.0,,1.0,6,54.63,
,2024041013.0,1.0,1.0,1.0,477.0,1.0,,1.0,8,41.43,
,2024041014.0,1.0,1.0,1.0,668.0,1.0,,1.0,15,67.25,
,2024041015.0,1.0,2.0,2.0,99.5,2.0,,1.0,6,35.06,
,2024041016.0,1.0,1.0,1.0,1514.0,1.0,,1.0,30,53.84,
,2024041017.0,1.0,1.0,1.0,235.0,1.0,,1.0,56,41.51,
,2024041019.0,1.0,1.0,1.0,0.0,1.0,,1.0,5,59.4,
,2024041021.0,1.0,1.0,0.0,193.0,0.0,,0.0,4,34.42,
,2024041109.0,1.0,1.0,1.0,0.0,1.0,,1.0,3,31.5,
,2024041110.0,1.0,2.0,2.0,92.5,2.0,,1.0,20,75.09,
,2024041111.0,1.0,1.0,1.0,499.0,1.0,,1.0,24,26.11,
,2024041116.0,1.0,1.0,1.0,425.0,1.0,,1.0,17,50.36,
,2024041117.0,1.0,1.0,1.0,0.0,1.0,,1.0,1,33.25,
,2024041219.0,1.0,1.0,1.0,0.0,1.0,,1.0,3,22.34,
,2024041221.0,1.0,1.0,1.0,1220.0,1.0,,1.0,25,22.16,
,2024041319.0,1.0,1.0,0.0,0.0,0.0,,0.0,3,30.51,
,2024041321.0,1.0,1.0,1.0,0.0,1.0,,1.0,3,72.01,
,2024041322.0,1.0,1.0,1.0,47.0,1.0,,1.0,9,36.95,
,2024041414.0,1.0,1.0,1.0,13.0,1.0,,1.0,3,77.03,
,2024041417.0,1.0,1.0,0.0,0.0,0.0,,0.0,2,54.9,
,2024041422.0,1.0,1.0,1.0,0.0,1.0,,1.0,3,46.2,
,2024041423.0,1.0,1.0,1.0,648.0,1.0,,1.0,8,54.81,
,2024041500.0,1.0,2.0,2.0,138.5,2.0,,1.0,10,51.0,
,2024041522.0,1.0,1.0,1.0,0.0,1.0,,1.0,7,65.53,
,2024041616.0,1.0,1.0,1.0,0.0,1.0,,1.0,3,36.95,
,2024041618.0,1.0,2.0,1.0,185.5,1.0,,0.5,6,41.18,
,2024041619.0,1.0,1.0,1.0,340.0,1.0,,1.0,11,73.65,
,2024041715.0,1.0,1.0,1.0,17.0,1.0,,1.0,4,76.79,
,2024041719.0,1.0,1.0,0.0,0.0,0.0,,0.0,2,73.55,
,2024041800.0,1.0,2.0,2.0,30.5,2.0,,1.0,11,45.17,
,2024041801.0,1.0,1.0,0.0,0.0,0.0,,0.0,2,66.82,
,2024041809.0,1.0,1.0,1.0,160.0,1.0,,1.0,11,48.58,
,2024041811.0,1.0,1.0,1.0,5.0,1.0,,1.0,4,49.85,
,2024041903.0,1.0,1.0,1.0,19.0,1.0,,1.0,7,32.28,
,2024041904.0,1.0,1.0,1.0,0.0,1.0,,1.0,3,55.47,
,2024041912.0,1.0,1.0,1.0,479.0,1.0,,1.0,14,31.17,
,2024041922.0,1.0,2.0,2.0,146.0,2.0,,1.0,17,39.89,
,2024041923.0,1.0,1.0,1.0,55.0,1.0,,1.0,4,71.3,
,2024042112.0,1.0,1.0,1.0,493.0,1.0,,1.0,6,32.42,
,2024042113.0,1.0,1.0,1.0,169.0,1.0,,1.0,6,24.27,
,2024042114.0,1.0,1.0,1.0,0.0,1.0,,1.0,3,24.14,
,2024042115.0,1.0,1.0,1.0,276.0,1.0,,1.0,49,76.45,
,2024042116.0,1.0,1.0,1.0,2.0,1.0,,1.0,12,50.42,
,2024042122.0,1.0,1.0,1.0,18.0,1.0,,1.0,4,44.56,
,2024042207.0,1.0,1.0,1.0,133.0,1.0,,1.0,12,68.65,
,2024042208.0,1.0,1.0,1.0,64.0,1.0,,1.0,12,70.15,
,2024042209.0,1.0,1.0,1.0,24.0,1.0,,1.0,5,39.93,
,2024042210.0,1.0,1.0,1.0,309.0,1.0,,1.0,10,61.62,
,2024042319.0,1.0,1.0,1.0,236.0,1.0,,1.0,15,66.27,
,2024042320.0,1.0,1.0,1.0,160.0,1.0,,1.0,27,59.28,
,2024042321.0,1.0,1.0,0.0,137.0,0.0,,0.0,4,29.1,
,2024042410.0,1.0,1.0,0.0,0.0,0.0,,0.0,2,72.55,
,2024042412.0,1.0,1.0,0.0,0.0,0.0,,0.0,2,52.35,
,2024042416.0,1.0,1.0,1.0,0.0,1.0,,1.0,2,36.95,
,2024042417.0,1.0,1.0,1.0,0.0,1.0,,1.0,1,45.51,
,2024042418.0,1.0,1.0,0.0,13.0,0.0,,0.0,3,22.25,
,2024042509.0,1.0,1.0,1.0,176.0,1.0,,1.0,11,27.67,
,2024042515.0,1.0,1.0,1.0,191.0,1.0,,1.0,16,65.93,
,2024042516.0,1.0,1.0,1.0,4525.0,1.0,,1.0,9,20.0,
,2024042519.0,1.0,1.0,0.0,0.0,0.0,,0.0,2,44.99,
,2024042520.0,1.0,1.0,1.0,21.0,1.0,,1.0,5,51.35,
,2024042522.0,1.0,2.0,2.0,266.5,2.0,,1.0,31,23.28,
,2024042604.0,1.0,1.0,1.0,166.0,1.0,,1.0,5,78.38,
,2024042605.0,1.0,1.0,1.0,86.0,1.0,,1.0,7,33.57,
,2024042607.0,1.0,1.0,1.0,609.0,1.0,,1.0,15,38.25,
,2024042610.0,1.0,1.0,1.0,50.0,1.0,,1.0,14,38.24,
,2024042611.0,1.0,1.0,0.0,0.0,0.0,,0.0,3,33.82,
,2024042612.0,1.0,1.0,1.0,195.0,1.0,,1.0,9,20.09,
,2024042613.0,1.0,1.0,0.0,0.0,0.0,,0.0,2,63.76,
,2024042614.0,1.0,1.0,1.0,71.0,1.0,,1.0,11,78.01,
,2024042619.0,1.0,1.0,1.0,0.0,1.0,,1.0,3,33.46,
,2024042620.0,1.0,1.0,0.0,37.0,0.0,,0.0,3,59.78,
,2024042808.0,1.0,1.0,0.0,0.0,0.0,,0.0,3,64.51,
,2024042910.0,1.0,1.0,1.0,1.0,1.0,,1.0,5,70.91,
,2024042918.0,1.0,1.0,1.0,48.0,1.0,,1.0,3,45.36,
,2024042920.0,1.0,1.0,1.0,145.0,1.0,,1.0,14,38.18,
,2024042921.0,1.0,1.0,1.0,14.0,1.0,,1.0,5,39.52,
,2024042922.0,1.0,1.0,1.0,42.0,1.0,,1.0,1,62.76,
,2024043014.0,1.0,1.0,1.0,25.0,1.0,,1.0,5,69.01,
,2024043021.0,1.0,1.0,0.0,0.0,0.0,,0.0,2,30.9,
,2024050116.0,1.0,1.0,0.0,0.0,0.0,,0.0,3,42.26,
,2024050120.0,1.0,2.0,0.0,0.0,0.0,,0.0,4,74.12,
,2024050200.0,1.0,1.0,1.0,0.0,1.0,,1.0,3,68.4,
,2024050202.0,1.0,1.0,1.0,1409.0,1.0,,1.0,13,79.09,
,2024050214.0,1.0,1.0,1.0,102.0,1.0,,1.0,4,65.25,
,2024050215.0,1.0,1.0,1.0,48.0,1.0,,1.0,6,43.59,
,2024050217.0,1.0,1.0,1.0,216.0,1.0,,1.0,8,55.44,
,2024050219.0,1.0,1.0,1.0,41.0,1.0,,1.0,4,59.66,
,2024050220.0,1.0,1.0,1.0,65.0,1.0,,1.0,8,24.71,
,2024050221.0,1.0,1.0,1.0,208.0,1.0,,1.0,23,52.67,
,2024050301.0,1.0,1.0,1.0,76.0,1.0,,1.0,8,62.56,
,2024050302.0,1.0,1.0,1.0,0.0,1.0,,1.0,1,30.04,
,2024050310.0,1.0,1.0,1.0,609.0,1.0,,1.0,8,66.84,
,2024050311.0,1.0,1.0,0.0,13.0,0.0,,0.0,3,55.03,
,2024050315.0,1.0,1.0,1.0,179.0,1.0,,1.0,4,77.13,
,2024050319.0,1.0,1.0,1.0,0.0,1.0,,1.0,3,22.55,
,2024050320.0,1.0,1.0,0.0,204.0,0.0,,0.0,3,35.92,
,2024050322.0,1.0,1.0,0.0,0.0,0.0,,0.0,3,56.09,
,2024040600.0,1.0,1.0,0.0,0.0,0.0,,0.0,2,37.79,
,2024040603.0,1.0,1.0,0.0,0.0,0.0,,0.0,1,62.87,
,2024040606.0,1.0,1.0,0.0,4.0,0.0,,0.0,1,65.54,
,2024040612.0,1.0,1.0,0.0,156.0,0.0,,0.0,3,26.15,
,2024040616.0,1.0,1.0,0.0,27.0,0.0,,0.0,1,50.83,
,2024040618.0,1.0,1.0,0.0,0.0,0.0,,0.0,1,50.53,
,2024040620.0,1.0,1.0,0.0,7.0,0.0,,0.0,4,42.16,
,2024040623.0,1.0,1.0,0.0,498.0,0.0,,0.0,5,75.98,
,2024040705.0,1.0,1.0,0.0,232.0,0.0,,0.0,2,69.65,
,2024040707.0,1.0,1.0,0.0,19.0,0.0,,0.0,2,61.83,
,2024040709.0,1.0,2.0,0.0,71.0,0.0,,0.0,13,62.86,
,2024040716.0,1.0,1.0,0.0,0.0,0.0,,0.0,1,47.7,
,2024040719.0,1.0,1.0,0.0,0.0,0.0,,0.0,1,75.26,
,2024040722.0,1.0,1.0,0.0,0.0,0.0,,0.0,1,61.68,
,2024040813.0,1.0,1.0,0.0,0.0,0.0,,0.0,1,63.74,
,2024040817.0,1.0,1.0,0.0,7.0,0.0,,0.0,1,71.7,
,2024040818.0,1.0,1.0,0.0,0.0,0.0,,0.0,1,36.44,
,2024040820.0,1.0,1.0,0.0,0.0,0.0,,0.0,1,68.42,
,2024040821.0,1.0,1.0,0.0,0.0,0.0,,0.0,1,31.71,
,2024040823.0,1.0,1.0,0.0,0.0,0.0,,0.0,1,40.72,
,2024040901.0,1.0,1.0,0.0,23.0,0.0,,0.0,2,40.14,
,2024040902.0,1.0,1.0,0.0,0.0,0.0,,0.0,1,78.71,
,2024040903.0,1.0,1.0,0.0,0.0,0.0,,0.0,3,71.39,
,2024040905.0,1.0,1.0,0.0,18.0,0.0,,0.0,6,62.07,
,2024040910.0,1.0,1.0,0.0,236.0,0.0,,0.0,47,63.62,
,2024040912.0,1.0,1.0,0.0,0.0,0.0,,0.0,3,53.72,
,2024040913.0,1.0,1.0,0.0,31.0,0.0,,0.0,1,76.83,
,2024040915.0,1.0,1.0,0.0,164.0,0.0,,0.0,11,49.78,
,2024040916.0,1.0,1.0,0.0,0.0,0.0,,0.0,3,42.83,
,2024040918.0,1.0,1.0,0.0,1.0,0.0,,0.0,3,29.78,
,2024040923.0,1.0,1.0,0.0,6.0,0.0,,0.0,2,67.17,
,2024041007.0,1.0,1.0,0.0,298.0,0.0,,0.0,14,64.07,
,2024041012.0,1.0,1.0,0.0,0.0,0.0,,0.0,2,43.06,
,2024041014.0,1.0,1.0,0.0,0.0,0.0,,0.0,1,21.51,
,2024041015.0,1.0,1.0,0.0,349.0,0.0,,0.0,2,70.34,
,2024041017.0,1.0,1.0,0.0,18.0,0.0,,0.0,5,20.69,
,2024041019.0,1.0,1.0,0.0,0.0,0.0,,0.0,1,62.22,
,2024041020.0,1.0,1.0,0.0,4.0,0.0,,0.0,1,78.22,
,2024041022.0,1.0,1.0,0.0,15.0,0.0,,0.0,1,46.26,
,2024041023.0,1.0,1.0,0.0,2.0,0.0,,0.0,2,34.1,
,2024041100.0,1.0,1.0,0.0,5.0,0.0,,0.0,3,62.29,
,2024041102.0,1.0,1.0,0.0,68.0,0.0,,0.0,5,69.03,
,2024041104.0,1.0,1.0,0.0,1438.0,0.0,,0.0,29,52.79,
,2024041110.0,1.0,1.0,0.0,0.0,0.0,,0.0,2,78.02,
,2024041112.0,1.0,1.0,0.0,0.0,0.0,,0.0,1,23.1,
,2024041113.0,1.0,1.0,0.0,6.0,0.0,,0.0,1,50.29,
,2024041115.0,1.0,1.0,0.0,0.0,0.0,,0.0,1,63.11,
,2024041116.0,1.0,1.0,0.0,13.0,0.0,,0.0,1,71.76,
,2024041117.0,1.0,1.0,0.0,0.0,0.0,,0.0,1,30.76,
,2024041120.0,1.0,1.0,0.0,98.0,0.0,,0.0,10,68.0,
,2024041121.0,1.0,1.0,0.0,175.0,0.0,,0.0,23,53.16,
,2024041206.0,1.0,2.0,0.0,0.0,0.0,,0.0,3,43.79,
,2024041209.0,1.0,1.0,0.0,0.0,0.0,,0.0,1,27.9,
,2024041212.0,1.0,1.0,0.0,1232.0,0.0,,0.0,5,71.92,
,2024041214.0,1.0,1.0,0.0,23.0,0.0,,0.0,1,29.44,
,2024041216.0,1.0,1.0,0.0,0.0,0.0,,0.0,1,38.59,
,2024041218.0,1.0,1.0,0.0,3.0,0.0,,0.0,3,37.4,
,2024041219.0,1.0,2.0,0.0,0.0,0.0,,0.0,3,72.28,
,2024041220.0,1.0,1.0,0.0,0.0,0.0,,0.0,1,60.36,
,2024041306.0,1.0,1.0,0.0,44.0,0.0,,0.0,1,67.8,
,2024041309.0,1.0,1.0,0.0,215.0,0.0,,0.0,1,35.03,
,2024041310.0,1.0,1.0,0.0,41.0,0.0,,0.0,3,57.49,
,2024041311.0,1.0,1.0,0.0,73.0,0.0,,0.0,6,54.3,
,2024041313.0,1.0,1.0,0.0,0.0,0.0,,0.0,1,69.97,
,2024041314.0,1.0,1.0,0.0,0.0,0.0,,0.0,2,74.37,
,2024041315.0,1.0,1.0,0.0,78.0,0.0,,0.0,10,20.73,
,2024041317.0,1.0,1.0,0.0,1117.0,0.0,,0.0,18,60.44,
,2024041322.0,1.0,1.0,0.0,0.0,0.0,,0.0,1,23.11,
,2024041323.0,1.0,1.0,0.0,112.0,0.0,,0.0,7,52.93,
,2024041407.0,1.0,1.0,0.0,0.0,0.0,,0.0,1,37.26,
,2024041414.0,1.0,1.0,0.0,37.0,0.0,,0.0,11,38.41,
,2024041417.0,1.0,1.0,0.0,21.0,0.0,,0.0,7,41.18,
,2024041418.0,1.0,1.0,0.0,115.0,0.0,,0.0,3,57.28,
,2024041421.0,1.0,1.0,0.0,48.0,0.0,,0.0,3,40.04,
,2024041423.0,1.0,1.0,0.0,0.0,0.0,,0.0,1,63.96,
,2024041506.0,1.0,1.0,0.0,0.0,0.0,,0.0,1,44.27,
,2024041509.0,1.0,1.0,1.0,49.0,1.0,,1.0,5,24.1,
,2024041513.0,1.0,1.0,0.0,0.0,0.0,,0.0,1,67.03,
,2024041520.0,1.0,1.0,0.0,0.0,0.0,,0.0,1,37.15,
,2024041522.0,1.0,1.0,0.0,127.0,0.0,,0.0,11,45.97,
,2024041523.0,1.0,1.0,0.0,574.0,0.0,,0.0,5,61.13,
,2024041604.0,1.0,1.0,0.0,87.0,0.0,,0.0,1,39.95,
,2024041609.0,1.0,1.0,0.0,15.0,0.0,,0.0,1,23.4,
,2024041611.0,1.0,1.0,0.0,397.0,0.0,,0.0,19,42.44,
,2024041614.0,1.0,1.0,0.0,64.0,0.0,,0.0,17,76.67,
,2024041615.0,1.0,1.0,0.0,43.0,0.0,,0.0,3,58.5,
,2024041620.0,1.0,1.0,0.0,0.0,0.0,,0.0,1,60.29,
,2024041621.0,1.0,1.0,0.0,0.0,0.0,,0.0,1,57.94,
,2024041623.0,1.0,1.0,0.0,0.0,0.0,,0.0,1,31.94,
,2024041700.0,1.0,1.0,0.0,0.0,0.0,,0.0,10,45.1,
,2024041701.0,1.0,1.0,0.0,0.0,0.0,,0.0,1,65.06,
,2024041703.0,1.0,1.0,0.0,24.0,0.0,,0.0,1,26.08,
,2024041709.0,1.0,1.0,0.0,0.0,0.0,,0.0,1,36.67,
,2024041712.0,1.0,1.0,0.0,57.0,0.0,,0.0,5,36.58,
,2024041713.0,1.0,1.0,0.0,0.0,0.0,,0.0,1,45.92,
,2024041717.0,1.0,1.0,0.0,229.0,0.0,,0.0,12,78.82,
,2024041719.0,1.0,1.0,0.0,0.0,0.0,,0.0,2,24.05,
,2024041720.0,1.0,1.0,0.0,0.0,0.0,,0.0,1,51.12,
,2024041800.0,1.0,1.0,0.0,0.0,0.0,,0.0,4,30.76,
,2024041802.0,1.0,1.0,0.0,8.0,0.0,,0.0,1,78.24,
,2024041811.0,1.0,1.0,0.0,329.0,0.0,,0.0,1,26.8,
,2024041814.0,1.0,1.0,0.0,17.0,0.0,,0.0,3,44.22,
,2024041815.0,1.0,1.0,0.0,17.0,0.0,,0.0,1,64.27,
,2024041817.0,1.0,1.0,0.0,46.0,0.0,,0.0,4,62.27,
,2024041823.0,1.0,1.0,0.0,224.0,0.0,,0.0,4,45.36,
,2024041910.0,1.0,1.0,0.0,1422.0,0.0,,0.0,5,40.79,
,2024041916.0,1.0,1.0,0.0,39.0,0.0,,0.0,1,43.86,
,2024041918.0,1.0,1.0,0.0,610.0,0.0,,0.0,6,35.86,
,2024041920.0,1.0,1.0,0.0,23.0,0.0,,0.0,1,32.32,
,2024041922.0,1.0,1.0,0.0,0.0,0.0,,0.0,2,48.98,
,2024042001.0,1.0,1.0,0.0,332.0,0.0,,0.0,12,36.11,
,2024042008.0,1.0,1.0,0.0,0.0,0.0,,0.0,1,37.25,
,2024042010.0,1.0,1.0,0.0,0.0,0.0,,0.0,1,59.41,
,2024042011.0,1.0,1.0,0.0,19.0,0.0,,0.0,7,78.11,
,2024042013.0,1.0,1.0,0.0,246.0,0.0,,0.0,4,56.22,
,2024042014.0,1.0,1.0,0.0,130.0,0.0,,0.0,7,24.62,
,2024042015.0,1.0,1.0,0.0,0.0,0.0,,0.0,1,24.54,
,2024042016.0,1.0,1.0,0.0,307.0,0.0,,0.0,3,77.09,
,2024042018.0,1.0,1.0,0.0,2.0,0.0,,0.0,1,37.84,
,2024042023.0,1.0,1.0,0.0,0.0,0.0,,0.0,1,25.52,
,2024042100.0,1.0,1.0,0.0,485.0,0.0,,0.0,5,55.94,
,2024042101.0,1.0,1.0,0.0,0.0,0.0,,0.0,1,57.42,
,2024042107.0,1.0,1.0,0.0,2.0,0.0,,0.0,2,58.91,
,2024042109.0,1.0,1.0,0.0,0.0,0.0,,0.0,2,36.04,
,2024042110.0,1.0,1.0,0.0,813.0,0.0,,0.0,54,20.91,
,2024042112.0,1.0,1.0,0.0,0.0,0.0,,0.0,1,77.9,
,2024042114.0,1.0,1.0,0.0,0.0,0.0,,0.0,2,35.05,
,2024042116.0,1.0,1.0,0.0,193.0,0.0,,0.0,1,60.56,
,2024042122.0,1.0,1.0,0.0,0.0,0.0,,0.0,1,62.4,
,2024042201.0,1.0,1.0,0.0,0.0,0.0,,0.0,1,56.6,
,2024042206.0,1.0,1.0,0.0,6.0,0.0,,0.0,1,38.77,
,2024042207.0,1.0,1.0,0.0,0.0,0.0,,0.0,1,36.27,
,2024042209.0,1.0,1.0,0.0,0.0,0.0,,0.0,1,55.86,
,2024042213.0,1.0,1.0,0.0,21.0,0.0,,0.0,1,71.97,
,2024042215.0,1.0,1.0,0.0,4.0,0.0,,0.0,2,76.8,
,2024042216.0,1.0,1.0,0.0,0.0,0.0,,0.0,3,26.35,
,2024042217.0,1.0,1.0,0.0,36.0,0.0,,0.0,2,29.29,
,2024042220.0,1.0,1.0,0.0,0.0,0.0,,0.0,1,76.68,
,2024042300.0,1.0,1.0,0.0,0.0,0.0,,0.0,1,64.19,
,2024042304.0,1.0,1.0,0.0,0.0,0.0,,0.0,1,72.98,
,2024042309.0,1.0,1.0,0.0,0.0,0.0,,0.0,1,32.16,
,2024042310.0,1.0,1.0,0.0,23.0,0.0,,0.0,3,55.26,
,2024042314.0,1.0,1.0,0.0,0.0,0.0,,0.0,1,62.07,
,2024042315.0,1.0,1.0,0.0,418.0,0.0,,0.0,14,60.81,
,2024042320.0,1.0,1.0,0.0,113.0,0.0,,0.0,5,44.49,
,2024042401.0,1.0,2.0,0.0,0.0,0.0,,0.0,4,20.92,
,2024042402.0,1.0,1.0,0.0,350.0,0.0,,0.0,7,54.98,
,2024042412.0,1.0,1.0,0.0,20.0,0.0,,0.0,1,35.19,
,2024042414.0,1.0,1.0,0.0,6.0,0.0,,0.0,2,47.02,
,2024042417.0,1.0,1.0,0.0,0.0,0.0,,0.0,1,77.45,
,2024042418.0,1.0,1.0,0.0,0.0,0.0,,0.0,1,43.94,
,2024042420.0,1.0,1.0,0.0,0.0,0.0,,0.0,1,70.39,
,2024042422.0,1.0,1.0,0.0,349.0,0.0,,0.0,26,31.31,
,2024042506.0,1.0,1.0,0.0,66.0,0.0,,0.0,1,60.35,
,2024042507.0,1.0,1.0,0.0,0.0,0.0,,0.0,1,78.62,
,2024042509.0,1.0,1.0,0.0,27.0,0.0,,0.0,4,26.11,
,2024042513.0,1.0,1.0,0.0,182.0,0.0,,0.0,1,20.5,
,2024042514.0,1.0,1.0,0.0,21.0,0.0,,0.0,1,46.01,
,2024042515.0,1.0,1.0,0.0,321.0,0.0,,0.0,7,25.56,
,2024042518.0,1.0,1.0,0.0,2.0,0.0,,0.0,3,64.9,
,2024042519.0,1.0,1.0,0.0,1.0,0.0,,0.0,1,74.87,
,2024042522.0,1.0,1.0,0.0,0.0,0.0,,0.0,1,46.04,
,2024042523.0,1.0,1.0,0.0,0.0,0.0,,0.0,1,35.52,
,2024042601.0,1.0,1.0,0.0,1.0,0.0,,0.0,2,46.06,
,2024042610.0,1.0,1.0,0.0,6.0,0.0,,0.0,4,63.41,
,2024042614.0,1.0,1.0,0.0,3.0,0.0,,0.0,2,20.54,
,2024042615.0,1.0,1.0,0.0,0.0,0.0,,0.0,1,55.37,
,2024042616.0,1.0,1.0,0.0,56.0,0.0,,0.0,4,56.8,
,2024042621.0,1.0,1.0,0.0,2.0,0.0,,0.0,3,58.26,
,2024042622.0,1.0,1.0,0.0,24.0,0.0,,0.0,9,34.52,
,2024042702.0,1.0,1.0,0.0,0.0,0.0,,0.0,1,62.84,
,2024042707.0,1.0,1.0,0.0,8.0,0.0,,0.0,1,25.48,
,2024042708.0,1.0,1.0,0.0,0.0,0.0,,0.0,1,31.96,
,2024042709.0,1.0,1.0,0.0,0.0,0.0,,0.0,2,72.65,
,2024042711.0,1.0,1.0,0.0,6.0,0.0,,0.0,3,64.32,
,2024042712.0,1.0,1.0,0.0,0.0,0.0,,0.0,1,20.82,
,2024042714.0,1.0,1.0,0.0,29.0,0.0,,0.0,1,34.9,
,2024042715.0,1.0,1.0,0.0,7.0,0.0,,0.0,1,32.86,
,2024042718.0,1.0,1.0,0.0,0.0,0.0,,0.0,1,36.25,
,2024042719.0,1.0,1.0,0.0,86.0,0.0,,0.0,1,34.85,
,2024042722.0,1.0,1.0,0.0,90.0,0.0,,0.0,4,23.75,
,2024042723.0,1.0,1.0,0.0,3.0,0.0,,0.0,3,47.54,
,2024042801.0,1.0,1.0,0.0,0.0,0.0,,0.0,1,63.96,
,2024042811.0,1.0,1.0,0.0,0.0,0.0,,0.0,2,56.4,
,2024042817.0,1.0,1.0,0.0,57.0,0.0,,0.0,7,60.37,
,2024042820.0,1.0,1.0,0.0,91.0,0.0,,0.0,3,24.87,
,2024042822.0,1.0,1.0,0.0,94.0,0.0,,0.0,5,77.09,
,2024042908.0,1.0,1.0,0.0,92.0,0.0,,0.0,5,70.31,
,2024042913.0,1.0,1.0,0.0,0.0,0.0,,0.0,1,68.31,
,2024042915.0,1.0,1.0,0.0,0.0,0.0,,0.0,1,69.38,
,2024042918.0,1.0,1.0,0.0,85.0,0.0,,0.0,7,75.96,
,2024042919.0,1.0,1.0,0.0,0.0,0.0,,0.0,1,52.66,
,2024042920.0,1.0,1.0,0.0,0.0,0.0,,0.0,1,32.02,
,2024043010.0,1.0,1.0,0.0,0.0,0.0,,0.0,1,57.01,
,2024043011.0,1.0,1.0,0.0,23.0,0.0,,0.0,2,64.57,
,2024043012.0,1.0,1.0,0.0,74.0,0.0,,0.0,5,64.28,
,2024043016.0,1.0,1.0,0.0,0.0,0.0,,0.0,2,51.29,
,2024043018.0,1.0,1.0,0.0,4.0,0.0,,0.0,3,24.11,
,2024043019.0,1.0,1.0,0.0,7.0,0.0,,0.0,1,42.27,
,2024043020.0,1.0,2.0,0.0,0.0,0.0,,0.0,2,75.25,
,2024043021.0,1.0,1.0,0.0,0.0,0.0,,0.0,1,55.07,
,2024043022.0,1.0,1.0,0.0,0.0,0.0,,0.0,1,52.3,
,2024050110.0,1.0,1.0,0.0,1.0,0.0,,0.0,1,36.13,
,2024050116.0,1.0,1.0,0.0,32.0,0.0,,0.0,1,42.11,
,2024050121.0,1.0,1.0,0.0,0.0,0.0,,0.0,1,73.72,
,2024050123.0,1.0,1.0,0.0,1.0,0.0,,0.0,4,59.99,
,2024050200.0,1.0,1.0,0.0,617.0,0.0,,0.0,9,67.24,
,2024050206.0,1.0,1.0,0.0,0.0,0.0,,0.0,1,47.26,
,2024050209.0,1.0,1.0,0.0,0.0,0.0,,0.0,1,57.81,
,2024050211.0,1.0,1.0,0.0,0.0,0.0,,0.0,1,34.9,
,2024050213.0,1.0,1.0,0.0,0.0,0.0,,0.0,1,62.33,
,2024050216.0,1.0,1.0,0.0,940.0,0.0,,0.0,4,45.66,
,2024050218.0,1.0,1.0,0.0,71.0,0.0,,0.0,3,46.55,
,2024050220.0,1.0,1.0,0.0,0.0,0.0,,0.0,1,58.96,
,2024050304.0,1.0,1.0,0.0,0.0,0.0,,0.0,2,76.18,
,2024050306.0,1.0,1.0,0.0,23.0,0.0,,0.0,3,23.84,
,2024050312.0,1.0,1.0,0.0,39.0,0.0,,0.0,5,69.48,
,2024050313.0,1.0,1.0,0.0,144.0,0.0,,0.0,3,37.54,
,2024050315.0,1.0,1.0,1.0,82.0,1.0,,1.0,4,46.64,
,2024050319.0,1.0,1.0,0.0,70.0,0.0,,0.0,15,21.31,
,2024050321.0,1.0,1.0,0.0,249.0,0.0,,0.0,10,38.06,
,2024042204.0,0.0,1.0,0.0,0.0,0.0,,0.0,2,50.16,
,2024041816.0,0.0,1.0,0.0,0.0,0.0,,0.0,2,23.37,
,2024041819.0,0.0,1.0,0.0,0.0,0.0,,0.0,2,49.47,
,2024041908.0,0.0,1.0,0.0,0.0,0.0,,0.0,2,75.63,
,2024042000.0,0.0,1.0,0.0,0.0,0.0,,0.0,2,26.32,
,2024042001.0,0.0,1.0,0.0,0.0,0.0,,0.0,2,65.87,
,2024042003.0,0.0,1.0,0.0,0.0,0.0,,0.0,2,44.58,
,2024042010.0,0.0,1.0,0.0,0.0,0.0,,0.0,2,59.31,
,2024050121.0,0.0,1.0,0.0,0.0,0.0,,0.0,2,35.61,
,2024041109.0,0.0,1.0,0.0,0.0,0.0,,0.0,2,29.57,
,2024041203.0,0.0,1.0,0.0,0.0,0.0,,0.0,2,29.63,
,2024041505.0,0.0,1.0,0.0,0.0,0.0,,0.0,2,24.23,
,2024041605.0,0.0,1.0,0.0,0.0,0.0,,0.0,2,31.14,
,2024041805.0,0.0,1.0,0.0,0.0,0.0,,0.0,2,59.85,
,2024042305.0,0.0,1.0,0.0,0.0,0.0,,0.0,2,72.9,
,2024042806.0,0.0,1.0,0.0,0.0,0.0,,0.0,2,68.85,
,2024043005.0,0.0,1.0,0.0,0.0,0.0,,0.0,2,61.11,
,2024043006.0,0.0,1.0,0.0,0.0,0.0,,0.0,2,26.63,
,2024050105.0,0.0,1.0,0.0,0.0,0.0,,0.0,2,37.35,
,2024050307.0,0.0,1.0,0.0,0.0,0.0,,0.0,2,38.59,
,,,,,,,,,Event count,42.47,
,,,,,,,,,Event count,42.47,
,,,,,,,,,Event count,42.47,
,,,,,,,,,Event count,42.47,
,,,,,,,,,Event count,42.47,
,,,,,,,,,Event count,42.47,
,,,,,,,,,Event count,42.47,
,,,,,,,,,Event count,42.47,
,,,,,,,,,Event count,42.47,
,,,,,,,,,Event count,42.47,
