channel group,Enggaged session,Engagement sessions per user,Engagement  Rate,Average Engagment time per session,Event per session,Bouns Rate,Event count,DateHour,sessions,Users,hours
Direct,2024041623,237,300,144,47.52666667,0.607594937,4.673333333,,1402,77.04,
Organic Social,2024041719,208,267,132,32.09737828,0.634615385,4.29588015,,1147,63.92,
Direct,2024041723,188,233,115,39.93991416,0.611702128,4.587982833,,1069,55.92,
Organic Social,2024041718,187,256,125,32.16015625,0.668449198,4.078125,,1044,29.36,
Organic Social,2024041720,175,221,112,46.91855204,0.64,4.529411765,,1001,29.36,
Organic Social,2024041721,160,206,103,59.31553398,0.64375,4.694174757,,967,23.49,
Organic Social,2024050119,160,219,110,40.31506849,0.6875,4.630136986,,1014,71.97,
Direct,2024041622,158,192,94,39.02083333,0.594936709,4.057291667,,779,56.07,
Organic Social,2024041321,152,178,96,30.48876404,0.631578947,5.056179775,,900,62.48,
Organic Social,2024041516,151,211,93,64.16587678,0.61589404,4.317535545,,911,21.24,
Organic Social,2024050322,151,196,125,13.68367347,0.82781457,4.678571429,,917,78.19,
Organic Social,2024050321,150,188,120,15.4893617,0.8,4.579787234,,861,69.95,
Organic Social,2024042620,146,184,110,32.63043478,0.753424658,4.880434783,,898,32.74,
Organic Social,2024041700,140,191,81,20.91099476,0.578571429,3.842931937,,734,30.91,
Organic Social,2024042621,140,199,82,13.75879397,0.585714286,4.040201005,,804,31,
Organic Social,2024041711,139,150,88,45,0.633093525,5.626666667,,844,38.25,
Organic Social,2024041515,136,198,90,43.78787879,0.661764706,4.843434343,,959,51.49,
Organic Social,2024042517,135,176,88,38.6875,0.651851852,4.1875,,737,45.92,
Organic Social,2024041916,134,179,81,33.19553073,0.604477612,4.094972067,,733,37.47,
Organic Social,2024042616,132,176,93,30.90340909,0.704545455,4.340909091,,764,56.71,
Organic Social,2024041722,131,155,81,39.89677419,0.618320611,4.658064516,,722,28.37,
Organic Social,2024041119,130,150,93,71.06,0.715384615,5.8,,870,37.53,
Organic Social,2024041322,130,157,69,28.51592357,0.530769231,4.286624204,,673,41.98,
Organic Social,2024041513,130,157,86,44.84076433,0.661538462,4.636942675,,728,47.36,
Organic Social,2024043015,130,171,97,71.24561404,0.746153846,5.573099415,,953,67.11,
Organic Social,2024041717,129,147,89,70.7755102,0.689922481,5.25170068,,772,31.98,
Organic Social,2024050222,129,148,86,29.93243243,0.666666667,4.675675676,,692,50.85,
Direct,2024042923,128,152,70,64.125,0.546875,4.651315789,,707,55.54,
Organic Social,2024042610,128,178,81,36.03370787,0.6328125,4.353932584,,775,22.79,
Organic Social,2024041000,127,200,60,25.07,0.472440945,3.675,,735,56.45,
Organic Social,2024041712,127,152,88,59.66447368,0.692913386,5.309210526,,807,30.23,
Organic Social,2024042309,124,163,77,29.47852761,0.620967742,4.63803681,,756,23.9,
Organic Social,2024042518,124,154,72,63.5974026,0.580645161,4.75974026,,733,76.93,
Organic Social,2024042619,124,157,86,37.31210191,0.693548387,5.414012739,,850,77.94,
Organic Social,2024040717,123,159,78,35.13836478,0.634146341,4.440251572,,706,68.5,
Organic Social,2024041200,122,178,79,26.18539326,0.647540984,4.185393258,,745,38.28,
Organic Social,2024041323,122,136,66,41.02205882,0.540983607,4.816176471,,655,25.86,
Organic Social,2024042622,122,144,79,27.32638889,0.647540984,4.659722222,,671,61.05,
Organic Social,2024041211,121,150,90,53.08,0.743801653,4.646666667,,697,46.41,
Organic Social,2024041517,121,158,73,48.48101266,0.603305785,4.246835443,,671,27.32,
Organic Social,2024041221,120,159,80,47.8490566,0.666666667,4.647798742,,739,49.71,
Organic Social,2024050300,120,166,81,39.59036145,0.675,4.662650602,,774,22.06,
Organic Social,2024041400,119,182,76,28.00549451,0.638655462,4.021978022,,732,74.56,
Organic Social,2024042617,119,140,81,47.42142857,0.680672269,5.678571429,,795,35.53,
Organic Social,2024050120,119,145,88,41.94482759,0.739495798,5,,725,59.75,
Organic Social,2024042317,118,145,75,59.2,0.63559322,4.862068966,,705,38.7,
Organic Social,2024050215,118,155,84,67.25806452,0.711864407,5.316129032,,824,51.2,
Organic Social,2024040723,117,139,63,40.5971223,0.538461538,4.712230216,,655,52.8,
Organic Social,2024041519,117,156,87,72.15384615,0.743589744,5.608974359,,875,31.09,
Organic Social,2024041714,117,129,80,54.37209302,0.683760684,4.744186047,,612,78.18,
Organic Social,2024042812,117,141,71,45.4893617,0.606837607,4.85106383,,684,66.51,
Organic Social,2024041708,116,145,69,25.47586207,0.594827586,4.15862069,,603,76.37,
Organic Social,2024041715,116,147,91,51.59183673,0.784482759,5.707482993,,839,73.69,
Organic Social,2024042215,116,152,78,52.51315789,0.672413793,5.111842105,,777,55.87,
Organic Social,2024042522,116,154,78,42.61038961,0.672413793,4.779220779,,736,75.31,
Organic Social,2024042318,115,131,81,88.13740458,0.704347826,5.877862595,,770,25.31,
Organic Social,2024042520,115,144,78,48.00694444,0.67826087,4.715277778,,679,31.76,
Organic Social,2024042521,115,142,75,45.30985915,0.652173913,4.436619718,,630,22.71,
Organic Social,2024041716,114,136,86,52.22794118,0.754385965,4.742647059,,645,39.52,
Organic Social,2024042611,114,141,82,87.73758865,0.719298246,6.042553191,,852,43.32,
Organic Social,2024042912,113,127,71,63.41732283,0.628318584,5.669291339,,720,36.28,
Organic Social,2024042914,113,143,84,47.21678322,0.743362832,5.321678322,,761,69.72,
Organic Social,2024041709,112,134,71,46.05223881,0.633928571,4.791044776,,642,41.41,
Organic Social,2024042516,112,169,74,29.39053254,0.660714286,4.142011834,,700,36.86,
Organic Social,2024050122,112,140,74,44.49285714,0.660714286,4.814285714,,674,52.56,
Organic Social,2024042310,111,135,83,87,0.747747748,4.97037037,,671,28.46,
Organic Social,2024042811,111,172,84,31.5755814,0.756756757,4.029069767,,693,68.13,
Organic Social,2024041820,110,141,82,54.69503546,0.745454545,5.163120567,,728,24.47,
Organic Social,2024050121,110,130,79,43.26923077,0.718181818,4.707692308,,612,79.21,
Organic Social,2024050221,110,126,75,68.51587302,0.681818182,5.547619048,,699,66.33,
Organic Social,2024050316,110,134,68,54.7761194,0.618181818,5.007462687,,671,31.92,
Organic Social,2024042900,109,154,69,29.45454545,0.633027523,4.266233766,,657,20.33,
Organic Social,2024043019,109,146,72,35.2260274,0.660550459,3.938356164,,575,68.93,
Organic Social,2024050223,109,138,73,30.58695652,0.669724771,4.195652174,,579,62.41,
Organic Social,2024040700,108,152,79,17.58552632,0.731481481,4.026315789,,612,63.74,
Organic Social,2024041514,108,140,68,37.56428571,0.62962963,4.178571429,,585,66.28,
Organic Social,2024042918,108,121,80,99.90909091,0.740740741,5.818181818,,704,24.44,
Organic Social,2024043021,108,117,73,47.52991453,0.675925926,5.051282051,,591,41.51,
Organic Social,2024041518,107,143,71,79.48951049,0.663551402,4.321678322,,618,26.95,
Organic Social,2024041713,107,125,69,43.472,0.644859813,4.408,,551,71.79,
Organic Social,2024042316,107,134,81,70.91044776,0.757009346,5.873134328,,787,57.4,
Organic Social,2024041210,106,130,78,60.88461538,0.735849057,5.046153846,,656,39.85,
Organic Social,2024041500,106,163,56,34.79754601,0.528301887,4.006134969,,653,23.81,
Organic Social,2024042414,106,121,87,89.12396694,0.820754717,5.884297521,,712,38.66,
Organic Social,2024041209,105,124,72,29,0.685714286,4.5,,558,39.51,
Organic Social,2024041511,105,123,78,52.93495935,0.742857143,5.707317073,,702,63.78,
Organic Social,2024041818,105,138,77,78.06521739,0.733333333,4.833333333,,667,58.25,
Organic Social,2024042217,105,134,77,73.91791045,0.733333333,5.641791045,,756,73.23,
Organic Social,2024042311,105,123,82,65.82113821,0.780952381,5.243902439,,645,48.33,
Organic Social,2024050320,105,132,73,50.54545455,0.695238095,5.136363636,,678,27.18,
Organic Social,2024043020,104,132,78,46.58333333,0.75,5.416666667,,715,62.79,
Organic Social,2024050310,104,116,77,70.80172414,0.740384615,5.956896552,,691,65.65,
Organic Social,2024050317,104,126,69,57.4047619,0.663461538,4.261904762,,537,53.68,
Direct,2024041722,103,132,65,34.46212121,0.631067961,3.977272727,,525,66.26,
Organic Social,2024041900,103,183,62,29.81967213,0.601941748,3.224043716,,590,49.63,
Organic Social,2024041915,103,116,69,60.82758621,0.669902913,4.810344828,,558,51.36,
Organic Social,2024042416,103,130,69,60.22307692,0.669902913,5.384615385,,700,45.65,
Organic Social,2024042800,103,171,53,18.59649123,0.514563107,3.315789474,,567,21.53,
Direct,2024040923,102,118,48,36.5,0.470588235,4.559322034,,538,26.47,
Direct,2024042323,102,129,58,37.35658915,0.568627451,4.07751938,,526,21.89,
Organic Social,2024040814,102,126,73,99.47619048,0.715686275,5.26984127,,664,58.18,
Organic Social,2024042500,102,156,54,18.81410256,0.529411765,3.801282051,,593,38.86,
Organic Social,2024043000,102,166,63,20.04216867,0.617647059,3.885542169,,645,50.51,
Organic Social,2024050118,102,136,75,39.23529412,0.735294118,4.676470588,,636,74.45,
Organic Social,2024050311,102,125,74,37.6,0.725490196,4.608,,576,34.96,
Organic Social,2024041521,101,125,59,68.224,0.584158416,5.12,,640,44.62,
Organic Social,2024042218,101,117,72,68.64102564,0.712871287,5.222222222,,611,65.33,
Organic Social,2024042514,101,125,72,38.512,0.712871287,4.656,,582,33.73,
Organic Social,2024042615,101,128,71,65.984375,0.702970297,5.296875,,678,24.62,
Organic Social,2024040815,100,125,70,58.944,0.7,4.896,,612,37.39,
Organic Social,2024041819,100,124,78,39.16129032,0.78,4.185483871,,519,29.67,
Organic Social,2024042214,100,122,71,89.30327869,0.71,5.286885246,,645,75.78,
Organic Social,2024042413,100,124,78,57.82258065,0.78,4.629032258,,574,68.49,
Organic Social,2024042519,100,135,60,27.31111111,0.6,4.251851852,,574,58,
Organic Social,2024042821,100,118,70,55.96610169,0.7,6.161016949,,727,72.29,
Organic Social,2024043014,100,113,70,56.3539823,0.7,5.097345133,,576,68.22,
Organic Social,2024050214,100,114,76,50.78070175,0.76,4.815789474,,549,31.19,
Organic Social,2024040722,99,116,60,28.12931034,0.606060606,5.051724138,,586,73.55,
Organic Social,2024041212,99,117,67,107.4273504,0.676767677,5.008547009,,586,52.36,
Organic Social,2024041710,99,125,69,27.4,0.696969697,4.248,,531,68.45,
Organic Social,2024042312,99,122,66,69.2704918,0.666666667,5.5,,671,73.77,
Organic Social,2024042314,99,114,73,72.97368421,0.737373737,6.035087719,,688,39.08,
Organic Social,2024050123,99,127,73,31.29133858,0.737373737,5.322834646,,676,26.6,
Organic Social,2024040619,98,134,63,77.57462687,0.642857143,4.388059701,,588,33.68,
Organic Social,2024041320,98,108,69,77.42592593,0.704081633,5.287037037,,571,45.63,
Organic Social,2024041520,98,125,63,42.352,0.642857143,4.2,,525,69.08,
Organic Social,2024042612,98,112,74,93.01785714,0.755102041,5.669642857,,635,71.64,
Organic Social,2024042823,98,121,69,73.28099174,0.704081633,6.685950413,,809,20.42,
Direct,2024041119,97,103,48,28.01941748,0.494845361,4.339805825,,447,50.64,
Direct,2024042123,97,114,52,52.74561404,0.536082474,5.228070175,,596,45.04,
Organic Social,2024041421,97,106,66,43.98113208,0.680412371,5.113207547,,542,33.33,
Organic Social,2024042315,97,115,71,70.36521739,0.731958763,6.034782609,,694,27.19,
Organic Social,2024042415,97,125,70,43.168,0.721649485,4.288,,536,40.26,
Organic Social,2024042916,97,127,73,67.4488189,0.75257732,5,,635,76.57,
Organic Social,2024050315,97,122,71,37.29508197,0.731958763,4.827868852,,589,39.39,
Organic Social,2024041115,96,132,68,42.41666667,0.708333333,4.537878788,,599,51.13,
Organic Social,2024041512,96,103,57,41.10679612,0.59375,4.747572816,,489,62.18,
Organic Social,2024041620,96,115,67,68.30434783,0.697916667,5.434782609,,625,41.82,
Organic Social,2024042319,96,123,62,57.42276423,0.645833333,5.552845528,,683,78.31,
Organic Social,2024042418,96,125,70,50.744,0.729166667,5.048,,631,77.75,
Organic Social,2024042822,96,112,66,64.77678571,0.6875,7.482142857,,838,35.11,
Organic Social,2024043022,96,115,65,59.03478261,0.677083333,5.530434783,,636,49.83,
Organic Social,2024050110,96,110,58,60.28181818,0.604166667,5.218181818,,574,38.05,
Organic Social,2024041120,95,112,62,32.0625,0.652631579,4.133928571,,463,37.09,
Organic Social,2024041423,95,113,61,45.67256637,0.642105263,5.318584071,,601,22.21,
Organic Social,2024041813,95,106,79,63.73584906,0.831578947,5.811320755,,616,56.57,
Organic Social,2024042216,95,111,61,56.04504505,0.642105263,5.72972973,,636,50.16,
Organic Social,2024042219,95,121,69,71.18181818,0.726315789,5.347107438,,647,23.09,
Organic Social,2024042313,95,114,68,105.8596491,0.715789474,5.421052632,,618,36.72,
Organic Social,2024042911,95,116,66,46.60344828,0.694736842,4.396551724,,510,74.5,
Organic Social,2024050100,95,151,51,41.74172185,0.536842105,4.364238411,,659,34.37,
Organic Social,2024050220,95,111,75,50.95495495,0.789473684,5.153153153,,572,28.69,
Organic Social,2024050312,95,123,67,55.20325203,0.705263158,4.943089431,,608,49.37,
Organic Social,2024040819,94,114,64,51.21052632,0.680851064,4.271929825,,487,79.14,
Organic Social,2024041016,94,126,58,44.64285714,0.617021277,3.888888889,,490,34.52,
Organic Social,2024041419,94,105,74,66.2952381,0.787234043,6.333333333,,665,60.33,
Organic Social,2024042915,94,120,70,57.2,0.744680851,5.15,,618,65.7,
Direct,2024041223,93,117,46,47.15384615,0.494623656,4.547008547,,532,34.26,
Organic Social,2024041816,93,127,73,64.18110236,0.784946237,5.968503937,,758,63.69,
Organic Social,2024041917,93,128,52,30.3203125,0.559139785,3.890625,,498,42.07,
Organic Social,2024042419,93,113,70,82.49557522,0.752688172,4.96460177,,561,57.94,
Organic Social,2024042614,93,115,74,93.03478261,0.795698925,5.930434783,,682,58.01,
Organic Social,2024042717,93,117,58,43.23076923,0.623655914,4.170940171,,488,52.15,
Organic Social,2024042917,93,114,68,201.5877193,0.731182796,4.684210526,,534,25.42,
Organic Social,2024050319,93,117,61,48.82051282,0.655913978,4.641025641,,543,70.12,
Organic Search,2024042212,92,102,65,60.29411765,0.706521739,4.509803922,,460,39.25,
Organic Social,2024041015,92,120,68,52.90833333,0.739130435,5.233333333,,628,31.19,
Organic Social,2024041116,92,129,64,42.75193798,0.695652174,5.100775194,,658,22.45,
Organic Social,2024041418,92,108,64,41.77777778,0.695652174,4.851851852,,524,55.45,
Organic Social,2024041817,92,127,67,92.75590551,0.72826087,6.047244094,,768,60.65,
Organic Social,2024041821,92,115,57,42.50434783,0.619565217,4.452173913,,512,21,
Organic Social,2024041920,92,122,64,58.29508197,0.695652174,4.352459016,,531,50.73,
Organic Social,2024042019,92,104,61,64.125,0.663043478,5.711538462,,594,33.59,
Organic Social,2024042515,92,112,67,52.10714286,0.72826087,4.991071429,,559,58.71,
Organic Social,2024042618,92,114,60,100.3421053,0.652173913,4.201754386,,479,30.46,
Direct,2024041123,91,106,55,39.09433962,0.604395604,4.216981132,,447,61.46,
Direct,2024041720,91,113,53,53.5840708,0.582417582,4.469026549,,505,43.2,
Organic Social,2024040818,91,115,58,51.4173913,0.637362637,5.069565217,,583,76.2,
Organic Social,2024041600,91,148,53,21.95945946,0.582417582,4.081081081,,604,28.25,
Organic Social,2024042913,91,108,64,58.35185185,0.703296703,4.861111111,,525,40.46,
Organic Social,2024043017,91,109,57,64.03669725,0.626373626,4.660550459,,508,26.81,
Organic Social,2024050111,91,106,62,51.40566038,0.681318681,5.41509434,,574,75.48,
Organic Social,2024040820,90,116,56,46.87068966,0.622222222,4.724137931,,548,72.64,
Organic Social,2024040915,90,126,57,49.98412698,0.633333333,4.738095238,,597,35.48,
Organic Social,2024041100,90,145,53,35.46206897,0.588888889,4.034482759,,585,59.6,
Organic Social,2024041815,90,102,65,81.07843137,0.722222222,6.480392157,,661,69.03,
Organic Social,2024042321,90,107,66,41.54205607,0.733333333,4.981308411,,533,53.31,
Organic Social,2024042613,90,102,61,68.8627451,0.677777778,4.647058824,,474,51.78,
Organic Social,2024043023,90,114,54,63.80701754,0.6,5.5,,627,34.51,
Organic Social,2024040719,89,116,68,41.62068966,0.764044944,5.051724138,,586,25.59,
Organic Social,2024040720,89,115,65,69.19130435,0.730337079,5.252173913,,604,73.83,
Organic Social,2024041214,89,106,68,61.18867925,0.764044944,4.669811321,,495,74.03,
Organic Social,2024041317,89,116,56,51.44827586,0.629213483,4.439655172,,515,57.99,
Organic Social,2024041611,89,106,67,51.48113208,0.752808989,5.5,,583,40.34,
Organic Social,2024041811,89,104,62,71.17307692,0.696629213,5.461538462,,568,40.95,
Organic Social,2024043011,89,108,67,51.85185185,0.752808989,5.231481481,,565,63.56,
Organic Social,2024041918,88,114,50,55.09649123,0.568181818,4.50877193,,514,73.83,
Organic Social,2024042417,88,116,62,49.68965517,0.704545455,4.784482759,,555,73.23,
Organic Social,2024042523,88,112,64,61.20535714,0.727272727,4.705357143,,527,66.79,
Organic Social,2024042623,88,118,58,51.11864407,0.659090909,4.483050847,,529,58.52,
Organic Social,2024043010,88,100,66,83.41,0.75,6.32,,632,25.05,
Organic Social,2024043012,88,104,65,57,0.738636364,5.173076923,,538,29.7,
Organic Social,2024050200,88,129,49,19.79069767,0.556818182,4.372093023,,564,73.91,
Organic Social,2024050210,88,100,63,78.34,0.715909091,5.71,,571,56.39,
Organic Search,2024041819,87,99,59,35.26262626,0.67816092,3.636363636,,360,20.55,
Organic Search,2024041821,87,107,53,43.63551402,0.609195402,3.439252336,,368,26.09,
Organic Social,2024040718,87,110,50,22.90909091,0.574712644,4.081818182,,449,59.81,
Organic Social,2024040811,87,104,69,89.27884615,0.793103448,5.394230769,,561,20.3,
Organic Social,2024042210,87,105,68,74.2952381,0.781609195,5.019047619,,527,29.65,
Organic Social,2024042421,87,101,54,50.55445545,0.620689655,4.95049505,,500,52.92,
Organic Social,2024042820,87,107,57,43.97196262,0.655172414,5.252336449,,562,61.51,
Organic Social,2024050115,87,110,59,48.69090909,0.67816092,4.281818182,,471,59.12,
Organic Social,2024050309,87,104,65,64.36538462,0.747126437,5.759615385,,599,33.46,
Direct,2024041716,86,95,49,49.55789474,0.569767442,4.347368421,,413,62.73,
Direct,2024041821,86,95,55,42.48421053,0.639534884,4.621052632,,439,34.23,
Direct,2024042518,86,102,56,40.81372549,0.651162791,4.529411765,,462,39.52,
Organic Social,2024040721,86,95,58,53.96842105,0.674418605,4.589473684,,436,64.79,
Organic Social,2024041523,86,110,62,40.31818182,0.720930233,3.918181818,,431,58.98,
Organic Social,2024041616,86,112,61,50.35714286,0.709302326,4.892857143,,548,70.95,
Organic Social,2024041923,86,101,52,59.47524752,0.604651163,5.683168317,,574,59.46,
Organic Social,2024042513,86,105,62,41.26666667,0.720930233,4.923809524,,517,54.1,
Organic Social,2024040810,85,104,66,100.2980769,0.776470588,5.490384615,,571,25.62,
Organic Social,2024040813,85,116,64,57.43103448,0.752941176,4.887931034,,567,42.06,
Organic Social,2024041117,85,103,60,35.14563107,0.705882353,4.553398058,,469,35.91,
Organic Social,2024041522,85,103,59,49.6407767,0.694117647,5.019417476,,517,34.64,
Organic Social,2024041618,85,102,58,60.79411765,0.682352941,5.725490196,,584,78.38,
Organic Social,2024041919,85,116,53,38.42241379,0.623529412,4.155172414,,482,43.59,
Organic Social,2024042212,85,95,65,69.58947368,0.764705882,5.115789474,,486,73.52,
Organic Social,2024042412,85,102,65,80.17647059,0.764705882,4.950980392,,505,57.87,
Organic Social,2024042921,85,102,70,101.6078431,0.823529412,7.098039216,,724,67.69,
Organic Social,2024050113,85,106,55,55.32075472,0.647058824,4.396226415,,466,50.16,
Organic Social,2024050301,85,108,67,40.73148148,0.788235294,5.398148148,,583,54.61,
Referral,2024050211,85,95,71,207.5684211,0.835294118,7.231578947,,687,49.55,
Direct,2024041721,84,96,52,44.33333333,0.619047619,4.552083333,,437,31.71,
Direct,2024041818,84,98,44,33.63265306,0.523809524,4.142857143,,406,63.35,
Direct,2024041819,84,90,56,38.97777778,0.666666667,6.155555556,,554,36.85,
Organic Search,2024041515,84,96,49,47.33333333,0.583333333,4.333333333,,416,21.46,
Organic Search,2024041722,84,97,56,29.26804124,0.666666667,3.567010309,,346,58.73,
Organic Social,2024040611,84,111,62,50.76576577,0.738095238,4.756756757,,528,30.63,
Organic Social,2024040711,84,103,63,49.33009709,0.75,5.708737864,,588,76.43,
Organic Social,2024040712,84,101,62,46.28712871,0.738095238,5.514851485,,557,77.24,
Organic Social,2024041011,84,102,59,53.00980392,0.702380952,5.156862745,,526,74.89,
Organic Social,2024041420,84,94,56,79.93617021,0.666666667,6.308510638,,593,42.21,
Organic Social,2024041610,84,104,58,62.05769231,0.69047619,4.990384615,,519,20.93,
Organic Social,2024042110,84,124,49,17.45967742,0.583333333,3.822580645,,474,75.7,
Organic Social,2024042200,84,130,64,41.9,0.761904762,5.269230769,,685,45.69,
Referral,2024050311,84,95,73,152.9368421,0.869047619,7.915789474,,752,78,
Direct,2024041712,83,90,51,37.07777778,0.614457831,4.266666667,,384,77.82,
Direct,2024041714,83,90,52,55.01111111,0.626506024,4.344444444,,391,71.18,
Organic Search,2024042315,83,92,57,59.77173913,0.686746988,4.010869565,,369,37.67,
Organic Social,2024040621,83,110,50,28.67272727,0.602409639,4.145454545,,456,43.11,
Organic Social,2024041217,83,100,57,64.61,0.686746988,4.72,,472,71.07,
Organic Social,2024041415,83,101,58,47.66336634,0.698795181,4.762376238,,481,39.02,
Organic Social,2024041422,83,101,52,55.96039604,0.626506024,5.267326733,,532,30.17,
Organic Social,2024041911,83,104,57,47.28846154,0.686746988,4.730769231,,492,53.41,
Organic Social,2024042700,83,125,57,31.576,0.686746988,3.728,,466,76.17,
Organic Social,2024042720,83,102,55,41.08823529,0.662650602,4.039215686,,412,61.76,
Organic Social,2024050212,83,98,63,57.26530612,0.759036145,5.06122449,,496,54.2,
Direct,2024041513,82,99,46,28.72727273,0.56097561,4.666666667,,462,25.83,
Direct,2024042517,82,86,54,32.98837209,0.658536585,4,,344,56.9,
Organic Search,2024041815,82,95,58,41.58947368,0.707317073,4.094736842,,389,79.4,
Organic Search,2024041822,82,85,53,69.65882353,0.646341463,4.235294118,,360,28.41,
Organic Search,2024041911,82,95,59,48.83157895,0.719512195,3.989473684,,379,51.1,
Organic Social,2024040916,82,108,52,52.10185185,0.634146341,10.34259259,,1117,72.64,
Organic Social,2024041114,82,103,59,50.2038835,0.719512195,4.524271845,,466,64.45,
Organic Social,2024041319,82,106,64,60.67924528,0.780487805,6.198113208,,657,61.82,
Organic Social,2024041615,82,110,54,61.5,0.658536585,4.427272727,,487,62.15,
Organic Social,2024041921,82,110,52,53.05454545,0.634146341,4.827272727,,531,41.57,
Organic Social,2024042021,82,98,56,60.66326531,0.682926829,5.316326531,,521,37.62,
Organic Social,2024042111,82,105,53,42.07619048,0.646341463,4.485714286,,471,68.56,
Organic Social,2024042400,82,125,55,26.288,0.670731707,4.488,,561,68.61,
Organic Social,2024050112,82,102,62,54.07843137,0.756097561,4.862745098,,496,72.02,
Organic Social,2024050219,82,99,59,53.42424242,0.719512195,5.131313131,,508,74.79,
Direct,2024050122,81,96,53,76.10416667,0.654320988,4.260416667,,409,50.68,
Organic Search,2024040815,81,86,48,97.8255814,0.592592593,5.104651163,,439,50.09,
Organic Social,2024040919,81,105,54,36.06666667,0.666666667,4.60952381,,484,67.9,
Organic Social,2024041411,81,100,50,48.36,0.617283951,4.85,,485,59,
Organic Social,2024041417,81,93,55,42.52688172,0.679012346,4.913978495,,457,62.12,
Organic Social,2024041619,81,102,57,59.20588235,0.703703704,5.715686275,,583,67.75,
Organic Social,2024042000,81,139,58,16.4028777,0.716049383,3.589928058,,499,73.4,
Organic Social,2024042411,81,99,57,58.05050505,0.703703704,5.686868687,,563,40.28,
Organic Social,2024042509,81,108,57,40.0462963,0.703703704,4.712962963,,509,42.53,
Organic Social,2024042723,81,95,51,32.53684211,0.62962963,4.578947368,,435,25.64,
Organic Social,2024050218,81,107,59,68.77570093,0.728395062,5.61682243,,601,54.7,
Referral,2024041715,81,91,57,107.0989011,0.703703704,5.714285714,,520,22.16,
Direct,2024041718,80,96,48,67.07291667,0.6,4.208333333,,404,47.94,
Organic Search,2024041512,80,91,54,51.42857143,0.675,4.054945055,,369,52.56,
Organic Search,2024041721,80,88,45,36.875,0.5625,4.329545455,,381,37.19,
Organic Search,2024041919,80,95,57,41.32631579,0.7125,3.905263158,,371,55.45,
Organic Social,2024040613,80,97,55,50.40206186,0.6875,5.020618557,,487,21.83,
Organic Social,2024041215,80,92,52,56.41304348,0.65,5.304347826,,488,22.24,
Organic Social,2024041219,80,93,53,62.86021505,0.6625,5.172043011,,481,69.36,
Organic Social,2024041621,80,97,53,70.55670103,0.6625,6.463917526,,627,41.61,
Organic Social,2024041914,80,95,58,42.88421053,0.725,4.863157895,,462,27.62,
Organic Social,2024050217,80,99,55,49.04040404,0.6875,5.565656566,,551,51.33,
Organic Social,2024050323,80,98,58,26.20408163,0.725,4.326530612,,424,66.2,
Referral,2024041821,80,85,58,90.56470588,0.725,6.047058824,,514,32.95,
Direct,2024041521,79,99,48,39.57575758,0.607594937,4.444444444,,440,57.37,
Direct,2024041621,79,89,53,37.70786517,0.670886076,4.258426966,,379,25.12,
Direct,2024041822,79,102,46,30.37254902,0.582278481,4.735294118,,483,23.1,
Organic Search,2024040811,79,87,57,62.14942529,0.721518987,4.16091954,,362,51.88,
Organic Search,2024041514,79,90,45,57.88888889,0.569620253,3.644444444,,328,52.44,
Organic Social,2024040816,79,112,58,35.69642857,0.734177215,4.866071429,,545,58.25,
Organic Social,2024040822,79,102,57,36.66666667,0.721518987,4.078431373,,416,63.57,
Organic Social,2024041019,79,103,55,42.62135922,0.696202532,4.689320388,,483,78.55,
Organic Social,2024041118,79,89,55,44.06741573,0.696202532,4.584269663,,408,50.98,
Organic Social,2024041218,79,95,58,51.52631579,0.734177215,5.2,,494,39.38,
Organic Social,2024041822,79,101,61,53.97029703,0.772151899,5.564356436,,562,67.71,
Organic Social,2024041910,79,106,49,32.32075472,0.620253165,4.367924528,,463,36.25,
Organic Social,2024042322,79,105,58,53.15238095,0.734177215,5.152380952,,541,46.34,
Organic Social,2024042423,79,100,51,61.11,0.64556962,5.41,,541,24.71,
Referral,2024043016,79,89,60,101.4269663,0.759493671,6.898876404,,614,21.52,
Referral,2024050312,79,88,65,120.1477273,0.82278481,5.772727273,,508,77.76,
Direct,2024042922,78,93,42,67.13978495,0.538461538,5.35483871,,498,70.16,
Direct,2024050223,78,87,42,41.25287356,0.538461538,4.632183908,,403,61.76,
Organic Search,2024041615,78,87,52,66.11494253,0.666666667,4.252873563,,370,44.54,
Organic Search,2024041820,78,88,53,34.21590909,0.679487179,3.534090909,,311,30.4,
Organic Social,2024040713,78,91,56,48.24175824,0.717948718,5.428571429,,494,29.39,
Organic Social,2024040911,78,96,59,240,0.756410256,4.979166667,,478,35.01,
Organic Social,2024040917,78,105,51,28.86666667,0.653846154,4.514285714,,474,52.95,
Organic Social,2024041222,78,104,50,56.43269231,0.641025641,5.346153846,,556,62.88,
Organic Social,2024041316,78,110,54,48.41818182,0.692307692,4.536363636,,499,59.61,
Organic Social,2024041612,78,94,60,66.70212766,0.769230769,4.978723404,,468,36.8,
Organic Social,2024041814,78,94,57,73.25531915,0.730769231,5.936170213,,558,77.29,
Organic Social,2024041912,78,102,51,58.12745098,0.653846154,4.450980392,,454,64.27,
Organic Social,2024042512,78,91,52,52.53846154,0.666666667,5.351648352,,487,53.26,
Organic Social,2024042716,78,120,53,28.29166667,0.679487179,3.475,,417,56.7,
Organic Social,2024050314,78,91,62,69.72527473,0.794871795,5.21978022,,475,45.18,
Referral,2024043015,78,85,63,82.34117647,0.807692308,5.729411765,,487,34.86,
Referral,2024050119,78,84,62,164.4642857,0.794871795,6.238095238,,524,41.36,
Referral,2024050214,78,84,61,88.88095238,0.782051282,5.476190476,,460,65.47,
Direct,2024041820,77,89,53,49.70786517,0.688311688,5.157303371,,459,20.86,
Organic Search,2024042211,77,84,56,48.96428571,0.727272727,4.535714286,,381,26.96,
Organic Search,2024042319,77,93,56,72.55913978,0.727272727,4.193548387,,390,22.76,
Organic Search,2024043014,77,84,45,47.23809524,0.584415584,4.119047619,,346,22.44,
Organic Social,2024040715,77,95,53,55.88421053,0.688311688,4.726315789,,449,71.33,
Organic Social,2024041216,77,89,55,48.65168539,0.714285714,4.415730337,,393,62.22,
Organic Social,2024041613,77,99,62,44.8989899,0.805194805,4.818181818,,477,48.45,
Organic Social,2024042020,77,94,55,57.44680851,0.714285714,5.776595745,,543,25.87,
Organic Social,2024042211,77,98,63,89.84693878,0.818181818,5.520408163,,541,49.5,
Organic Social,2024042221,77,94,56,48.59574468,0.727272727,6.234042553,,586,48.41,
Organic Social,2024042511,77,100,57,84.28,0.74025974,5.14,,514,30.39,
Organic Social,2024042719,77,99,52,86.52525253,0.675324675,4.242424242,,420,46.03,
Organic Social,2024042721,77,101,57,43.11881188,0.74025974,4.841584158,,489,43.91,
Organic Social,2024042919,77,94,56,58.75531915,0.727272727,5.20212766,,489,56.95,
Organic Social,2024050109,77,95,50,28.2,0.649350649,4.705263158,,447,58.11,
Organic Social,2024050216,77,103,53,72.6407767,0.688311688,5.048543689,,520,22.72,
Referral,2024050320,77,87,56,73.79310345,0.727272727,6.655172414,,579,42.48,
Direct,2024042211,76,92,49,57.64130435,0.644736842,4.72826087,,435,57.55,
Organic Search,2024041120,76,82,46,32.81707317,0.605263158,4.06097561,,333,50.19,
Organic Search,2024041823,76,87,51,34.02298851,0.671052632,4.114942529,,358,71.39,
Organic Social,2024040800,76,108,53,38.88888889,0.697368421,4.796296296,,518,59.52,
Organic Social,2024040812,76,87,58,96.12643678,0.763157895,6.356321839,,553,29.78,
Organic Social,2024041121,76,91,48,39.42857143,0.631578947,3.934065934,,358,24.23,
Organic Social,2024041614,76,95,57,102.4421053,0.75,5.852631579,,556,58.55,
Organic Social,2024041800,76,125,54,29.024,0.710526316,4.472,,559,21.59,
Organic Social,2024042222,76,91,58,57.37362637,0.763157895,6.120879121,,557,55.15,
Referral,2024043022,76,88,58,47.86363636,0.763157895,5.5,,484,76.41,
Referral,2024050212,76,83,61,138.6506024,0.802631579,5.915662651,,491,54.53,
Direct,2024040920,75,92,39,41.95652174,0.52,3.5,,322,43.29,
Direct,2024041411,75,83,36,28.10843373,0.48,4.397590361,,365,58.6,
Direct,2024041515,75,90,36,29.28888889,0.48,3.477777778,,313,47.5,
Direct,2024041919,75,89,40,32.39325843,0.533333333,4.382022472,,390,52.74,
Organic Search,2024041212,75,87,46,50.82758621,0.613333333,3.908045977,,340,76.49,
Organic Search,2024041611,75,83,52,50.85542169,0.693333333,4.975903614,,413,43.17,
Organic Search,2024041817,75,88,53,52.59090909,0.706666667,3.693181818,,325,77.67,
Organic Search,2024042914,75,83,48,49.42168675,0.64,4.21686747,,350,74.32,
Organic Social,2024040620,75,98,45,34.14285714,0.6,3.469387755,,340,31.75,
Organic Social,2024040914,75,84,50,64.13095238,0.666666667,5.226190476,,439,24.16,
Organic Social,2024040918,75,103,50,35.37864078,0.666666667,4.184466019,,431,26.05,
Organic Social,2024041010,75,109,52,29.52293578,0.693333333,4.550458716,,496,21.09,
Organic Social,2024041412,75,92,52,59.41304348,0.693333333,5.52173913,,508,25.67,
Organic Social,2024041413,75,87,52,35.24137931,0.693333333,4.701149425,,409,60.98,
Organic Social,2024042718,75,102,43,25.84313725,0.573333333,3.911764706,,399,24.27,
Organic Social,2024042813,75,103,51,41.02912621,0.68,4.087378641,,421,39.14,
Organic Social,2024042816,75,89,57,51.48314607,0.76,4.707865169,,419,70.69,
Organic Social,2024042910,75,102,51,33.54901961,0.68,5.147058824,,525,21.4,
Organic Social,2024042920,75,105,61,58.54285714,0.813333333,5.933333333,,623,68.87,
Organic Social,2024050116,75,97,55,88.75257732,0.733333333,4.835051546,,469,36.91,
Organic Social,2024050211,75,88,59,110.7613636,0.786666667,7.113636364,,626,27.09,
Direct,2024041711,74,90,46,42.51111111,0.621621622,5,,450,61.8,
Direct,2024041816,74,94,45,38.28723404,0.608108108,4.021276596,,378,57.74,
Direct,2024041823,74,87,32,22.11494253,0.432432432,3.425287356,,298,72.65,
Direct,2024042519,74,88,48,35.05681818,0.648648649,4.056818182,,357,64.1,
Direct,2024042522,74,81,44,24.2345679,0.594594595,4.50617284,,365,68.21,
Organic Search,2024041213,74,83,50,39.13253012,0.675675676,4.012048193,,333,36.92,
Organic Search,2024041715,74,87,55,37,0.743243243,3.850574713,,335,30.65,
Organic Search,2024041718,74,83,53,34.03614458,0.716216216,4.325301205,,359,65.04,
Organic Social,2024041014,74,94,53,51.84042553,0.716216216,5.553191489,,522,68.41,
Organic Social,2024041213,74,89,47,45.98876404,0.635135135,4.640449438,,413,79.43,
Organic Social,2024041414,74,89,57,73.33707865,0.77027027,6.247191011,,556,44.76,
Organic Social,2024041812,74,90,56,63.56666667,0.756756757,5.177777778,,466,42.32,
Organic Social,2024042017,74,96,62,110.5520833,0.837837838,7.229166667,,694,66.58,
Organic Social,2024042117,74,89,48,42.11235955,0.648648649,4.97752809,,443,40.45,
Organic Social,2024042320,74,101,53,59.23762376,0.716216216,6.108910891,,617,75.85,
Organic Social,2024042420,74,89,56,86.74157303,0.756756757,5.314606742,,473,71.5,
Organic Social,2024042600,74,91,50,42.34065934,0.675675676,4.604395604,,419,45.74,
Organic Social,2024042714,74,91,51,51.40659341,0.689189189,4.967032967,,452,65.05,
Organic Social,2024042810,74,86,59,35.26744186,0.797297297,5.023255814,,432,65.27,
Organic Social,2024043016,74,100,50,52.88,0.675675676,4.74,,474,26.19,
Organic Social,2024043018,74,87,51,30.01149425,0.689189189,4.551724138,,396,74.15,
Referral,2024041514,74,84,56,85.26190476,0.756756757,5.857142857,,492,50.32,
Referral,2024042321,74,86,59,86.88372093,0.797297297,7.476744186,,643,69.59,
Referral,2024042414,74,81,57,126.3580247,0.77027027,5.950617284,,482,39.2,
Referral,2024042921,74,83,52,47.3253012,0.702702703,4.855421687,,403,73.73,
Referral,2024050215,74,78,60,107.0641026,0.810810811,5.935897436,,463,43.35,
Referral,2024050314,74,82,60,113.5121951,0.810810811,6.048780488,,496,20.65,
Direct,2024041120,73,79,37,29.84810127,0.506849315,3.784810127,,299,74.32,
Direct,2024041211,73,89,43,38.93258427,0.589041096,4.168539326,,371,25.48,
Direct,2024042412,73,94,43,56.9893617,0.589041096,4.234042553,,398,39.16,
Organic Search,2024041121,73,89,45,18.76404494,0.616438356,3.707865169,,330,77,
Organic Search,2024041520,73,81,45,32.28395062,0.616438356,3.827160494,,310,77.04,
Organic Search,2024041620,73,84,45,25.0952381,0.616438356,3.666666667,,308,54.41,
Organic Search,2024041816,73,82,50,48.25609756,0.684931507,4.390243902,,360,57.91,
Organic Search,2024041818,73,83,48,44.63855422,0.657534247,3.506024096,,291,46.91,
Organic Search,2024041920,73,85,46,46.8,0.630136986,4.964705882,,422,37.59,
Organic Search,2024042321,73,81,49,86.86419753,0.671232877,5.135802469,,416,39.72,
Organic Search,2024042514,73,85,47,58.8,0.643835616,3.541176471,,301,60.35,
Organic Social,2024040709,73,91,50,25.34065934,0.684931507,4.285714286,,390,65.14,
Organic Social,2024041012,73,101,51,46.54455446,0.698630137,4.495049505,,454,67.49,
Organic Social,2024041122,73,83,50,60.15662651,0.684931507,5.421686747,,450,67.38,
Organic Social,2024041300,73,123,41,43.3495935,0.561643836,3.861788618,,475,25.47,
Organic Social,2024041401,73,103,38,22.86407767,0.520547945,3.776699029,,389,49.67,
Organic Social,2024041408,73,100,48,32.12,0.657534247,4.4,,440,23.45,
Organic Social,2024041510,73,92,61,38.34782609,0.835616438,5.206521739,,479,52.97,
Organic Social,2024042220,73,85,53,52.21176471,0.726027397,5.611764706,,477,46.49,
Organic Social,2024042715,73,101,53,90.42574257,0.726027397,5.247524752,,530,73.26,
Organic Social,2024042922,73,93,59,52.30107527,0.808219178,5.612903226,,522,41.05,
Organic Social,2024043001,73,99,49,55.93939394,0.671232877,5.414141414,,536,27.02,
Organic Social,2024050318,73,93,51,65.5483871,0.698630137,4.505376344,,419,28.58,
Referral,2024041012,73,85,65,105,0.890410959,7.117647059,,605,65.69,
Direct,2024041210,72,81,52,60.45679012,0.722222222,4.851851852,,393,57.09,
Direct,2024041422,72,87,38,19.88505747,0.527777778,3.827586207,,333,26.07,
Direct,2024041719,72,86,48,59.62790698,0.666666667,5.23255814,,450,25.05,
Direct,2024041920,72,88,41,42.38636364,0.569444444,4.5,,396,62.06,
Direct,2024042413,72,87,40,88.5862069,0.555555556,4.057471264,,353,24.37,
Direct,2024042520,72,84,40,30.70238095,0.555555556,4.011904762,,337,69.31,
Direct,2024043021,72,89,36,51.47191011,0.5,5.280898876,,470,62.37,
Direct,2024050121,72,85,41,41.72941176,0.569444444,3.941176471,,335,24.88,
Organic Search,2024040818,72,80,48,60.4,0.666666667,4,,320,25.09,
Organic Search,2024040914,72,79,53,46.4556962,0.736111111,4.620253165,,365,79.2,
Organic Search,2024040919,72,82,50,42.62195122,0.694444444,4.097560976,,336,42.46,
Organic Search,2024041712,72,80,49,39.2375,0.680555556,3.475,,278,42.24,
Organic Search,2024041900,72,90,49,58.85555556,0.680555556,4.055555556,,365,68.77,
Organic Search,2024042510,72,80,54,77.075,0.75,5,,400,76.83,
Organic Search,2024050211,72,83,44,64.26506024,0.611111111,4.530120482,,376,79.16,
Organic Search,2024050212,72,78,55,46.1025641,0.763888889,4.064102564,,317,65.2,
Organic Social,2024041009,72,95,49,178.1263158,0.680555556,4.221052632,,401,42.58,
Organic Social,2024041113,72,89,53,60.91011236,0.736111111,5.528089888,,492,25.01,
Organic Social,2024041208,72,89,38,29.51685393,0.527777778,4.04494382,,360,66.63,
Organic Social,2024041318,72,102,44,44.74509804,0.611111111,4.058823529,,414,53.5,
Organic Social,2024041416,72,91,58,53.56043956,0.805555556,4.934065934,,449,45.45,
Organic Social,2024042012,72,81,52,79.0617284,0.722222222,5.950617284,,482,74.38,
Organic Social,2024042819,72,84,48,63.3452381,0.666666667,5.357142857,,450,26.67,
Referral,2024042420,72,82,54,68.68292683,0.75,8.097560976,,664,49.56,
Referral,2024050321,72,78,50,65.8974359,0.694444444,4.717948718,,368,20.68,
Direct,2024040819,71,87,43,34.34482759,0.605633803,3.873563218,,337,48.12,
Direct,2024042011,71,85,42,33.44705882,0.591549296,3.564705882,,303,23.38,
Direct,2024050116,71,85,43,44.85882353,0.605633803,4.435294118,,377,27.13,
Organic Search,2024041214,71,81,46,34.95061728,0.647887324,4.185185185,,339,27.05,
Organic Search,2024041614,71,80,47,47.2625,0.661971831,4.0875,,327,58.95,
Organic Search,2024041811,71,89,53,37.80898876,0.746478873,3.91011236,,348,64.76,
Organic Search,2024042414,71,78,53,43.32051282,0.746478873,4.435897436,,346,55,
Organic Search,2024042515,71,82,52,49.73170732,0.732394366,3.829268293,,314,77.73,
Organic Social,2024040614,71,92,57,61.44565217,0.802816901,5.5,,506,42.49,
Organic Social,2024040618,71,87,50,110,0.704225352,5.356321839,,466,37.14,
Organic Social,2024040708,71,82,49,49.97560976,0.690140845,5.195121951,,426,72.12,
Organic Social,2024040716,71,84,51,54.9047619,0.718309859,5.595238095,,470,33.42,
Organic Social,2024040913,71,85,56,55.23529412,0.788732394,5.388235294,,458,77.79,
Organic Social,2024040920,71,86,56,90.52325581,0.788732394,6.523255814,,561,20.73,
Organic Social,2024041111,71,88,58,73.51136364,0.816901408,6.306818182,,555,78.19,
Organic Social,2024041220,71,79,51,37.3164557,0.718309859,5.063291139,,400,22.59,
Organic Social,2024042112,71,95,57,36.50526316,0.802816901,4.368421053,,415,73.47,
Organic Social,2024042711,71,92,53,47.17391304,0.746478873,4.456521739,,410,51.66,
Organic Social,2024042713,71,78,49,49.51282051,0.690140845,5.115384615,,399,79.58,
Organic Social,2024042909,71,93,49,38.07526882,0.690140845,4.408602151,,410,24.43,
Organic Social,2024050117,71,88,52,59.625,0.732394366,5.488636364,,483,53.23,
Referral,2024041214,71,74,58,99.83783784,0.816901408,7.986486486,,591,78.16,
Referral,2024041617,71,76,50,71.57894737,0.704225352,4.881578947,,371,51.39,
Referral,2024043014,71,76,61,103.6052632,0.85915493,5.907894737,,449,57.76,
Referral,2024050112,71,78,55,79.01282051,0.774647887,5.064102564,,395,61.74,
Direct,2024041620,70,85,40,35.81176471,0.571428571,3.917647059,,333,47.27,
Direct,2024041918,70,81,41,29.14814815,0.585714286,3.777777778,,306,57.65,
Organic Search,2024040820,70,75,47,57.73333333,0.671428571,4.493333333,,337,55.06,
Organic Search,2024041222,70,81,43,50.85185185,0.614285714,4.654320988,,377,74.07,
Organic Search,2024041516,70,77,43,41.76623377,0.614285714,4.25974026,,328,22.73,
Organic Search,2024041716,70,78,50,46.96153846,0.714285714,4.602564103,,359,36.86,
Organic Search,2024041810,70,79,54,45.73417722,0.771428571,4.35443038,,344,77.02,
Organic Search,2024041814,70,77,44,23.38961039,0.628571429,4,,308,73.42,
Organic Search,2024042518,70,82,51,56.92682927,0.728571429,4.487804878,,368,47.34,
Organic Search,2024042913,70,73,46,100.630137,0.657142857,5.98630137,,437,57.21,
Organic Search,2024042915,70,80,56,44.4875,0.8,4.1,,328,36.64,
Organic Social,2024040612,70,93,53,69.23655914,0.757142857,5.182795699,,482,31.29,
Organic Social,2024040821,70,87,46,56.08045977,0.657142857,4.505747126,,392,47.82,
Organic Social,2024041312,70,81,50,54.19753086,0.714285714,4.444444444,,360,41.2,
Organic Social,2024041810,70,92,53,73.14130435,0.757142857,5.75,,529,55.02,
Organic Social,2024041823,70,83,50,54.79518072,0.714285714,5.903614458,,490,24.66,
Organic Social,2024041922,70,90,43,39.47777778,0.614285714,4.077777778,,367,78.46,
Organic Social,2024042018,70,85,49,61.63529412,0.7,5.305882353,,451,79.17,
Organic Social,2024042023,70,90,52,50.71111111,0.742857143,6.388888889,,575,61.89,
Organic Social,2024042213,70,86,55,58.47674419,0.785714286,6.848837209,,589,52.17,
Organic Social,2024042223,70,85,53,87.31764706,0.757142857,7.258823529,,617,38.57,
Organic Social,2024043013,70,86,51,40,0.728571429,4.569767442,,393,68.83,
Organic Social,2024050213,70,85,51,59.96470588,0.728571429,5.247058824,,446,61.08,
Referral,2024050216,70,79,56,86.89873418,0.8,6.582278481,,520,29.76,
Referral,2024050310,70,88,54,100.5340909,0.771428571,4.920454545,,433,74.66,
Referral,2024050313,70,79,58,200.3417722,0.828571429,4.987341772,,394,69.35,
Direct,2024040820,69,86,41,45.03488372,0.594202899,4.127906977,,355,76.99,
Direct,2024041214,69,78,40,37.8974359,0.579710145,4.384615385,,342,63.54,
Direct,2024041715,69,87,39,65.47126437,0.565217391,4.333333333,,377,56.8,
Direct,2024041717,69,81,44,54.45679012,0.637681159,3.913580247,,317,45.09,
Direct,2024041923,69,81,41,59.77777778,0.594202899,4.24691358,,344,75.96,
Direct,2024042313,69,89,42,39.88764045,0.608695652,3.943820225,,351,71.96,
Direct,2024050318,69,80,40,68.5625,0.579710145,4.2875,,343,22.71,
Organic Search,2024040814,69,76,46,62.44736842,0.666666667,4.539473684,,345,21.58,
Organic Search,2024041720,69,78,47,48.92307692,0.68115942,4.820512821,,376,42.59,
Organic Search,2024041910,69,85,52,32.68235294,0.753623188,4.035294118,,343,68.63,
Organic Search,2024042220,69,73,49,25.68493151,0.710144928,3.863013699,,282,79.24,
Organic Search,2024042415,69,81,38,27.92592593,0.550724638,3.728395062,,302,29.03,
Organic Search,2024042511,69,78,55,104.5897436,0.797101449,5.743589744,,448,55.65,
Organic Search,2024043011,69,81,47,62.48148148,0.68115942,4.012345679,,325,42.85,
Organic Search,2024043015,69,79,47,54.7721519,0.68115942,4.860759494,,384,78.19,
Organic Social,2024041013,69,83,38,38.87951807,0.550724638,4.542168675,,377,70.53,
Organic Social,2024041123,69,91,47,42.0989011,0.68115942,4.67032967,,425,70.3,
Organic Social,2024041501,69,79,35,56.48101266,0.507246377,4.46835443,,353,48.12,
Organic Social,2024042022,69,81,53,80.97530864,0.768115942,6.987654321,,566,44.89,
Organic Social,2024042114,69,79,43,42.89873418,0.623188406,5.101265823,,403,36.4,
Organic Social,2024042122,69,80,51,52.375,0.739130435,6.3625,,509,23.38,
Organic Social,2024042201,69,91,52,51.17582418,0.753623188,4.10989011,,374,71.88,
Organic Social,2024042410,69,93,51,69.11827957,0.739130435,5.23655914,,487,68.77,
Organic Social,2024042712,69,82,45,81.93902439,0.652173913,5.207317073,,427,79.98,
Organic Social,2024042809,69,89,43,41.75280899,0.623188406,4.887640449,,435,79.8,
Organic Social,2024042818,69,78,47,35.32051282,0.68115942,5.282051282,,412,53.33,
Referral,2024050116,69,78,56,79.14102564,0.811594203,5.474358974,,427,66.14,
Referral,2024050220,69,77,51,108.8571429,0.739130435,5.766233766,,444,76.69,
Direct,2024041215,68,76,39,51.67105263,0.573529412,4.973684211,,378,70.98,
Direct,2024041700,68,80,46,78.925,0.676470588,4.7625,,381,34.84,
Direct,2024042215,68,80,39,51.2,0.573529412,4.3625,,349,47.03,
Direct,2024042312,68,83,42,58.8313253,0.617647059,3.542168675,,294,27.75,
Direct,2024042515,68,78,36,69.5,0.529411765,4.948717949,,386,77.24,
Direct,2024042921,68,75,35,97.34666667,0.514705882,5.6,,420,56.37,
Direct,2024050314,68,82,38,52.36585366,0.558823529,4.195121951,,344,33.72,
Organic Search,2024041420,68,79,49,31.15189873,0.720588235,3.873417722,,306,60.3,
Organic Search,2024041522,68,79,50,75.70886076,0.735294118,5.139240506,,406,57.09,
Organic Search,2024041616,68,78,49,45.44871795,0.720588235,4,,312,41.49,
Organic Search,2024041913,68,80,43,29.6,0.632352941,3.6375,,291,26.81,
Organic Search,2024042218,68,75,44,77.56,0.647058824,4.266666667,,320,60.29,
Organic Search,2024042314,68,74,48,46.2027027,0.705882353,3.581081081,,265,51.22,
Organic Social,2024040714,68,84,51,52.76190476,0.75,4.595238095,,386,66.34,
Organic Social,2024040910,68,90,47,44.76666667,0.691176471,4.5,,405,51.21,
Organic Social,2024041909,68,87,43,45.67816092,0.632352941,4.563218391,,397,71.13,
Organic Social,2024042510,68,95,58,45.02105263,0.852941176,4.947368421,,470,53.11,
Organic Social,2024043009,68,88,52,44.14772727,0.764705882,4.954545455,,436,53.66,
Organic Social,2024050308,68,82,45,56.81707317,0.661764706,5.073170732,,416,72.6,
Referral,2024041910,68,82,57,62.19512195,0.838235294,6.085365854,,499,44.21,
Referral,2024050113,68,73,49,44.82191781,0.720588235,4.684931507,,342,28.04,
Referral,2024050121,68,76,44,55.19736842,0.647058824,4.75,,361,21.73,
Referral,2024050210,68,75,54,80.34666667,0.794117647,6.04,,453,65.31,
Referral,2024050218,68,73,57,113.109589,0.838235294,6.849315068,,500,57.22,
Direct,2024040911,67,74,44,51.01351351,0.656716418,4.324324324,,320,62.24,
Direct,2024041419,67,84,38,19.85714286,0.567164179,3.714285714,,312,32.78,
Direct,2024042221,67,91,38,56.45054945,0.567164179,3.879120879,,353,28.18,
Direct,2024042316,67,80,40,49.9625,0.597014925,4.1625,,333,20.87,
Direct,2024042319,67,88,41,34.04545455,0.611940299,4,,352,41.04,
Direct,2024042512,67,76,42,74.13157895,0.626865672,5.171052632,,393,55.4,
Direct,2024050222,67,73,42,76.39726027,0.626865672,4.342465753,,317,43.53,
Organic Search,2024041017,67,85,49,62.38823529,0.731343284,4.258823529,,362,46.25,
Organic Search,2024041518,67,76,45,46.69736842,0.671641791,4.171052632,,317,74.25,
Organic Search,2024041519,67,78,38,48.91025641,0.567164179,3.525641026,,275,40.9,
Organic Search,2024041711,67,76,42,50.40789474,0.626865672,4.197368421,,319,50.84,
Organic Search,2024041714,67,84,48,31.22619048,0.71641791,3.857142857,,324,67.02,
Organic Social,2024040912,67,81,52,72.5308642,0.776119403,5.604938272,,454,43.79,
Organic Social,2024041017,67,91,42,46.05494505,0.626865672,4.098901099,,373,57.33,
Organic Social,2024041110,67,88,44,35.25,0.656716418,4.556818182,,401,71.74,
Organic Social,2024041314,67,80,52,77.3125,0.776119403,5.8,,464,76.97,
Organic Social,2024041509,67,78,43,67.56410256,0.641791045,4.974358974,,388,28.82,
Organic Social,2024042113,67,76,52,57.76315789,0.776119403,5.236842105,,398,75.6,
Organic Social,2024042817,67,81,50,36.45679012,0.746268657,4.827160494,,391,49.53,
Organic Social,2024050313,67,76,47,84.22368421,0.701492537,5.473684211,,416,35.49,
Referral,2024040722,67,73,50,65.06849315,0.746268657,5.465753425,,399,47.55,
Referral,2024041814,67,72,48,99.73611111,0.71641791,5.319444444,,383,78.8,
Referral,2024042312,67,77,57,131.4025974,0.850746269,7.064935065,,544,49.56,
Referral,2024042620,67,75,55,66.61333333,0.820895522,5.466666667,,410,39.73,
Referral,2024042920,67,75,48,64.76,0.71641791,4.746666667,,356,58,
Referral,2024050114,67,73,53,45.94520548,0.791044776,4.863013699,,355,34.41,
Referral,2024050120,67,72,44,84.38888889,0.656716418,4.722222222,,340,24.55,
Direct,2024041618,66,78,39,57.82051282,0.590909091,4.41025641,,344,27.73,
Direct,2024043015,66,81,36,30.25925926,0.545454545,3.617283951,,293,27.68,
Direct,2024050315,66,78,40,48.5,0.606060606,4.628205128,,361,29.11,
Organic Search,2024040812,66,78,50,50.79487179,0.757575758,4.397435897,,343,28.33,
Organic Search,2024041012,66,78,46,57.97435897,0.696969697,4,,312,58.45,
Organic Search,2024041618,66,80,38,39.5375,0.575757576,3.5625,,285,30.91,
Organic Search,2024041812,66,80,43,37.675,0.651515152,3.5,,280,40.74,
Organic Search,2024041923,66,75,48,52.57333333,0.727272727,4.253333333,,319,73.81,
Organic Search,2024042912,66,74,49,39.94594595,0.742424242,4.175675676,,309,48.44,
Organic Search,2024050221,66,76,45,37.55263158,0.681818182,4.092105263,,311,60.05,
Organic Search,2024050222,66,75,45,26.72,0.681818182,3.64,,273,30.34,
Organic Social,2024040622,66,87,37,81.26436782,0.560606061,4.770114943,,415,31.54,
Organic Social,2024040921,66,78,41,30.44871795,0.621212121,4.5,,351,22.45,
Organic Social,2024041201,66,82,47,34.2804878,0.712121212,5.146341463,,422,30.14,
Organic Social,2024041410,66,86,39,23.06976744,0.590909091,4.302325581,,370,36.72,
Organic Social,2024041609,66,84,50,49.23809524,0.757575758,4.642857143,,390,30.62,
Organic Social,2024050114,66,77,45,35.38961039,0.681818182,4.61038961,,355,25.32,
Referral,2024040921,66,74,50,68.12162162,0.757575758,4.689189189,,347,27.24,
Referral,2024041112,66,68,54,119.7058824,0.818181818,6.602941176,,449,47.65,
Referral,2024041710,66,74,50,94.78378378,0.757575758,6.337837838,,469,32.38,
Referral,2024042619,66,73,51,78.38356164,0.772727273,6.315068493,,461,41.86,
Referral,2024050117,66,76,49,87.82894737,0.742424242,4.802631579,,365,50.21,
Referral,2024050122,66,70,47,75.15714286,0.712121212,6.671428571,,467,61.42,
Referral,2024050219,66,73,44,61.10958904,0.666666667,5.575342466,,407,22.36,
Referral,2024050221,66,70,49,76.15714286,0.742424242,5.257142857,,368,67.96,
Referral,2024050322,66,72,44,72.06944444,0.666666667,4.291666667,,309,57.67,
Direct,2024040815,65,70,30,51.44285714,0.461538462,4.357142857,,305,24.91,
Direct,2024041322,65,78,35,37.32051282,0.538461538,4.064102564,,317,72.41,
Direct,2024041612,65,77,41,39.05194805,0.630769231,3.922077922,,302,75.25,
Direct,2024041619,65,76,36,40.07894737,0.553846154,4.184210526,,318,23.66,
Direct,2024041800,65,87,41,96.59770115,0.630769231,4.735632184,,412,36.61,
Direct,2024041817,65,75,39,48.57333333,0.6,3.76,,282,68.37,
Direct,2024041912,65,82,41,45.70731707,0.630769231,3.963414634,,325,64.9,
Direct,2024042314,65,82,39,61.96341463,0.6,4.597560976,,377,31.07,
Direct,2024042511,65,76,49,54,0.753846154,4.25,,323,32.56,
Direct,2024043020,65,79,44,66.20253165,0.676923077,5.126582278,,405,42.23,
Direct,2024050117,65,81,34,16.87654321,0.523076923,3.543209877,,287,49.07,
Organic Search,2024040912,65,67,46,77.80597015,0.707692308,4.164179104,,279,57.1,
Organic Search,2024040913,65,78,45,97.43589744,0.692307692,3.871794872,,302,42.13,
Organic Search,2024040922,65,81,50,66.5308642,0.769230769,4.481481481,,363,47.75,
Organic Search,2024041310,65,72,49,55.65277778,0.753846154,4.833333333,,348,64.85,
Organic Search,2024041719,65,77,46,42.25974026,0.707692308,3.467532468,,267,22.2,
Organic Search,2024041921,65,74,46,45.47297297,0.707692308,4.108108108,,304,35.15,
Organic Search,2024042316,65,75,46,47.94666667,0.707692308,3.72,,279,62.8,
Organic Search,2024042419,65,76,48,53.38157895,0.738461538,5.131578947,,390,73.71,
Organic Search,2024042420,65,72,40,43.22222222,0.615384615,3.875,,279,50.7,
Organic Search,2024042918,65,73,44,39.32876712,0.676923077,4.410958904,,322,51.93,
Organic Search,2024042920,65,78,47,54.33333333,0.723076923,4.192307692,,327,26.43,
Organic Search,2024043019,65,79,47,39.70886076,0.723076923,4.063291139,,321,46.84,
Organic Search,2024050122,65,79,49,65.6835443,0.753846154,4.405063291,,348,51.96,
Organic Social,2024040600,65,108,46,19.86111111,0.707692308,3.898148148,,421,34.55,
Organic Social,2024040615,65,78,41,74.97435897,0.630769231,5.038461538,,393,36.15,
Organic Social,2024041001,65,95,43,59.11578947,0.661538462,4.326315789,,411,42.64,
Organic Social,2024042422,65,82,47,49.24390244,0.723076923,5.170731707,,424,21.2,
Referral,2024041117,65,75,50,54.62666667,0.769230769,5.773333333,,433,39.32,
Referral,2024042211,65,73,52,75.57534247,0.8,5.150684932,,376,32.69,
Referral,2024043011,65,74,55,81.13513514,0.846153846,6.256756757,,463,39.65,
Referral,2024050222,65,78,45,61.64102564,0.692307692,5.371794872,,419,27.19,
Direct,2024041218,64,86,31,34.98837209,0.484375,3.38372093,,291,73.43,
Direct,2024042220,64,88,35,37.44318182,0.546875,3.931818182,,346,55.62,
Direct,2024042311,64,75,45,32.73333333,0.703125,4.12,,309,60.75,
Direct,2024042318,64,76,37,67.46052632,0.578125,4.486842105,,341,67.35,
Direct,2024042521,64,82,28,29.68292683,0.4375,3.926829268,,322,49.91,
Direct,2024042621,64,74,43,57.39189189,0.671875,4.567567568,,338,25.22,
Direct,2024042819,64,85,40,58.29411765,0.625,4.647058824,,395,52.23,
Direct,2024050220,64,79,24,28.49367089,0.375,3.987341772,,315,55.21,
Direct,2024050316,64,77,30,23.07792208,0.46875,4.376623377,,337,64.73,
Organic Search,2024040816,64,70,45,102.9,0.703125,4.614285714,,323,45.9,
Organic Search,2024040920,64,78,45,32.16666667,0.703125,3.58974359,,280,27.65,
Organic Search,2024041118,64,72,39,49.70833333,0.609375,4.347222222,,313,37.03,
Organic Search,2024041119,64,69,41,74.95652174,0.640625,4.652173913,,321,41.78,
Organic Search,2024041122,64,76,45,42.44736842,0.703125,3.736842105,,284,58.76,
Organic Search,2024041613,64,76,37,27.82894737,0.578125,3.907894737,,297,54.25,
Organic Search,2024041915,64,77,42,36.67532468,0.65625,4.025974026,,310,41.37,
Organic Search,2024042215,64,75,41,45.18666667,0.640625,3.48,,261,79.19,
Organic Search,2024050214,64,76,44,62.71052632,0.6875,4.210526316,,320,56.35,
Organic Search,2024050314,64,74,47,45.82432432,0.734375,4.918918919,,364,34.23,
Organic Social,2024041020,64,81,47,37.16049383,0.734375,4.728395062,,383,26.11,
Organic Social,2024042016,64,71,53,47,0.828125,5.169014085,,367,29.17,
Organic Social,2024042116,64,82,42,39.85365854,0.65625,4.012195122,,329,34.76,
Organic Social,2024042814,64,78,44,67.26923077,0.6875,4.833333333,,377,29.64,
Referral,2024041014,64,72,46,63.20833333,0.71875,5.208333333,,375,31.19,
Referral,2024041718,64,76,52,56.40789474,0.8125,4.842105263,,368,37.11,
Referral,2024041817,64,67,45,120.8208955,0.703125,6.313432836,,423,30.4,
Referral,2024042423,64,76,45,74.48684211,0.703125,4.828947368,,367,73.81,
Referral,2024043012,64,71,46,114.5211268,0.71875,5.830985915,,414,24.81,
Referral,2024043021,64,70,46,78.34285714,0.71875,5.685714286,,398,51.47,
Referral,2024050110,64,71,50,75.6056338,0.78125,6.014084507,,427,44.62,
Referral,2024050118,64,69,55,128.8405797,0.859375,6.956521739,,480,78.94,
Direct,2024040811,63,77,36,43.01298701,0.571428571,4.324675325,,333,26.72,
Direct,2024041421,63,75,29,46.42666667,0.46031746,5.573333333,,418,43.87,
Direct,2024041518,63,74,32,53.36486486,0.507936508,3.635135135,,269,78.17,
Direct,2024041519,63,72,31,43.77777778,0.492063492,4.652777778,,335,71.93,
Direct,2024041813,63,77,40,48.97402597,0.634920635,5,,385,69.02,
Direct,2024041916,63,78,43,54.93589744,0.682539683,4.705128205,,367,35.47,
Direct,2024042514,63,76,39,64.88157895,0.619047619,5.013157895,,381,30.25,
Direct,2024042523,63,70,34,44.12857143,0.53968254,4.557142857,,319,60.12,
Direct,2024043011,63,73,32,59.94520548,0.507936508,5.232876712,,382,75.76,
Direct,2024050119,63,81,32,21.66666667,0.507936508,3.950617284,,320,53.41,
Direct,2024050219,63,84,41,59.29761905,0.650793651,4.666666667,,392,54.3,
Organic Search,2024040921,63,80,41,39.1375,0.650793651,3.6,,288,36.8,
Organic Search,2024041016,63,71,42,81.05633803,0.666666667,4.295774648,,305,66.17,
Organic Search,2024041510,63,75,45,70.61333333,0.714285714,4.893333333,,367,31.22,
Organic Search,2024041617,63,71,38,40.43661972,0.603174603,3.732394366,,265,39.42,
Organic Search,2024041621,63,72,45,31.13888889,0.714285714,4.125,,297,45.53,
Organic Search,2024041813,63,73,41,47.28767123,0.650793651,3.739726027,,273,50.46,
Organic Search,2024042213,63,72,42,50.58333333,0.666666667,4.388888889,,316,34.54,
Organic Search,2024042219,63,74,39,36.74324324,0.619047619,4,,296,26.89,
Organic Search,2024042411,63,70,40,74.58571429,0.634920635,5.5,,385,56.64,
Organic Search,2024042519,63,68,35,61.98529412,0.555555556,3.058823529,,208,37.32,
Organic Search,2024050119,63,70,36,47.94285714,0.571428571,4.985714286,,349,54.87,
Organic Search,2024050312,63,74,52,59.87837838,0.825396825,4.905405405,,363,29.26,
Organic Social,2024041022,63,78,44,38.1025641,0.698412698,5.256410256,,410,48.87,
Organic Social,2024041310,63,82,50,64.76829268,0.793650794,5.634146341,,462,51.96,
Organic Social,2024041315,63,87,45,45.11494253,0.714285714,4.747126437,,413,23.11,
Organic Social,2024042011,63,80,51,67.525,0.80952381,5.9,,472,40.2,
Organic Social,2024042015,63,71,53,87.78873239,0.841269841,5.605633803,,398,28.06,
Organic Social,2024042121,63,74,44,38.93243243,0.698412698,5.121621622,,379,23.8,
Referral,2024040918,63,72,47,75.84722222,0.746031746,5.25,,378,79.4,
Referral,2024041011,63,69,48,80.71014493,0.761904762,6.956521739,,480,39.34,
Referral,2024041819,63,76,49,134.6184211,0.777777778,5.065789474,,385,68.59,
Referral,2024042412,63,75,51,72.6,0.80952381,5.386666667,,404,35.28,
Referral,2024050111,63,68,53,127.0294118,0.841269841,7.235294118,,492,60.89,
Referral,2024050213,63,73,51,114.109589,0.80952381,6.821917808,,498,65.61,
Direct,2024041514,62,77,38,41.90909091,0.612903226,4.402597403,,339,55.74,
Direct,2024041611,62,79,37,53.78481013,0.596774194,4.17721519,,330,48.29,
Direct,2024041710,62,72,34,37.04166667,0.548387097,4.013888889,,289,44.71,
Direct,2024041713,62,80,39,38.3375,0.629032258,4.0375,,323,40.93,
Direct,2024042320,62,71,32,40.85915493,0.516129032,3.901408451,,277,75.77,
Direct,2024042616,62,69,39,59.71014493,0.629032258,3.797101449,,262,69.84,
Direct,2024050317,62,77,32,93.24675325,0.516129032,4.649350649,,358,77.9,
Organic Search,2024042214,62,73,35,18.39726027,0.564516129,3.369863014,,246,27.46,
Organic Search,2024042312,62,71,40,46.54929577,0.64516129,3.985915493,,283,63.85,
Organic Search,2024042512,62,81,43,61.28395062,0.693548387,4.901234568,,397,76.3,
Organic Search,2024050210,62,71,51,70.32394366,0.822580645,4.661971831,,331,30.87,
Organic Social,2024040710,62,84,48,49.58333333,0.774193548,4.928571429,,414,23.99,
Organic Social,2024040823,62,75,44,55.17333333,0.709677419,5.28,,396,64.47,
Organic Social,2024040922,62,80,39,35.6625,0.629032258,5.0875,,407,54.47,
Organic Social,2024041409,62,84,41,31.71428571,0.661290323,4.428571429,,372,70.51,
Organic Social,2024041913,62,81,41,39.32098765,0.661290323,4.962962963,,402,28.39,
Organic Social,2024042014,62,72,52,73.66666667,0.838709677,6.277777778,,452,67.72,
Organic Social,2024042808,62,71,46,48.08450704,0.741935484,4.802816901,,341,32.1,
Referral,2024040810,62,66,54,131.0606061,0.870967742,7,,462,29.82,
Referral,2024041220,62,65,54,102.8153846,0.870967742,9.492307692,,617,29.86,
Referral,2024041519,62,68,50,106.4558824,0.806451613,6.514705882,,443,68.87,
Referral,2024041711,62,72,49,94.26388889,0.790322581,5.333333333,,384,59.91,
Referral,2024042415,62,76,54,104.0921053,0.870967742,6.25,,475,51.38,
Referral,2024042511,62,72,49,81.95833333,0.790322581,6.013888889,,433,41.53,
Referral,2024042915,62,66,45,92.42424242,0.725806452,8.984848485,,593,72.63,
Direct,2024041013,61,69,32,46.15942029,0.524590164,4.463768116,,308,43.55,
Direct,2024041212,61,78,33,22.75641026,0.540983607,3.358974359,,262,69,
Direct,2024041221,61,77,27,41.06493506,0.442622951,4.25974026,,328,46.35,
Direct,2024041517,61,80,39,48.4875,0.639344262,3.925,,314,42.62,
Direct,2024042222,61,77,40,56.22077922,0.655737705,3.701298701,,285,47.76,
Direct,2024042912,61,74,40,91.06756757,0.655737705,5.094594595,,377,38.08,
Direct,2024043018,61,72,32,42.72222222,0.524590164,4.638888889,,334,64.86,
Direct,2024043019,61,74,32,22.72972973,0.524590164,3.364864865,,249,50.16,
Direct,2024050123,61,81,33,37.7654321,0.540983607,4.185185185,,339,33.93,
Organic Search,2024040819,61,67,40,27.71641791,0.655737705,3.582089552,,240,73.97,
Organic Search,2024041220,61,74,43,48.91891892,0.704918033,3.743243243,,277,43.03,
Organic Search,2024041320,61,70,33,47.88571429,0.540983607,3.914285714,,274,52.61,
Organic Search,2024041423,61,69,34,45.57971014,0.557377049,3.420289855,,236,74.39,
Organic Search,2024041513,61,72,43,71.70833333,0.704918033,4.208333333,,303,57.45,
Organic Search,2024042618,61,66,40,60.98484848,0.655737705,4.303030303,,284,27.01,
Organic Search,2024042714,61,69,36,33.44927536,0.590163934,3.985507246,,275,76.39,
Organic Search,2024043020,61,73,46,48.56164384,0.754098361,4.123287671,,301,57.66,
Organic Social,2024040609,61,79,45,48.88607595,0.737704918,4.936708861,,390,40.09,
Organic Social,2024040701,61,84,47,61.22619048,0.770491803,5.142857143,,432,28.36,
Organic Social,2024041701,61,95,35,45.97894737,0.573770492,4.526315789,,430,67.64,
Organic Social,2024041901,61,83,37,37.02409639,0.606557377,3.506024096,,291,57.2,
Organic Social,2024042118,61,70,48,41.57142857,0.786885246,5.257142857,,368,52.01,
Referral,2024040612,61,67,49,93.68656716,0.803278689,7.179104478,,481,73.63,
Referral,2024041121,61,69,42,82.14492754,0.68852459,5.492753623,,379,67.32,
Referral,2024041122,61,69,42,91.11594203,0.68852459,6.666666667,,460,29.1,
Referral,2024041822,61,68,44,62.35294118,0.721311475,5.338235294,,363,38.7,
Referral,2024042317,61,70,45,53.62857143,0.737704918,5.128571429,,359,34.91,
Referral,2024042413,61,65,43,43.64615385,0.704918033,4.630769231,,301,64.64,
Referral,2024042918,61,64,48,100.046875,0.786885246,6.078125,,389,22.01,
Referral,2024050123,61,65,43,114.8769231,0.704918033,5.861538462,,381,54.19,
Direct,2024040600,60,66,40,97.59090909,0.666666667,4.03030303,,266,65.75,
Direct,2024040715,60,73,35,52.5890411,0.583333333,4.452054795,,325,72.61,
Direct,2024041318,60,76,31,23.96052632,0.516666667,3.289473684,,250,40.52,
Direct,2024042214,60,77,39,51.2987013,0.65,4.233766234,,326,69.28,
Direct,2024042617,60,74,33,33.91891892,0.55,3.648648649,,270,26.64,
Direct,2024042823,60,66,36,92.71212121,0.6,5.984848485,,395,70.79,
Direct,2024050215,60,71,31,42.69014085,0.516666667,3.873239437,,275,27.65,
Direct,2024050221,60,74,34,51.35135135,0.566666667,4.472972973,,331,43.84,
Organic Search,2024040720,60,64,42,49.171875,0.7,4.59375,,294,67.84,
Organic Search,2024040918,60,65,38,25.4,0.633333333,3.6,,234,29,
Organic Search,2024041019,60,69,41,35.07246377,0.683333333,3.47826087,,240,33.76,
Organic Search,2024041216,60,69,37,37.30434783,0.616666667,3.68115942,,254,63.34,
Organic Search,2024041412,60,66,40,36.37878788,0.666666667,4.227272727,,279,63.2,
Organic Search,2024041619,60,71,40,21.3943662,0.666666667,3.478873239,,247,58.47,
Organic Search,2024041717,60,67,42,58.7761194,0.7,3.447761194,,231,61.64,
Organic Search,2024041912,60,75,44,35.25333333,0.733333333,3.306666667,,248,52.56,
Organic Search,2024041922,60,70,42,38.32857143,0.7,4.457142857,,312,35.11,
Organic Search,2024042210,60,69,45,36.98550725,0.75,4.637681159,,320,40.74,
Organic Search,2024043012,60,75,42,54.24,0.7,4.64,,348,30.9,
Organic Search,2024050120,60,66,42,56.98484848,0.7,3.924242424,,259,74.51,
Organic Search,2024050311,60,75,42,42.05333333,0.7,3.933333333,,295,55,
Organic Social,2024040623,60,81,34,29.22222222,0.566666667,3.777777778,,306,44.05,
Organic Social,2024040809,60,69,44,123.1449275,0.733333333,5.362318841,,370,47.72,
Organic Social,2024041109,60,79,39,48.46835443,0.65,4.253164557,,336,76.84,
Organic Social,2024041223,60,68,40,61.14705882,0.666666667,5.779411765,,393,29.2,
Referral,2024040820,60,70,42,51.61428571,0.7,4.728571429,,331,55.17,
Referral,2024040922,60,72,46,89.13888889,0.766666667,6.430555556,,463,50.35,
Referral,2024041621,60,72,44,88.75,0.733333333,5.152777778,,371,56.69,
Referral,2024041716,60,65,51,72.67692308,0.85,5.923076923,,385,21.09,
Referral,2024041811,60,68,50,74.38235294,0.833333333,7.308823529,,497,72.33,
Referral,2024042212,60,71,53,105.7464789,0.883333333,7.845070423,,557,75.93,
Referral,2024042313,60,69,47,88.53623188,0.783333333,5.565217391,,384,53.91,
Referral,2024042418,60,71,37,68.42253521,0.616666667,4.774647887,,339,61.8,
Referral,2024042611,60,70,48,106.0285714,0.8,5.471428571,,383,75.35,
Referral,2024042720,60,67,45,67.64179104,0.75,5,,335,62.43,
Referral,2024042922,60,68,46,85.04411765,0.766666667,4.602941176,,313,29.15,
Referral,2024050318,60,67,48,110,0.8,6.417910448,,430,54.58,
Referral,2024050319,60,67,41,140.6716418,0.683333333,6.388059701,,428,56.4,
Direct,2024040722,59,71,30,25.77464789,0.508474576,4.042253521,,287,45.45,
Direct,2024040812,59,78,35,26.65384615,0.593220339,3.948717949,,308,64.19,
Direct,2024040918,59,67,30,31.08955224,0.508474576,3.910447761,,262,76.06,
Direct,2024041010,59,71,30,47.52112676,0.508474576,4.577464789,,325,75.53,
Direct,2024041213,59,69,26,33.60869565,0.440677966,4.362318841,,301,47.05,
Direct,2024041323,59,65,32,88.8,0.542372881,4.815384615,,313,26.79,
Direct,2024041516,59,77,31,29.57142857,0.525423729,3.701298701,,285,79.09,
Direct,2024041520,59,86,31,66.87209302,0.525423729,4.093023256,,352,70.33,
Direct,2024041910,59,68,32,46.63235294,0.542372881,4.205882353,,286,27.48,
Direct,2024042122,59,75,35,54.84,0.593220339,4.2,,315,75.25,
Direct,2024042416,59,69,36,95.44927536,0.610169492,4.173913043,,288,72.19,
Direct,2024042620,59,70,36,51.05714286,0.610169492,5.142857143,,360,51.13,
Direct,2024042820,59,71,39,47.77464789,0.661016949,4.014084507,,285,55.48,
Direct,2024042822,59,76,27,43.39473684,0.457627119,4.052631579,,308,43.94,
Direct,2024043010,59,73,37,33.7260274,0.627118644,4.082191781,,298,23.29,
Direct,2024043017,59,68,28,38.94117647,0.474576271,5.367647059,,365,40.11,
Direct,2024050300,59,70,28,20.94285714,0.474576271,4.314285714,,302,68.17,
Direct,2024050319,59,77,28,40.5974026,0.474576271,4.727272727,,364,20.28,
Organic Search,2024041018,59,68,32,42.66176471,0.542372881,3.808823529,,259,40.01,
Organic Search,2024041421,59,71,35,50,0.593220339,4.309859155,,306,43.89,
Organic Search,2024041917,59,68,40,75.73529412,0.677966102,3.75,,255,52.24,
Organic Search,2024041918,59,68,45,37.23529412,0.762711864,4.058823529,,276,75.19,
Organic Search,2024042322,59,74,47,45.81081081,0.796610169,4.040540541,,299,40.78,
Organic Search,2024042423,59,71,44,24.52112676,0.745762712,3.690140845,,262,40.82,
Organic Search,2024042517,59,67,46,43.98507463,0.779661017,4.164179104,,279,64.25,
Organic Search,2024042921,59,78,35,39.1025641,0.593220339,3.641025641,,284,47.13,
Organic Search,2024050216,59,67,39,51.46268657,0.661016949,3.71641791,,249,33.48,
Organic Search,2024050220,59,69,40,34.34782609,0.677966102,4.84057971,,334,47.15,
Organic Social,2024041617,59,83,39,36.90361446,0.661016949,4.313253012,,358,28.45,
Organic Social,2024041707,59,77,36,41.27272727,0.610169492,4.311688312,,332,30.58,
Organic Social,2024042001,59,78,47,48.91025641,0.796610169,5.487179487,,428,49.9,
Referral,2024040814,59,66,47,55.66666667,0.796610169,5.787878788,,382,45.14,
Referral,2024041215,59,67,38,129.1791045,0.644067797,4.940298507,,331,74.89,
Referral,2024041713,59,72,39,84.875,0.661016949,5.208333333,,375,41.74,
Referral,2024042011,59,72,45,95.20833333,0.762711864,6.208333333,,447,54.84,
Referral,2024042215,59,65,42,76.38461538,0.711864407,4.615384615,,300,57.94,
Referral,2024042315,59,69,52,90.72463768,0.881355932,5.913043478,,408,20.79,
Referral,2024042320,59,65,47,102.2615385,0.796610169,7.584615385,,493,59.81,
Referral,2024042514,59,66,39,95.71212121,0.661016949,5.090909091,,336,30.68,
Referral,2024042712,59,64,53,78.734375,0.898305085,6.546875,,419,77.66,
Referral,2024042822,59,67,47,102.0149254,0.796610169,7.268656716,,487,28.92,
Referral,2024042912,59,66,48,100.5909091,0.813559322,5.590909091,,369,44.88,
Referral,2024043013,59,63,43,124.8888889,0.728813559,5.825396825,,367,25.12,
Direct,2024040823,58,66,28,49.83333333,0.482758621,4.242424242,,280,79.81,
Direct,2024041418,58,69,32,43.26086957,0.551724138,3.492753623,,241,50.13,
Direct,2024041812,58,71,37,62.38028169,0.637931034,5.225352113,,371,55.72,
Direct,2024041814,58,73,30,69.63013699,0.517241379,4.232876712,,309,24.02,
Direct,2024041911,58,77,29,23.51948052,0.5,3.532467532,,272,65,
Direct,2024041915,58,71,40,53.91549296,0.689655172,3.887323944,,276,32.59,
Direct,2024042516,58,74,34,55.48648649,0.586206897,4.513513514,,334,73.88,
Direct,2024042612,58,76,43,83.07894737,0.74137931,4,,304,32.31,
Direct,2024042914,58,81,37,53.80246914,0.637931034,4.074074074,,330,31.44,
Direct,2024042917,58,77,34,52.18181818,0.586206897,4.38961039,,338,22.19,
Direct,2024042920,58,73,40,41.89041096,0.689655172,4.287671233,,313,48.32,
Direct,2024043013,58,69,34,35.88405797,0.586206897,3.942028986,,272,53.89,
Direct,2024050212,58,70,33,66.32857143,0.568965517,3.9,,273,23.94,
Organic Search,2024040821,58,72,45,37.86111111,0.775862069,4.027777778,,290,66.53,
Organic Search,2024041011,58,68,44,51.64705882,0.75862069,3.588235294,,244,47.2,
Organic Search,2024041809,58,63,36,41.76190476,0.620689655,4.412698413,,278,51.46,
Organic Search,2024042216,58,68,39,55.29411765,0.672413793,4.367647059,,297,46.45,
Organic Search,2024042310,58,62,42,47,0.724137931,4.5,,279,44.05,
Organic Search,2024042513,58,67,36,46.67164179,0.620689655,4.52238806,,303,53.58,
Organic Search,2024042523,58,67,36,23.94029851,0.620689655,3.47761194,,233,29.31,
Organic Search,2024042612,58,64,44,50.953125,0.75862069,3.53125,,226,30.92,
Organic Search,2024042613,58,76,41,51.46052632,0.706896552,4.460526316,,339,71.71,
Organic Search,2024042919,58,64,39,34.984375,0.672413793,3.78125,,242,76.77,
Organic Search,2024043013,58,66,40,53.95454545,0.689655172,3.833333333,,253,42.4,
Organic Social,2024041101,58,86,40,62.3372093,0.689655172,4.802325581,,413,36.24,
Organic Social,2024041112,58,73,40,58.10958904,0.689655172,6.02739726,,440,58.64,
Organic Social,2024041311,58,75,47,49.54666667,0.810344828,5.04,,378,44.52,
Organic Social,2024041608,58,82,44,36.41463415,0.75862069,5.097560976,,418,21.52,
Organic Social,2024042009,58,75,37,31.46666667,0.637931034,4.746666667,,356,29.37,
Organic Social,2024042801,58,93,34,11.41935484,0.586206897,3.537634409,,329,62.96,
Referral,2024040815,58,64,34,101.015625,0.586206897,5.03125,,322,59.54,
Referral,2024040821,58,65,40,84.78461538,0.689655172,5.030769231,,327,21.63,
Referral,2024041020,58,64,50,101.859375,0.862068966,7.046875,,451,33.32,
Referral,2024041021,58,64,45,91.78125,0.775862069,6.671875,,427,33.86,
Referral,2024042210,58,66,45,71.6969697,0.775862069,5.242424242,,346,60.31,
Referral,2024042311,58,67,49,96.41791045,0.844827586,7.253731343,,486,21.18,
Referral,2024042316,58,76,39,39.48684211,0.672413793,4.828947368,,367,26.25,
Referral,2024042319,58,66,47,107.8030303,0.810344828,8,,528,67.99,
Referral,2024042518,58,63,45,127.1746032,0.775862069,7.333333333,,462,30.71,
Referral,2024050217,58,65,38,93.61538462,0.655172414,5.276923077,,343,59.16,
Referral,2024050317,58,64,39,92.390625,0.672413793,5.75,,368,34.29,
Direct,2024040718,57,64,27,37.015625,0.473684211,4.53125,,290,25.97,
Direct,2024040720,57,71,32,38.50704225,0.561403509,4.14084507,,294,34.59,
Direct,2024040810,57,70,31,57.52857143,0.543859649,4.2,,294,63.34,
Direct,2024040818,57,72,30,48.30555556,0.526315789,3.916666667,,282,71.34,
Direct,2024040822,57,69,30,48.76811594,0.526315789,4.710144928,,325,69.81,
Direct,2024040921,57,72,34,42.875,0.596491228,3.388888889,,244,43.83,
Direct,2024041018,57,72,29,80.20833333,0.50877193,4.430555556,,319,60.09,
Direct,2024041122,57,66,40,44.87878788,0.701754386,3.409090909,,225,32.3,
Direct,2024041200,57,73,27,44.8630137,0.473684211,3.054794521,,223,37.59,
Direct,2024041512,57,70,30,26.74285714,0.526315789,3.7,,259,73.78,
Direct,2024041610,57,67,35,45.04477612,0.614035088,4.179104478,,280,20.78,
Direct,2024041914,57,78,33,65.02564103,0.578947368,3.948717949,,308,25.13,
Direct,2024042013,57,65,39,78.78461538,0.684210526,4.784615385,,311,32.47,
Direct,2024042613,57,69,41,51.53623188,0.719298246,4.260869565,,294,21.59,
Direct,2024043000,57,69,30,38.1884058,0.526315789,4.072463768,,281,30.89,
Direct,2024050313,57,64,30,17.84375,0.526315789,4.140625,,265,54.98,
Direct,2024050323,57,67,32,44.11940299,0.561403509,4.671641791,,313,45.29,
Organic Search,2024040718,57,70,37,28.17142857,0.649122807,3.571428571,,250,73.56,
Organic Search,2024040813,57,65,35,60.30769231,0.614035088,4.461538462,,290,69.05,
Organic Search,2024041215,57,65,35,38.06153846,0.614035088,3.2,,208,40.51,
Organic Search,2024041418,57,62,40,31.5483871,0.701754386,3.790322581,,235,35.57,
Organic Search,2024041517,57,68,40,61.17647059,0.701754386,4.720588235,,321,42.78,
Organic Search,2024041521,57,71,32,39.50704225,0.561403509,3.563380282,,253,55.42,
Organic Search,2024041914,57,72,34,39.51388889,0.596491228,3.625,,261,36.08,
Organic Search,2024042217,57,65,36,64.55384615,0.631578947,4.830769231,,314,57.45,
Organic Search,2024042221,57,68,37,65.94117647,0.649122807,4.617647059,,314,44.56,
Organic Search,2024042509,57,68,39,53.23529412,0.684210526,3.735294118,,254,53.12,
Organic Search,2024050217,57,63,34,30.34920635,0.596491228,3.746031746,,236,46.17,
Organic Search,2024050218,57,62,37,40.48387097,0.649122807,4.677419355,,290,37.67,
Organic Social,2024040900,57,85,43,51.74117647,0.754385965,5.094117647,,433,76.91,
Organic Social,2024042010,57,76,40,44.93421053,0.701754386,4.105263158,,312,65.82,
Organic Social,2024042013,57,70,43,41.41428571,0.754385965,4.471428571,,313,28.41,
Organic Social,2024042409,57,64,42,80.5,0.736842105,5.015625,,321,72.11,
Organic Social,2024042701,57,72,43,28.30555556,0.754385965,5.25,,378,49.25,
Organic Social,2024042710,57,70,44,78.05714286,0.771929825,9.642857143,,675,73.67,
Organic Social,2024050209,57,76,38,68.71052632,0.666666667,4.171052632,,317,67.99,
Referral,2024041018,57,66,43,113.6818182,0.754385965,5.636363636,,372,45.51,
Referral,2024041222,57,67,46,84.11940299,0.807017544,7.313432836,,490,21.35,
Referral,2024041611,57,65,47,77.53846154,0.824561404,6.430769231,,418,36.12,
Referral,2024041717,57,63,41,121.0952381,0.719298246,5.873015873,,370,52.5,
Referral,2024041914,57,65,36,78.23076923,0.631578947,4.676923077,,304,58.01,
Referral,2024042421,57,65,46,74.29230769,0.807017544,5.446153846,,354,35.47,
Referral,2024042520,57,64,38,83.609375,0.666666667,4.953125,,317,28.36,
Referral,2024042913,57,66,43,78.10606061,0.754385965,4.878787879,,322,70.1,
Referral,2024042914,57,62,49,116.2419355,0.859649123,5.580645161,,346,79.06,
Referral,2024043010,57,67,44,66.58208955,0.771929825,4.925373134,,330,51.54,
Referral,2024043023,57,61,47,94.75409836,0.824561404,5.967213115,,364,30.3,
Direct,2024040914,56,64,34,101.296875,0.607142857,3.71875,,238,36.34,
Direct,2024041011,56,61,33,29.18032787,0.589285714,3.737704918,,228,21.1,
Direct,2024041021,56,74,31,59.86486486,0.553571429,3.648648649,,270,74.86,
Direct,2024041121,56,72,35,44.76388889,0.625,3.138888889,,226,27.07,
Direct,2024041209,56,62,25,31.98387097,0.446428571,3.661290323,,227,54.59,
Direct,2024041219,56,71,26,23.25352113,0.464285714,2.985915493,,212,36.44,
Direct,2024041321,56,71,44,41.43661972,0.785714286,4.929577465,,350,53.25,
Direct,2024041921,56,68,34,89.41176471,0.607142857,4.088235294,,278,59.09,
Direct,2024042317,56,65,37,47.07692308,0.660714286,5.230769231,,340,69.78,
Direct,2024042918,56,64,34,86.421875,0.607142857,4.78125,,306,32.39,
Organic Search,2024040915,56,65,47,32.92307692,0.839285714,4.153846154,,270,20.66,
Organic Search,2024041010,56,66,36,55.75757576,0.642857143,4.287878788,,283,28.21,
Organic Search,2024041210,56,66,38,30.81818182,0.678571429,3.803030303,,251,74,
Organic Search,2024041316,56,65,42,40.46153846,0.75,4.230769231,,275,72.43,
Organic Search,2024041319,56,62,38,32.75806452,0.678571429,3.870967742,,240,55.84,
Organic Search,2024041322,56,60,33,53.36666667,0.589285714,6.116666667,,367,56.03,
Organic Search,2024041511,56,64,36,56.96875,0.642857143,5.28125,,338,59.9,
Organic Search,2024042120,56,60,38,40.08333333,0.678571429,3.733333333,,224,30.52,
Organic Search,2024042418,56,63,43,53.17460317,0.767857143,4.761904762,,300,74.86,
Organic Search,2024042522,56,61,36,44.54098361,0.642857143,4.819672131,,294,45.13,
Organic Search,2024042611,56,61,44,105.6229508,0.785714286,4.475409836,,273,42.99,
Organic Search,2024042614,56,68,36,64.11764706,0.642857143,4.441176471,,302,51.14,
Organic Search,2024042619,56,62,44,68.61290323,0.785714286,6.983870968,,433,22.82,
Organic Search,2024050215,56,64,39,63.84375,0.696428571,4.03125,,258,29.98,
Organic Social,2024040617,56,67,34,47.25373134,0.607142857,4.76119403,,319,64.28,
Organic Social,2024040901,56,76,40,54.14473684,0.714285714,5.75,,437,24.97,
Organic Social,2024041703,56,71,33,40.12676056,0.589285714,4.507042254,,320,56.19,
Organic Social,2024042408,56,70,28,51.77142857,0.5,4.828571429,,338,34.72,
Organic Social,2024042708,56,64,40,42.90625,0.714285714,5.09375,,326,43.36,
Organic Social,2024042815,56,70,33,62.2,0.589285714,5.528571429,,387,37.32,
Referral,2024040823,56,65,36,42.86153846,0.642857143,4.6,,299,41.34,
Referral,2024041218,56,63,40,65.95238095,0.714285714,6.126984127,,386,63.14,
Referral,2024041221,56,69,35,38.62318841,0.625,4.202898551,,290,37.83,
Referral,2024042010,56,69,48,79.37681159,0.857142857,5.507246377,,380,53.98,
Referral,2024042510,56,63,43,98,0.767857143,6.444444444,,406,48.56,
Referral,2024042621,56,63,42,2187.206349,0.75,5.920634921,,373,59.82,
Direct,2024040719,55,65,39,60.96923077,0.709090909,4.369230769,,284,76.21,
Direct,2024040816,55,65,35,53.58461538,0.636363636,3.676923077,,239,63.95,
Direct,2024041012,55,70,31,43.32857143,0.563636364,4.628571429,,324,32.9,
Direct,2024041420,55,65,28,40.75384615,0.509090909,3.938461538,,256,21.87,
Direct,2024041423,55,62,29,27.03225806,0.527272727,3.903225806,,242,35.74,
Direct,2024041614,55,67,45,67.31343284,0.818181818,5.223880597,,350,55.7,
Direct,2024041709,55,65,26,69.15384615,0.472727273,3.661538462,,238,23.09,
Direct,2024041810,55,76,32,45.61842105,0.581818182,4.078947368,,310,49.78,
Direct,2024042121,55,60,33,55.45,0.6,4.7,,282,55.81,
Direct,2024042310,55,69,38,52.02898551,0.690909091,4.710144928,,325,40.05,
Direct,2024042414,55,64,35,35.265625,0.636363636,4.171875,,267,66.25,
Direct,2024042619,55,66,34,34.46969697,0.618181818,4.666666667,,308,26.4,
Direct,2024043014,55,66,30,67.07575758,0.545454545,4.53030303,,299,24.51,
Direct,2024043023,55,68,23,21.92647059,0.418181818,3.823529412,,260,63.69,
Direct,2024050321,55,67,37,61.05970149,0.672727273,6.432835821,,431,49.73,
Organic Search,2024040810,55,67,46,54.56716418,0.836363636,4.044776119,,271,61.3,
Organic Search,2024041311,55,65,38,64,0.690909091,4.846153846,,315,46.09,
Organic Search,2024041413,55,63,39,57.85714286,0.709090909,4.968253968,,313,34.78,
Organic Search,2024041713,55,62,35,25.59677419,0.636363636,3.693548387,,229,69.15,
Organic Search,2024042014,55,65,35,27.90769231,0.636363636,3.769230769,,245,67.96,
Organic Search,2024042222,55,71,39,29.8028169,0.709090909,3.732394366,,265,61.68,
Organic Search,2024042311,55,63,37,33.17460317,0.672727273,4.492063492,,283,36.33,
Organic Search,2024042313,55,62,33,42.61290323,0.6,3.225806452,,200,55.41,
Organic Search,2024042422,55,62,38,83.4516129,0.690909091,5.870967742,,364,41.66,
Organic Search,2024042922,55,66,37,73.03030303,0.672727273,4.909090909,,324,25.49,
Organic Search,2024050114,55,57,44,41.71929825,0.8,4.543859649,,259,75.04,
Organic Social,2024040616,55,68,48,63.23529412,0.872727273,5.735294118,,390,28.21,
Organic Social,2024040817,55,81,34,33.92592593,0.618181818,3.851851852,,312,77.01,
Organic Social,2024041313,55,67,41,66.97014925,0.745454545,5.059701493,,339,46.76,
Organic Social,2024041403,55,73,33,46.05479452,0.6,4.191780822,,306,31.11,
Organic Social,2024041407,55,72,35,28.52777778,0.636363636,4.486111111,,323,52.51,
Organic Social,2024041801,55,79,40,44.62025316,0.727272727,4.974683544,,393,72.38,
Organic Social,2024041809,55,67,43,40.65671642,0.781818182,4.358208955,,292,63.93,
Organic Social,2024042115,55,69,33,36.17391304,0.6,4.579710145,,316,68.39,
Organic Social,2024042123,55,69,39,44.17391304,0.709090909,5.884057971,,406,59.53,
Organic Social,2024042908,55,64,37,35.015625,0.672727273,5.09375,,326,61.54,
Referral,2024040920,55,66,42,66.04545455,0.763636364,5.439393939,,359,70.95,
Referral,2024041015,55,68,43,54.19117647,0.781818182,5.558823529,,378,34.98,
Referral,2024041019,55,62,46,117.6935484,0.836363636,6.080645161,,377,49.37,
Referral,2024041312,55,61,44,98.80327869,0.8,8.803278689,,537,33.27,
Referral,2024041510,55,60,47,87.1,0.854545455,6.383333333,,383,79.26,
Referral,2024041513,55,64,45,112.9375,0.818181818,4.9375,,316,76.64,
Referral,2024041619,55,62,46,124.983871,0.836363636,6.5,,403,22.37,
Referral,2024041823,55,62,40,63.82258065,0.727272727,5.177419355,,321,62.33,
Referral,2024042322,55,61,44,77.93442623,0.8,6.016393443,,367,75.51,
Referral,2024042916,55,60,43,89.56666667,0.781818182,6.516666667,,391,30.83,
Referral,2024042919,55,64,44,50.65625,0.8,4.53125,,290,54.08,
Referral,2024043018,55,62,41,28.14516129,0.745454545,4.209677419,,261,74.93,
Referral,2024050115,55,60,48,62.7,0.872727273,5.3,,318,22.04,
Referral,2024050309,55,59,38,43.10169492,0.690909091,4.847457627,,286,61.85,
Referral,2024050316,55,59,42,107.4745763,0.763636364,5.169491525,,305,37.84,
Direct,2024040717,54,68,26,30.20588235,0.481481481,4.147058824,,282,75.46,
Direct,2024040723,54,64,28,56.546875,0.518518519,3.953125,,253,78.26,
Direct,2024041417,54,67,27,45.92537313,0.5,4.149253731,,278,76.66,
Direct,2024041815,54,64,36,68.46875,0.666666667,4.546875,,291,48.45,
Direct,2024041917,54,67,30,27.91044776,0.555555556,3.567164179,,239,71.72,
Direct,2024042020,54,60,28,42.46666667,0.518518519,4.416666667,,265,70.67,
Direct,2024042212,54,66,36,40.74242424,0.666666667,3.742424242,,247,39.15,
Direct,2024042415,54,65,35,50.16923077,0.648148148,5.4,,351,69.73,
Direct,2024042421,54,68,35,46.64705882,0.648148148,4.794117647,,326,22.22,
Direct,2024042618,54,66,38,70.01515152,0.703703704,4.378787879,,289,55.78,
Direct,2024042910,54,63,30,46.6031746,0.555555556,4.650793651,,293,33.8,
Direct,2024050213,54,68,26,73.61764706,0.481481481,4.676470588,,318,27.23,
Organic Search,2024040822,54,66,39,69.87878788,0.722222222,4.53030303,,299,24.62,
Organic Search,2024041114,54,71,38,48.21126761,0.703703704,4.295774648,,305,61.78,
Organic Search,2024041211,54,62,37,50.51612903,0.685185185,3.951612903,,245,40.39,
Organic Search,2024041317,54,67,36,40.95522388,0.666666667,3.850746269,,258,63.49,
Organic Search,2024041318,54,64,35,44.546875,0.648148148,3.875,,248,23.92,
Organic Search,2024041612,54,64,32,43.171875,0.592592593,3.921875,,251,38.92,
Organic Search,2024042413,54,65,40,51.09230769,0.740740741,4.846153846,,315,52.37,
Organic Search,2024042421,54,57,36,35.63157895,0.666666667,4.280701754,,244,67.44,
Organic Search,2024042615,54,58,38,194.4827586,0.703703704,4.034482759,,234,39.13,
Organic Search,2024042621,54,58,34,39.46551724,0.62962963,4.155172414,,241,57.55,
Organic Search,2024050116,54,62,29,42.12903226,0.537037037,4.435483871,,275,73.16,
Organic Search,2024050213,54,67,43,39.13432836,0.796296296,3.880597015,,260,56.95,
Organic Social,2024041023,54,70,30,54.12857143,0.555555556,4.8,,336,33.98,
Organic Social,2024042119,54,67,42,54.71641791,0.777777778,5.388059701,,361,21.46,
Organic Social,2024042120,54,62,36,47.53225806,0.666666667,4.758064516,,295,72.21,
Organic Social,2024042722,54,69,35,27.55072464,0.648148148,4.115942029,,284,21.28,
Organic Social,2024050303,54,64,42,67.90625,0.777777778,5.59375,,358,72.48,
Referral,2024040721,54,59,39,76.30508475,0.722222222,5.355932203,,316,51.74,
Referral,2024040914,54,57,43,172.5789474,0.796296296,7.456140351,,425,76.34,
Referral,2024041211,54,61,37,69.6557377,0.685185185,5.475409836,,334,67.93,
Referral,2024041721,54,68,43,87.44117647,0.796296296,5.823529412,,396,79.88,
Referral,2024042219,54,65,43,112.4461538,0.796296296,5.476923077,,356,41.04,
Referral,2024042911,54,63,43,94.93650794,0.796296296,5.968253968,,376,66.03,
Direct,2024040611,53,63,36,41.28571429,0.679245283,4.746031746,,299,44.12,
Direct,2024040813,53,63,34,38.82539683,0.641509434,4.111111111,,259,48.79,
Direct,2024041017,53,64,29,86.546875,0.547169811,4.90625,,314,57.65,
Direct,2024041208,53,64,28,44.25,0.528301887,4.15625,,266,72.42,
Direct,2024041300,53,68,28,37.30882353,0.528301887,4.161764706,,283,79.05,
Direct,2024041311,53,63,34,60.34920635,0.641509434,4.80952381,,303,66.1,
Direct,2024041316,53,67,29,26.53731343,0.547169811,3.388059701,,227,45.07,
Direct,2024041400,53,73,36,30.19178082,0.679245283,3.849315068,,281,45.28,
Direct,2024041511,53,64,28,44.0625,0.528301887,5.4375,,348,64.25,
Direct,2024041615,53,68,38,31,0.716981132,4.382352941,,298,34.33,
Direct,2024041909,53,66,28,20.43939394,0.528301887,3.696969697,,244,26.63,
Direct,2024042219,53,64,29,39.4375,0.547169811,4.171875,,267,41.28,
Direct,2024042610,53,68,38,68.14705882,0.716981132,4.558823529,,310,37.23,
Direct,2024050216,53,65,34,39.63076923,0.641509434,4.030769231,,262,37.78,
Organic Search,2024041013,53,69,36,56.23188406,0.679245283,4.768115942,,329,34.02,
Organic Search,2024041014,53,63,38,30,0.716981132,3.428571429,,216,22.53,
Organic Search,2024041021,53,59,36,47.6779661,0.679245283,4.559322034,,269,21.07,
Organic Search,2024041112,53,59,34,71.83050847,0.641509434,3.694915254,,218,79.26,
Organic Search,2024041219,53,65,41,49.53846154,0.773584906,3.676923077,,239,45.67,
Organic Search,2024041221,53,63,35,37.23809524,0.660377358,3.444444444,,217,43.06,
Organic Search,2024041314,53,59,40,57.54237288,0.754716981,5,,295,60.78,
Organic Search,2024041610,53,64,39,74.796875,0.735849057,5.109375,,327,33.1,
Organic Search,2024041901,53,70,37,26.11428571,0.698113208,3.428571429,,240,77,
Organic Search,2024042710,53,57,33,33.29824561,0.622641509,4.192982456,,239,67.18,
Organic Social,2024041002,53,75,35,67.4,0.660377358,4.386666667,,329,25.36,
Organic Social,2024041622,53,60,38,60.36666667,0.716981132,5.516666667,,331,45.05,
Organic Social,2024041723,53,59,41,63.57627119,0.773584906,7.542372881,,445,72.75,
Organic Social,2024041908,53,67,30,35.3880597,0.566037736,4.179104478,,280,76.68,
Organic Social,2024042209,53,74,36,50.44594595,0.679245283,5.013513514,,371,48.04,
Referral,2024040723,53,61,40,71.42622951,0.754716981,5.06557377,,309,56.8,
Referral,2024040812,53,66,38,123.7727273,0.716981132,4.575757576,,302,30.02,
Referral,2024040912,53,61,40,93.45901639,0.754716981,6.081967213,,371,79.47,
Referral,2024041210,53,67,44,68.35820896,0.830188679,6.134328358,,411,33.9,
Referral,2024041511,53,60,43,100.55,0.811320755,5.2,,312,76.56,
Referral,2024041515,53,59,43,297.2033898,0.811320755,6.101694915,,360,58.98,
Referral,2024042020,53,61,37,103.7377049,0.698113208,5.967213115,,364,56.46,
Referral,2024042021,53,57,42,106.1052632,0.79245283,8.01754386,,457,50.76,
Referral,2024042422,53,66,38,95.13636364,0.716981132,4.878787879,,322,33.84,
Referral,2024042516,53,59,42,114.779661,0.79245283,6.237288136,,368,30.59,
Referral,2024042722,53,58,42,81.65517241,0.79245283,5.913793103,,343,33.23,
Referral,2024042821,53,61,41,81.09836066,0.773584906,6.114754098,,373,31.19,
Referral,2024043019,53,63,45,51.03174603,0.849056604,5.301587302,,334,66.78,
Direct,2024040621,52,63,32,72.50793651,0.615384615,5.380952381,,339,41.01,
Direct,2024040917,52,58,27,52.10344828,0.519230769,3.913793103,,227,23.47,
Direct,2024040922,52,62,33,70.66129032,0.634615385,4.258064516,,264,78.15,
Direct,2024041216,52,67,32,40,0.615384615,4.223880597,,283,73.03,
Direct,2024041320,52,57,29,56.63157895,0.557692308,4.877192982,,278,75.67,
Direct,2024041522,52,68,31,43.47058824,0.596153846,4.044117647,,275,79.69,
Direct,2024041613,52,56,28,34.375,0.538461538,3.732142857,,209,30.43,
Direct,2024041913,52,68,33,21.05882353,0.634615385,3.647058824,,248,43.77,
Direct,2024042218,52,64,31,38.359375,0.596153846,4.78125,,306,65.49,
Direct,2024042422,52,68,25,46.60294118,0.480769231,3.441176471,,234,61.76,
Direct,2024042611,52,67,32,31.7761194,0.615384615,3.850746269,,258,29.23,
Direct,2024050320,52,68,26,45.19117647,0.5,4.176470588,,284,68.95,
Organic Search,2024040611,52,64,44,41.515625,0.846153846,3.953125,,253,33.47,
Organic Search,2024040809,52,63,33,33.58730159,0.634615385,3.682539683,,232,33.43,
Organic Search,2024041020,52,70,34,65.35714286,0.653846154,3.814285714,,267,52.22,
Organic Search,2024041218,52,63,33,30.93650794,0.634615385,4.095238095,,258,55.58,
Organic Search,2024041417,52,64,42,55.109375,0.807692308,3.953125,,253,54.81,
Organic Search,2024042320,52,63,39,23.41269841,0.75,3.428571429,,216,25.49,
Organic Search,2024042412,52,57,38,49.87719298,0.730769231,4.543859649,,259,72.65,
Organic Search,2024042820,52,62,37,53.88709677,0.711538462,4.693548387,,291,35.94,
Organic Search,2024042916,52,58,38,34.34482759,0.730769231,3.74137931,,217,27.77,
Organic Search,2024043010,52,59,31,38.05084746,0.596153846,4.084745763,,241,73.32,
Organic Search,2024050310,52,57,39,52.43859649,0.75,4.684210526,,267,77.34,
Organic Social,2024041502,52,58,38,57.03448276,0.730769231,5.293103448,,307,71.73,
Organic Social,2024041602,52,69,35,114.7681159,0.673076923,4.608695652,,318,68.57,
Organic Social,2024042202,52,61,31,43.63934426,0.596153846,4.491803279,,274,59.31,
Organic Social,2024042308,52,59,34,53.86440678,0.653846154,5.016949153,,296,53.05,
Organic Social,2024050101,52,78,36,50.47435897,0.692307692,4.051282051,,316,25.22,
Organic Social,2024050208,52,66,33,23.48484848,0.634615385,4.075757576,,269,44.51,
Organic Social,2024050302,52,63,35,32.31746032,0.673076923,4.841269841,,305,42.36,
Referral,2024040719,52,57,38,81.03508772,0.730769231,6.01754386,,343,35.59,
Referral,2024040822,52,64,34,82,0.653846154,4.578125,,293,63.41,
Referral,2024041013,52,60,39,97.61666667,0.75,5.816666667,,349,49.75,
Referral,2024041114,52,61,36,74.1147541,0.692307692,4.278688525,,261,24.86,
Referral,2024041212,52,60,44,69.13333333,0.846153846,5.233333333,,314,33.21,
Referral,2024041216,52,63,42,80.52380952,0.807692308,5.555555556,,350,61,
Referral,2024041815,52,60,35,64.53333333,0.673076923,5.25,,315,24.57,
Referral,2024041820,52,61,31,39.52459016,0.596153846,4.37704918,,267,71.07,
Referral,2024041916,52,57,44,92.05263158,0.846153846,5.105263158,,291,49.71,
Referral,2024042221,52,62,40,115.6612903,0.769230769,7.370967742,,457,48.84,
Referral,2024042222,52,65,40,79.58461538,0.769230769,6.030769231,,392,55.54,
Referral,2024042314,52,62,42,259.0645161,0.807692308,5.64516129,,350,69.48,
Referral,2024042318,52,61,44,131.9180328,0.846153846,7.147540984,,436,40.87,
Referral,2024042411,52,57,47,122.4561404,0.903846154,6.789473684,,387,60.68,
Referral,2024042523,52,60,39,63,0.75,5.95,,357,53.94,
Referral,2024042610,52,59,48,70.96610169,0.923076923,5.661016949,,334,36.02,
Referral,2024042820,52,59,43,98.57627119,0.826923077,6.322033898,,373,72.72,
Referral,2024042910,52,61,39,99.01639344,0.75,5.770491803,,352,67.85,
Referral,2024050207,52,58,37,100.8103448,0.711538462,4.206896552,,244,59.51,
Direct,2024041015,51,62,29,26.41935484,0.568627451,3.741935484,,232,71.03,
Direct,2024041023,51,61,22,45.09836066,0.431372549,4.016393443,,245,72.04,
Direct,2024041113,51,69,30,67.57971014,0.588235294,4.043478261,,279,62.5,
Direct,2024041114,51,56,22,66.125,0.431372549,4.982142857,,279,70.22,
Direct,2024041117,51,59,28,68.91525424,0.549019608,5.661016949,,334,61.85,
Direct,2024041220,51,65,32,49.2,0.62745098,4.276923077,,278,60.81,
Direct,2024041319,51,71,31,35.33802817,0.607843137,3.690140845,,262,57.12,
Direct,2024041809,51,55,28,35.8,0.549019608,4.254545455,,234,65.16,
Direct,2024041922,51,66,30,50.8030303,0.588235294,4.075757576,,269,29.52,
Direct,2024042012,51,67,27,60.04477612,0.529411765,4.388059701,,294,72.85,
Direct,2024042119,51,62,24,43.91935484,0.470588235,3.564516129,,221,72.31,
Direct,2024042315,51,60,32,45.21666667,0.62745098,4.316666667,,259,21.75,
Direct,2024042420,51,61,33,63.39344262,0.647058824,5.081967213,,310,69.55,
Direct,2024042600,51,64,38,58.46875,0.745098039,4.828125,,309,27.73,
Direct,2024042913,51,65,32,50.6,0.62745098,4.769230769,,310,40.11,
Direct,2024050114,51,62,28,46.61290323,0.549019608,3.903225806,,242,64.61,
Direct,2024050312,51,63,29,13.17460317,0.568627451,3.492063492,,220,29.65,
Organic Search,2024040614,51,56,40,78.41071429,0.784313725,4.392857143,,246,69.08,
Organic Search,2024040817,51,55,40,27.38181818,0.784313725,4.272727273,,235,69.93,
Organic Search,2024040917,51,59,35,28.83050847,0.68627451,4.322033898,,255,50.45,
Organic Search,2024041315,51,60,35,46.58333333,0.68627451,4.333333333,,260,20.38,
Organic Search,2024041321,51,60,28,32.96666667,0.549019608,3.433333333,,206,37.22,
Organic Search,2024041508,51,61,33,25.75409836,0.647058824,3.803278689,,232,57.02,
Organic Search,2024041909,51,60,36,68.73333333,0.705882353,4.05,,243,78.87,
Organic Search,2024042121,51,57,30,39.07017544,0.588235294,3.456140351,,197,57.91,
Organic Search,2024042122,51,65,40,44.67692308,0.784313725,4.030769231,,262,35.59,
Organic Search,2024042318,51,62,33,44.32258065,0.647058824,4.435483871,,275,58.04,
Organic Search,2024042516,51,58,37,46.9137931,0.725490196,4.379310345,,254,52.4,
Organic Search,2024042911,51,61,38,48.2295082,0.745098039,4.655737705,,284,66.79,
Organic Social,2024040909,51,67,37,55.91044776,0.725490196,5.119402985,,343,26.42,
Organic Social,2024041309,51,73,39,39.56164384,0.764705882,4.02739726,,294,65.66,
Organic Social,2024041802,51,68,35,58.44117647,0.68627451,4.235294118,,288,52.48,
Referral,2024040712,51,58,43,63.39655172,0.843137255,6.5,,377,77.78,
Referral,2024040720,51,66,42,103.9545455,0.823529412,5.272727273,,348,40.51,
Referral,2024040811,51,60,44,87.7,0.862745098,5.816666667,,349,57.96,
Referral,2024040818,51,56,39,61.07142857,0.764705882,5.821428571,,326,75.92,
Referral,2024041113,51,57,42,71.54385965,0.823529412,5.684210526,,324,26.15,
Referral,2024041119,51,58,39,71.20689655,0.764705882,8.586206897,,498,76.23,
Referral,2024041618,51,62,37,52.61290323,0.725490196,4.806451613,,298,61.27,
Referral,2024041719,51,62,37,51.72580645,0.725490196,4.129032258,,256,24.07,
Referral,2024041816,51,64,40,93.59375,0.784313725,5.953125,,381,38.06,
Referral,2024041913,51,59,44,62.10169492,0.862745098,5.033898305,,297,62.49,
Referral,2024042217,51,62,40,63.25806452,0.784313725,5.467741935,,339,24.04,
Referral,2024042416,51,58,43,87.81034483,0.843137255,6.413793103,,372,54.93,
Referral,2024042617,51,61,42,77.16393443,0.823529412,5.868852459,,358,40.75,
Referral,2024042711,51,60,46,103.55,0.901960784,6.75,,405,57.25,
Direct,2024040721,50,67,21,33.98507463,0.42,4.253731343,,285,22.74,
Direct,2024041000,50,74,24,40.74324324,0.48,3.486486486,,258,72.29,
Direct,2024041022,50,56,32,42.91071429,0.64,4.553571429,,255,78.41,
Direct,2024041116,50,56,22,69.67857143,0.44,4.25,,238,78.13,
Direct,2024041222,50,61,32,20.24590164,0.64,3.31147541,,202,64.98,
Direct,2024041312,50,63,34,46.01587302,0.68,4.920634921,,310,27.81,
Direct,2024041412,50,60,27,27.36666667,0.54,3.65,,219,65.5,
Direct,2024041900,50,68,32,89.16176471,0.64,3.691176471,,251,21.48,
Direct,2024042919,50,66,33,211.6060606,0.66,4.333333333,,286,21.33,
Direct,2024050214,50,63,27,127.7142857,0.54,4.920634921,,310,39.42,
Organic Search,2024040923,50,59,31,43.23728814,0.62,3.86440678,,228,49.32,
Organic Search,2024041411,50,55,33,40.49090909,0.66,3.890909091,,214,66.22,
Organic Search,2024041902,50,56,36,24.21428571,0.72,3.875,,217,61,
Organic Search,2024042016,50,58,40,35.74137931,0.8,4.293103448,,249,46.75,
Organic Search,2024042021,50,58,35,48.81034483,0.7,5.655172414,,328,36.42,
Organic Search,2024042520,50,54,35,58.53703704,0.7,3.981481481,,215,79.83,
Organic Search,2024042720,50,58,36,40.86206897,0.72,4.051724138,,235,45.57,
Organic Search,2024050319,50,61,30,22.54098361,0.6,3.590163934,,219,47.08,
Organic Social,2024041406,50,61,32,16.21311475,0.64,3.836065574,,234,29.82,
Organic Social,2024042323,50,55,32,79.87272727,0.64,5.909090909,,325,67.69,
Organic Social,2024042608,50,65,33,35.07692308,0.66,4.215384615,,274,61.62,
Referral,2024040611,50,55,39,63.23636364,0.78,6.127272727,,337,33.25,
Referral,2024040813,50,55,40,88.18181818,0.8,6.545454545,,360,24.94,
Referral,2024040817,50,55,37,158.1818182,0.74,5.254545455,,289,60.83,
Referral,2024041810,50,60,39,83.53333333,0.78,6.033333333,,362,59.27,
Referral,2024041818,50,61,38,89.83606557,0.76,5.573770492,,340,36.4,
Referral,2024042019,50,55,41,51.98181818,0.82,6.272727273,,345,77.05,
Referral,2024042119,50,57,35,47.26315789,0.7,4.929824561,,281,29.06,
Referral,2024042218,50,60,39,71.33333333,0.78,5.533333333,,332,45.94,
Referral,2024042519,50,58,39,74.94827586,0.78,6.25862069,,363,76.62,
Referral,2024042522,50,59,42,60.01694915,0.84,5.966101695,,352,45.18,
Referral,2024042714,50,55,37,94.67272727,0.74,7.854545455,,432,58.31,
Referral,2024043009,50,58,35,64.87931034,0.7,4.517241379,,262,43.86,
Referral,2024043020,50,60,41,44.03333333,0.82,4.266666667,,256,36.45,
Referral,2024050315,50,57,40,111.7192982,0.8,5.631578947,,321,79.04,
Direct,2024040610,49,60,24,45.33333333,0.489795918,5.1,,306,44.56,
Direct,2024041416,49,60,22,36.61666667,0.448979592,4.1,,246,73.65,
Direct,2024041523,49,63,27,22.61904762,0.551020408,3.111111111,,196,33.8,
Direct,2024041811,49,64,28,87.09375,0.571428571,3.96875,,254,32.79,
Direct,2024043022,49,66,25,65.28787879,0.510204082,4.303030303,,284,21.87,
Direct,2024050115,49,64,21,28.8125,0.428571429,4.03125,,258,59.1,
Direct,2024050209,49,61,29,77.80327869,0.591836735,4.606557377,,281,42.11,
Direct,2024050322,49,59,27,67.52542373,0.551020408,4.084745763,,241,71.86,
Organic Search,2024040616,49,61,31,33.3442623,0.632653061,3.967213115,,242,48.39,
Organic Search,2024040911,49,53,38,44.47169811,0.775510204,4.264150943,,226,78.09,
Organic Search,2024040916,49,54,37,64.44444444,0.755102041,3.87037037,,209,31.13,
Organic Search,2024041115,49,57,33,31.84210526,0.673469388,3.385964912,,193,72.12,
Organic Search,2024041217,49,58,35,65.25862069,0.714285714,4.051724138,,235,66.6,
Organic Search,2024041416,49,54,38,43.46296296,0.775510204,5.074074074,,274,66.26,
Organic Search,2024041523,49,59,32,29.91525424,0.653061224,3.389830508,,200,70.69,
Organic Search,2024041700,49,60,37,56.8,0.755102041,4.1,,246,65.66,
Organic Search,2024042309,49,58,34,36.67241379,0.693877551,4.568965517,,265,57.57,
Organic Search,2024042521,49,64,31,42.6875,0.632653061,3.546875,,227,27.87,
Organic Search,2024042910,49,60,31,33.68333333,0.632653061,4.033333333,,242,21.95,
Organic Search,2024043022,49,59,33,57.13559322,0.673469388,4.152542373,,245,75.25,
Organic Search,2024050118,49,54,34,66.16666667,0.693877551,4.777777778,,258,57,
Organic Search,2024050313,49,54,30,38.98148148,0.612244898,4,,216,67.79,
Organic Social,2024040923,49,65,34,85.95384615,0.693877551,5.8,,377,48.89,
Organic Social,2024041008,49,74,33,28.02702703,0.673469388,3.932432432,,291,27.04,
Organic Social,2024041021,49,69,33,64.04347826,0.673469388,4.405797101,,304,27.51,
Organic Social,2024041601,49,74,32,43.55405405,0.653061224,4.189189189,,310,61.13,
Organic Social,2024041702,49,69,31,70.02898551,0.632653061,5.47826087,,378,45.82,
Organic Social,2024041706,49,69,28,24.52173913,0.571428571,3.884057971,,268,32.03,
Organic Social,2024041808,49,63,35,29.3015873,0.714285714,4.761904762,,300,49.5,
Organic Social,2024043008,49,56,34,36.57142857,0.693877551,5.267857143,,295,23.85,
Referral,2024040622,49,54,37,115.6296296,0.755102041,8.018518519,,433,54.92,
Referral,2024040716,49,55,40,63.89090909,0.816326531,5.072727273,,279,36.14,
Referral,2024040819,49,56,41,61.35714286,0.836734694,5.839285714,,327,67.85,
Referral,2024041111,49,58,42,144.7931034,0.857142857,6.293103448,,365,38.62,
Referral,2024041115,49,57,32,49.68421053,0.653061224,5.526315789,,315,47.31,
Referral,2024041217,49,55,39,79.70909091,0.795918367,4.981818182,,274,20.7,
Referral,2024041322,49,60,37,57.56666667,0.755102041,5.066666667,,304,24.35,
Referral,2024041612,49,59,40,104.9661017,0.816326531,5.593220339,,330,43.55,
Referral,2024041616,49,58,40,87.25862069,0.816326531,6.913793103,,401,48.8,
Referral,2024041714,49,55,38,107.3454545,0.775510204,6.272727273,,345,56,
Referral,2024042220,49,58,40,98.93103448,0.816326531,5.844827586,,339,37.5,
Referral,2024042417,49,57,38,136.877193,0.775510204,6.894736842,,393,61.7,
Referral,2024042500,49,61,40,44.49180328,0.816326531,5.344262295,,326,71.61,
Referral,2024042513,49,55,39,55,0.795918367,5.563636364,,306,66.79,
Referral,2024042517,49,59,35,90.50847458,0.714285714,5.474576271,,323,22.38,
Referral,2024042612,49,53,39,104.1698113,0.795918367,6.132075472,,325,48.83,
Referral,2024042622,49,55,36,84.61818182,0.734693878,6.4,,352,26.3,
Referral,2024042917,49,58,38,53.39655172,0.775510204,4.379310345,,254,34.52,
Direct,2024040817,48,60,25,54.46666667,0.520833333,4.9,,294,79.2,
Direct,2024040915,48,60,31,47.48333333,0.645833333,4.183333333,,251,28.55,
Direct,2024040916,48,62,35,37.74193548,0.729166667,4.35483871,,270,49.93,
Direct,2024041217,48,61,31,37,0.645833333,3.885245902,,237,57.09,
Direct,2024041415,48,58,34,42.36206897,0.708333333,5.103448276,,296,62.15,
Direct,2024041510,48,63,29,33.74603175,0.604166667,3.873015873,,244,53.58,
Direct,2024042019,48,60,27,15.8,0.5625,3.35,,201,20.59,
Direct,2024042309,48,60,29,41.7,0.604166667,4.233333333,,254,39.59,
Direct,2024042700,48,58,36,64.74137931,0.75,4.75862069,,276,51.06,
Direct,2024042911,48,59,32,41.86440678,0.666666667,3.627118644,,214,25.27,
Direct,2024042915,48,57,26,52.33333333,0.541666667,3.789473684,,216,41.04,
Organic Search,2024041312,48,59,29,37.44067797,0.604166667,4,,236,21.99,
Organic Search,2024041419,48,59,31,41.52542373,0.645833333,3.440677966,,203,24.71,
Organic Search,2024041422,48,60,33,20.96666667,0.6875,3.566666667,,214,43.82,
Organic Search,2024041509,48,57,28,30.80701754,0.583333333,4.333333333,,247,27.96,
Organic Search,2024042010,48,55,33,42.2,0.6875,4.2,,231,54.05,
Organic Search,2024042018,48,53,28,56.94339623,0.583333333,4.245283019,,225,61.37,
Organic Search,2024042722,48,57,35,34.77192982,0.729166667,4.122807018,,235,68.04,
Organic Search,2024042822,48,59,24,35.61016949,0.5,3.322033898,,196,32.01,
Organic Search,2024043023,48,54,30,71.53703704,0.625,4.777777778,,258,30.05,
Organic Social,2024040707,48,60,33,35.03333333,0.6875,4.683333333,,281,26.27,
Organic Social,2024041018,48,75,42,139.4,0.875,5.52,,414,58.19,
Organic Social,2024041206,48,62,30,57.43548387,0.625,5.516129032,,342,62.39,
Organic Social,2024041508,48,62,33,20.75806452,0.6875,4.35483871,,270,21.9,
Organic Social,2024042208,48,63,30,25.98412698,0.625,4.365079365,,275,76.17,
Organic Social,2024050102,48,65,28,21.21538462,0.583333333,3.646153846,,237,23.12,
Organic Social,2024050201,48,61,36,31.96721311,0.75,4.426229508,,270,52.48,
Organic Social,2024050307,48,61,34,19.24590164,0.708333333,4.62295082,,282,62.54,
Referral,2024040711,48,50,38,109.16,0.791666667,6.64,,332,72.26,
Referral,2024040911,48,63,38,53.82539683,0.791666667,4.888888889,,308,62.85,
Referral,2024041110,48,55,41,89.18181818,0.854166667,5.145454545,,283,68.1,
Referral,2024041219,48,52,41,147.9423077,0.854166667,9.903846154,,515,40.37,
Referral,2024041313,48,55,39,120.2363636,0.8125,6.727272727,,370,68.89,
Referral,2024041614,48,58,37,82.46551724,0.770833333,5.017241379,,291,24.81,
Referral,2024041921,48,54,41,71.12962963,0.854166667,5.203703704,,281,73.69,
Referral,2024042015,48,59,35,87.76271186,0.729166667,6.118644068,,361,52.86,
Referral,2024042122,48,54,31,148.6851852,0.645833333,4.833333333,,261,69.04,
Referral,2024042216,48,53,31,100.4528302,0.645833333,5.20754717,,276,47.14,
Referral,2024042613,48,54,36,86.46296296,0.75,5.314814815,,287,58.61,
Referral,2024042623,48,55,35,119.6545455,0.729166667,7.090909091,,390,51.58,
Referral,2024042716,48,55,35,85.94545455,0.729166667,6.290909091,,346,63.9,
Referral,2024042817,48,54,40,142.0925926,0.833333333,5.62962963,,304,24.9,
Direct,2024040612,47,53,27,58.98113208,0.574468085,4.830188679,,256,23.62,
Direct,2024040619,47,57,24,16.50877193,0.510638298,4.245614035,,242,34.83,
Direct,2024041014,47,57,27,40.05263158,0.574468085,3.771929825,,215,29.57,
Direct,2024041409,47,57,22,22.80701754,0.468085106,3.807017544,,217,72.31,
Direct,2024042000,47,60,31,52.51666667,0.659574468,4.733333333,,284,33.15,
Direct,2024042110,47,54,33,60.83333333,0.70212766,4.833333333,,261,78.55,
Direct,2024042223,47,61,24,26.44262295,0.510638298,3.098360656,,189,40.21,
Direct,2024042513,47,56,25,54.125,0.531914894,3.928571429,,220,30.93,
Direct,2024042615,47,64,35,51.75,0.744680851,3.84375,,246,67.38,
Direct,2024042717,47,52,22,27.03846154,0.468085106,3.807692308,,198,59.52,
Organic Search,2024040600,47,56,41,62.64285714,0.872340426,4.25,,238,49.89,
Organic Search,2024040721,47,59,32,43.45762712,0.680851064,4.033898305,,238,53.32,
Organic Search,2024041022,47,57,37,56.07017544,0.787234043,6.50877193,,371,63.15,
Organic Search,2024041023,47,53,33,38.37735849,0.70212766,5.245283019,,278,33.71,
Organic Search,2024041111,47,55,28,23.16363636,0.595744681,3.418181818,,188,79.78,
Organic Search,2024042022,47,55,35,75.4,0.744680851,4.363636364,,240,78.49,
Organic Search,2024042617,47,54,33,77.53703704,0.70212766,4.240740741,,229,59.02,
Organic Search,2024042818,47,57,37,34.9122807,0.787234043,4.087719298,,233,31.97,
Organic Search,2024042819,47,54,35,48.98148148,0.744680851,4.481481481,,242,60.81,
Organic Search,2024042917,47,55,32,34.10909091,0.680851064,3.781818182,,208,24.33,
Organic Search,2024050315,47,51,34,67.07843137,0.723404255,4.019607843,,205,21.84,
Organic Social,2024041204,47,58,26,23.65517241,0.553191489,4.051724138,,235,35.46,
Organic Social,2024042100,47,63,36,55.11111111,0.765957447,5.777777778,,364,47.76,
Organic Social,2024042609,47,58,36,48.77586207,0.765957447,5.465517241,,317,72.1,
Referral,2024040613,47,52,42,97.51923077,0.893617021,5.346153846,,278,63.63,
Referral,2024040913,47,54,41,89.81481481,0.872340426,6.777777778,,366,64.56,
Referral,2024041016,47,53,34,82.96226415,0.723404255,5.962264151,,316,45.53,
Referral,2024041017,47,56,30,106.6071429,0.638297872,5.375,,301,40.76,
Referral,2024041520,47,54,37,165.6851852,0.787234043,5.555555556,,300,42.26,
Referral,2024041620,47,55,36,78.01818182,0.765957447,6.654545455,,366,79.26,
Referral,2024041722,47,59,40,65,0.85106383,6.508474576,,384,22.41,
Referral,2024042012,47,58,38,53.87931034,0.808510638,4.672413793,,271,72.02,
Referral,2024042016,47,52,43,161.5192308,0.914893617,7.519230769,,391,54.72,
Referral,2024042120,47,55,33,85.85454545,0.70212766,5.472727273,,301,46.32,
Referral,2024042214,47,54,37,99.2962963,0.787234043,5.388888889,,291,63.52,
Referral,2024042309,47,62,38,54.01612903,0.808510638,5.14516129,,319,49.2,
Referral,2024042521,47,56,31,106.6785714,0.659574468,6.107142857,,342,72.41,
Referral,2024042713,47,52,40,87.86538462,0.85106383,6.769230769,,352,74.04,
Referral,2024050109,47,55,33,77,0.70212766,5.763636364,,317,45.3,
Direct,2024040713,46,56,33,77.46428571,0.717391304,4.928571429,,276,36.61,
Direct,2024041016,46,58,27,30.72413793,0.586956522,3.517241379,,204,55.54,
Direct,2024041801,46,56,33,49.625,0.717391304,4.892857143,,274,74.74,
Direct,2024042213,46,61,28,42.36065574,0.608695652,3.737704918,,228,32.64,
Direct,2024042423,46,52,23,57.82692308,0.5,4.519230769,,235,57.38,
Direct,2024042916,46,58,29,72.22413793,0.630434783,5.534482759,,321,57.89,
Direct,2024050111,46,57,23,41.03508772,0.5,3.789473684,,216,63.99,
Organic Search,2024040618,46,50,30,40.58,0.652173913,3.98,,199,27.89,
Organic Search,2024040620,46,54,36,55.33333333,0.782608696,4.481481481,,242,62.95,
Organic Search,2024041015,46,56,33,18.89285714,0.717391304,3.785714286,,212,74.54,
Organic Search,2024041113,46,54,31,40.53703704,0.673913043,4.148148148,,224,30.78,
Organic Search,2024041916,46,58,27,43.9137931,0.586956522,3.913793103,,227,34.25,
Organic Search,2024042118,46,55,34,38.23636364,0.739130435,3.8,,209,78.28,
Organic Search,2024042410,46,54,34,37.03703704,0.739130435,3.925925926,,212,30.86,
Organic Search,2024043018,46,53,30,70.30188679,0.652173913,4.283018868,,227,71.26,
Organic Search,2024050219,46,55,29,55.29090909,0.630434783,6.472727273,,356,49.54,
Organic Search,2024050223,46,51,23,40.76470588,0.5,3.392156863,,173,34.83,
Organic Social,2024040602,46,56,33,51.35714286,0.717391304,4.696428571,,263,72.24,
Organic Social,2024041007,46,73,24,35.71232877,0.52173913,3.356164384,,245,46.72,
Organic Social,2024041102,46,57,30,42.66666667,0.652173913,4.649122807,,265,50.89,
Organic Social,2024041207,46,58,32,29.37931034,0.695652174,4.155172414,,241,41.55,
Organic Social,2024041907,46,68,26,38.11764706,0.565217391,4.367647059,,297,55.58,
Organic Social,2024042301,46,54,32,61.75925926,0.695652174,5.703703704,,308,29.81,
Organic Social,2024042407,46,61,33,65.72131148,0.717391304,4.344262295,,265,43.46,
Organic Social,2024043007,46,60,28,22.33333333,0.608695652,4.2,,252,78.16,
Organic Social,2024050306,46,57,32,36.59649123,0.695652174,4.49122807,,256,35.49,
Referral,2024041022,46,55,31,59.36363636,0.673913043,5.618181818,,309,59.4,
Referral,2024041118,46,56,34,43.10714286,0.739130435,4.946428571,,277,39.51,
Referral,2024041213,46,54,37,84.12962963,0.804347826,5.888888889,,318,66.41,
Referral,2024041318,46,54,41,88.35185185,0.891304348,5.592592593,,302,27.85,
Referral,2024041413,46,57,37,91.14035088,0.804347826,5.122807018,,292,78.19,
Referral,2024041522,46,57,35,98.50877193,0.760869565,4.473684211,,255,47.23,
Referral,2024041610,46,57,27,29.66666667,0.586956522,4.070175439,,232,34.16,
Referral,2024041712,46,54,33,113.962963,0.717391304,5.814814815,,314,24.41,
Referral,2024042121,46,53,34,49.33962264,0.739130435,5.471698113,,290,30.19,
Referral,2024042419,46,53,39,73.01886792,0.847826087,5.773584906,,306,51.19,
Referral,2024042515,46,54,35,91.94444444,0.760869565,4.759259259,,257,40.22,
Referral,2024042615,46,49,34,154,0.739130435,5.795918367,,284,69.73,
Referral,2024042616,46,53,40,50.96226415,0.869565217,5.245283019,,278,45.85,
Referral,2024042618,46,52,35,49.11538462,0.760869565,5.846153846,,304,34.92,
Direct,2024040814,45,55,22,41.49090909,0.488888889,4.090909091,,225,57.03,
Direct,2024040821,45,59,23,55.16949153,0.511111111,3.491525424,,206,62.41,
Direct,2024040900,45,57,28,58.66666667,0.622222222,4.192982456,,239,30.02,
Direct,2024040901,45,53,31,118.3018868,0.688888889,3.867924528,,205,30.06,
Direct,2024041019,45,59,23,21,0.511111111,3.220338983,,190,22.2,
Direct,2024041313,45,54,20,55.44444444,0.444444444,4.592592593,,248,64.18,
Direct,2024041500,45,66,28,27.36363636,0.622222222,3.560606061,,235,59.83,
Direct,2024041509,45,52,29,71.03846154,0.644444444,4.115384615,,214,48.48,
Direct,2024042210,45,58,32,86.46551724,0.711111111,5.74137931,,333,70.65,
Direct,2024042216,45,57,26,37.98245614,0.577777778,3.649122807,,208,68.34,
Direct,2024042500,45,57,12,29.78947368,0.266666667,3.052631579,,174,55.12,
Direct,2024042814,45,62,26,33.30645161,0.577777778,4.322580645,,268,72.1,
Direct,2024042821,45,59,26,27.66101695,0.577777778,3.830508475,,226,32.35,
Direct,2024050120,45,61,27,49,0.6,5.098360656,,311,26.72,
Organic Search,2024040713,45,53,37,35.81132075,0.822222222,3.943396226,,209,36.18,
Organic Search,2024040722,45,49,38,51.73469388,0.844444444,4.346938776,,213,23.43,
Organic Search,2024040723,45,51,29,26.78431373,0.644444444,3.784313725,,193,51.87,
Organic Search,2024041100,45,59,32,35.83050847,0.711111111,3.898305085,,230,76.2,
Organic Search,2024041123,45,59,26,28.76271186,0.577777778,3.322033898,,196,22.36,
Organic Search,2024041223,45,52,26,63.73076923,0.577777778,5.192307692,,270,27.33,
Organic Search,2024041323,45,50,32,44.6,0.711111111,3.76,,188,47.13,
Organic Search,2024042000,45,52,34,54.01923077,0.755555556,3.769230769,,196,76.03,
Organic Search,2024042013,45,55,31,34.36363636,0.688888889,3.527272727,,194,38.97,
Organic Search,2024042015,45,54,29,40,0.644444444,4.425925926,,239,50.43,
Organic Search,2024042019,45,54,29,30.11111111,0.644444444,4,,216,22.49,
Organic Search,2024042409,45,57,29,43.80701754,0.644444444,3.526315789,,201,28.9,
Organic Search,2024042616,45,54,31,46.42592593,0.688888889,4.518518519,,244,79.2,
Organic Search,2024042715,45,48,28,60.33333333,0.622222222,4.625,,222,77.91,
Organic Search,2024042811,45,51,33,58.39215686,0.733333333,3.549019608,,181,20.3,
Organic Search,2024042821,45,54,35,85.61111111,0.777777778,4.444444444,,240,77.11,
Organic Social,2024040702,45,61,35,52.62295082,0.777777778,5.672131148,,346,58.35,
Organic Social,2024041107,45,57,25,72.40350877,0.555555556,5.052631579,,288,72.08,
Organic Social,2024041402,45,62,29,15.82258065,0.644444444,3.274193548,,203,47.28,
Organic Social,2024042401,45,62,28,40.19354839,0.622222222,4.14516129,,257,50.94,
Referral,2024040621,45,49,34,64.97959184,0.755555556,6.224489796,,305,49.33,
Referral,2024040714,45,50,31,108.52,0.688888889,5.58,,279,60.01,
Referral,2024040717,45,53,35,58.58490566,0.777777778,4.905660377,,260,28.38,
Referral,2024040718,45,49,37,398.6326531,0.822222222,6.142857143,,301,21.8,
Referral,2024040915,45,52,33,105.2115385,0.733333333,6.326923077,,329,38.48,
Referral,2024040917,45,53,31,73.56603774,0.688888889,4.641509434,,246,62.28,
Referral,2024041521,45,52,37,119.0192308,0.822222222,5.134615385,,267,32.11,
Referral,2024041720,45,56,33,93.64285714,0.733333333,5.589285714,,313,60.41,
Referral,2024041812,45,53,36,91.0754717,0.8,4.943396226,,262,78.19,
Referral,2024041915,45,53,34,82.54716981,0.755555556,5.301886792,,281,25.63,
Referral,2024042213,45,57,40,54.54385965,0.888888889,5.070175439,,289,60.36,
Referral,2024042410,45,51,36,36.43137255,0.8,3.803921569,,194,46.63,
Referral,2024042512,45,54,34,110.0740741,0.755555556,5.037037037,,272,72.09,
Referral,2024043008,45,53,35,95.05660377,0.777777778,5.075471698,,269,30.63,
Direct,2024040620,44,50,29,48.06,0.659090909,3.88,,194,61.56,
Direct,2024041118,44,55,28,87.87272727,0.636363636,4.563636364,,251,70.29,
Direct,2024041207,44,50,26,83.2,0.590909091,3.82,,191,76.68,
Direct,2024041600,44,55,22,39.8,0.5,4.472727273,,246,60.99,
Direct,2024042009,44,52,28,42.88461538,0.636363636,4.230769231,,220,49.83,
Direct,2024042022,44,60,28,16.96666667,0.636363636,3.733333333,,224,57.07,
Direct,2024042120,44,59,20,23.18644068,0.454545455,3.694915254,,218,72.13,
Direct,2024042411,44,54,26,33.5,0.590909091,4.259259259,,230,54.24,
Direct,2024042418,44,58,20,71.44827586,0.454545455,4.362068966,,253,21.82,
Direct,2024042723,44,61,29,26.06557377,0.659090909,3.786885246,,231,75.86,
Direct,2024042800,44,56,24,23.78571429,0.545454545,3.267857143,,183,61.37,
Direct,2024042812,44,53,24,45.79245283,0.545454545,4.716981132,,250,60.59,
Direct,2024042813,44,53,27,75.73584906,0.613636364,5.754716981,,305,32.94,
Direct,2024042900,44,58,27,40.29310345,0.613636364,3.603448276,,209,59.53,
Organic Search,2024040612,44,51,28,44.09803922,0.636363636,4.705882353,,240,43.63,
Organic Search,2024040619,44,49,33,62.28571429,0.75,4.408163265,,216,59.07,
Organic Search,2024040716,44,52,35,51.98076923,0.795454545,3.980769231,,207,26.4,
Organic Search,2024041117,44,52,33,61.30769231,0.75,3.961538462,,206,59.47,
Organic Search,2024041200,44,49,32,91.71428571,0.727272727,5.306122449,,260,79.96,
Organic Search,2024041300,44,56,33,57.41071429,0.75,4.410714286,,247,22.89,
Organic Search,2024041608,44,51,21,22.50980392,0.477272727,3.509803922,,179,78.63,
Organic Search,2024041609,44,54,32,80.92592593,0.727272727,3.240740741,,175,44.41,
Organic Search,2024041702,44,49,26,32.32653061,0.590909091,3.816326531,,187,72.25,
Organic Search,2024042011,44,53,31,39.37735849,0.704545455,3.547169811,,188,66.94,
Organic Search,2024042417,44,51,26,51.37254902,0.590909091,4.725490196,,241,54.02,
Organic Search,2024042713,44,48,28,42.8125,0.636363636,4.3125,,207,64.31,
Organic Search,2024042816,44,53,28,50.1509434,0.636363636,4.264150943,,226,72.71,
Organic Search,2024042817,44,50,30,51.54,0.681818182,3.86,,193,44.25,
Organic Search,2024050318,44,52,32,66.69230769,0.727272727,4.442307692,,231,39.62,
Organic Social,2024040801,44,52,28,46.69230769,0.636363636,3.923076923,,204,60.06,
Organic Social,2024040808,44,52,34,56.69230769,0.772727273,5.557692308,,289,68.47,
Organic Social,2024041404,44,54,27,64.96296296,0.613636364,5.074074074,,274,65.74,
Organic Social,2024043002,44,55,28,102.5454545,0.636363636,5.090909091,,280,67.87,
Organic Social,2024050107,44,59,34,33.3220339,0.772727273,4.237288136,,250,46.13,
Organic Social,2024050206,44,52,32,77.26923077,0.727272727,5.346153846,,278,69.07,
Referral,2024040617,44,49,35,57.30612245,0.795454545,4.653061224,,228,27.21,
Referral,2024040900,44,50,36,186.08,0.818181818,6.42,,321,52.67,
Referral,2024040919,44,57,31,59.64912281,0.704545455,5.50877193,,314,20.35,
Referral,2024040923,44,49,27,97.83673469,0.613636364,6.204081633,,304,39.48,
Referral,2024041010,44,54,36,102.6666667,0.818181818,7.648148148,,413,41.99,
Referral,2024041310,44,50,36,58.28,0.818181818,6.76,,338,43.77,
Referral,2024041321,44,53,38,168,0.863636364,6.150943396,,326,61.73,
Referral,2024041412,44,49,39,134,0.886363636,6.306122449,,309,43.31,
Referral,2024041419,44,52,36,84.30769231,0.818181818,6.288461538,,327,46.92,
Referral,2024041512,44,49,36,145.244898,0.818181818,4.897959184,,240,34.25,
Referral,2024041518,44,59,35,164.1016949,0.795454545,7.220338983,,426,42.4,
Referral,2024041613,44,53,37,93.60377358,0.840909091,5.056603774,,268,33.64,
Referral,2024041615,44,52,32,72.90384615,0.727272727,5.403846154,,281,24.39,
Referral,2024041911,44,54,39,118.8518519,0.886363636,7.574074074,,409,56.21,
Referral,2024041920,44,51,31,111.2156863,0.704545455,6.137254902,,313,60.09,
Referral,2024042310,44,58,36,98.77586207,0.818181818,5.672413793,,329,57.17,
Referral,2024042819,44,49,37,97.59183673,0.840909091,5.979591837,,293,47.81,
Referral,2024050206,44,51,36,70.7254902,0.818181818,4.529411765,,231,42.79,
Direct,2024040614,43,51,22,73.35294118,0.511627907,3.549019608,,181,71.8,
Direct,2024040712,43,56,27,32.57142857,0.627906977,4.178571429,,234,51.14,
Direct,2024041110,43,52,21,24.75,0.488372093,3.269230769,,170,48.75,
Direct,2024041111,43,52,27,48.38461538,0.627906977,4.769230769,,248,21.54,
Direct,2024042016,43,54,24,43,0.558139535,3.777777778,,204,40.47,
Direct,2024042112,43,52,22,58.36538462,0.511627907,4.384615385,,228,42.81,
Direct,2024042115,43,52,27,29.57692308,0.627906977,3.403846154,,177,43.93,
Direct,2024042217,43,54,28,34.40740741,0.651162791,4.185185185,,226,54.81,
Direct,2024042322,43,53,18,43.81132075,0.418604651,4.283018868,,227,52.02,
Direct,2024042419,43,57,25,23.14035088,0.581395349,4.526315789,,258,56.47,
Direct,2024042623,43,58,26,24.01724138,0.604651163,4.086206897,,237,65.89,
Direct,2024042711,43,57,30,49.66666667,0.697674419,3.403508772,,194,68.78,
Direct,2024042721,43,57,28,61.36842105,0.651162791,5.894736842,,336,63.09,
Direct,2024050118,43,50,23,62.58,0.534883721,3.98,,199,77.33,
Direct,2024050211,43,59,28,67.72881356,0.651162791,5,,295,21.09,
Direct,2024050217,43,53,25,165.3396226,0.581395349,5.018867925,,266,31.75,
Organic Search,2024040615,43,53,35,76.41509434,0.813953488,4.301886792,,228,20.45,
Organic Search,2024040711,43,46,28,39.13043478,0.651162791,3.97826087,,183,58.85,
Organic Search,2024040715,43,52,35,57.80769231,0.813953488,4.384615385,,228,73.88,
Organic Search,2024040823,43,51,25,43.23529412,0.581395349,3.647058824,,186,34.61,
Organic Search,2024041209,43,56,26,70.21428571,0.604651163,4.017857143,,225,75.62,
Organic Search,2024041600,43,53,29,72.37735849,0.674418605,4.132075472,,219,23.62,
Organic Search,2024041710,43,48,33,43.27083333,0.76744186,4.3125,,207,76.07,
Organic Search,2024041801,43,49,33,22.08163265,0.76744186,3.816326531,,187,41.1,
Organic Search,2024041808,43,47,35,31.87234043,0.813953488,3.872340426,,182,26.09,
Organic Search,2024042622,43,49,29,52.10204082,0.674418605,4.469387755,,219,49.15,
Organic Search,2024042718,43,53,29,35.81132075,0.674418605,3.811320755,,202,35.41,
Organic Search,2024042814,43,49,32,39.55102041,0.744186047,4.408163265,,216,37.09,
Organic Search,2024050115,43,50,32,71.5,0.744186047,4.14,,207,38.44,
Organic Search,2024050308,43,50,34,59.7,0.790697674,5.72,,286,68.18,
Organic Search,2024050316,43,53,26,30.0754717,0.604651163,3.547169811,,188,52.35,
Organic Social,2024040610,43,52,27,55.46153846,0.627906977,6.25,,325,38.68,
Organic Social,2024040902,43,55,32,94.81818182,0.744186047,4.527272727,,249,56.62,
Organic Social,2024041301,43,71,33,37.67605634,0.76744186,4.14084507,,294,62.97,
Organic Social,2024041506,43,51,26,22.21568627,0.604651163,3.803921569,,194,36.36,
Organic Social,2024041607,43,57,30,25.05263158,0.697674419,4.192982456,,239,44.81,
Organic Social,2024042501,43,68,38,29.08823529,0.88372093,4.661764706,,317,27.31,
Organic Social,2024050305,43,55,27,25.8,0.627906977,4.181818182,,230,30.87,
Referral,2024040916,43,55,36,95.01818182,0.837209302,4.654545455,,256,60.87,
Referral,2024041120,43,55,31,68.10909091,0.720930233,8.145454545,,448,30.89,
Referral,2024041314,43,50,33,89.76,0.76744186,5.4,,270,51.51,
Referral,2024041420,43,47,37,111.6382979,0.860465116,5.468085106,,257,62.54,
Referral,2024041516,43,58,31,148.2758621,0.720930233,7.396551724,,429,26.41,
Referral,2024041809,43,49,34,74.28571429,0.790697674,5.020408163,,246,54.04,
Referral,2024041912,43,54,35,139.9444444,0.813953488,5.444444444,,294,35.39,
Referral,2024041919,43,51,36,103.8039216,0.837209302,6.078431373,,310,77.78,
Referral,2024041922,43,50,34,89.52,0.790697674,6.32,,316,49.01,
Referral,2024042022,43,47,33,64.14893617,0.76744186,4.425531915,,208,68.36,
Referral,2024042223,43,54,28,51.94444444,0.651162791,4.888888889,,264,53.01,
Referral,2024042717,43,48,33,67.04166667,0.76744186,6.25,,300,22.6,
Referral,2024042718,43,50,32,75.54,0.744186047,6.22,,311,57.99,
Referral,2024050209,43,54,29,66.55555556,0.674418605,4.722222222,,255,77.08,
Referral,2024050300,43,47,33,93.06382979,0.76744186,8.276595745,,389,56.1,
Direct,2024040613,42,56,26,51.03571429,0.619047619,4.232142857,,237,69.15,
Direct,2024040910,42,50,15,45.76,0.357142857,3.62,,181,73.05,
Direct,2024041616,42,50,24,41.9,0.571428571,4.3,,215,33.68,
Direct,2024042118,42,52,14,13.26923077,0.333333333,2.923076923,,152,32.72,
Direct,2024042400,42,56,31,118.7678571,0.738095238,4.053571429,,227,56.66,
Direct,2024042622,42,62,25,20.77419355,0.595238095,3.822580645,,237,44.66,
Direct,2024042712,42,49,27,50.18367347,0.642857143,5.387755102,,264,70.39,
Direct,2024042718,42,49,30,81.59183673,0.714285714,5.387755102,,264,74,
Direct,2024042720,42,57,22,59.05263158,0.523809524,4.543859649,,259,41.21,
Direct,2024050112,42,56,26,67.5,0.619047619,4.482142857,,251,34.21,
Direct,2024050113,42,52,20,21.09615385,0.476190476,3.211538462,,167,66.83,
Direct,2024050218,42,65,25,66.8,0.595238095,4.723076923,,307,36.49,
Direct,2024050301,42,59,26,104.220339,0.619047619,4.881355932,,288,69.36,
Organic Search,2024040613,42,44,28,41.09090909,0.666666667,3.886363636,,171,45.42,
Organic Search,2024040617,42,45,29,30.02222222,0.69047619,3.755555556,,169,60.05,
Organic Search,2024041414,42,50,30,43.84,0.714285714,4.54,,227,25.73,
Organic Search,2024042123,42,53,27,35.54716981,0.642857143,3.320754717,,176,57.43,
Organic Search,2024042223,42,56,23,39.53571429,0.547619048,3.232142857,,181,47.11,
Organic Search,2024042610,42,53,28,55.09433962,0.666666667,3.849056604,,204,55.2,
Organic Search,2024042620,42,47,33,60.46808511,0.785714286,5.893617021,,277,30.08,
Organic Search,2024042721,42,48,33,35.91666667,0.785714286,3.666666667,,176,64.21,
Organic Search,2024043016,42,52,29,42.25,0.69047619,3.826923077,,199,71.77,
Organic Social,2024041202,42,56,22,39.89285714,0.523809524,4.482142857,,251,33,
Organic Social,2024041205,42,47,28,18.74468085,0.666666667,4.191489362,,197,25.74,
Organic Social,2024041308,42,55,27,57.72727273,0.642857143,3.763636364,,207,21.42,
Organic Social,2024041902,42,61,19,57.31147541,0.452380952,3.524590164,,215,58.52,
Organic Social,2024042300,42,60,34,60.71666667,0.80952381,7.216666667,,433,56.43,
Organic Social,2024042507,42,55,26,49.4,0.619047619,4.6,,253,52.8,
Organic Social,2024042601,42,54,33,211.537037,0.785714286,5.166666667,,279,33.92,
Organic Social,2024050207,42,52,37,41.61538462,0.880952381,4.807692308,,250,43.45,
Referral,2024040615,42,45,31,90.02222222,0.738095238,5.4,,243,55.67,
Referral,2024040620,42,51,34,90.11764706,0.80952381,6.823529412,,348,49.81,
Referral,2024040809,42,47,35,61.17021277,0.833333333,5.255319149,,247,79.27,
Referral,2024041411,42,46,30,71.10869565,0.714285714,6.847826087,,315,28.19,
Referral,2024041418,42,47,33,108,0.785714286,5.617021277,,264,61.71,
Referral,2024041422,42,54,35,76.37037037,0.833333333,6.703703704,,362,44.26,
Referral,2024042018,42,47,34,70.10638298,0.80952381,5.765957447,,271,45.69,
Referral,2024042111,42,46,37,89.67391304,0.880952381,6.369565217,,293,63.06,
Referral,2024042118,42,47,33,75.95744681,0.785714286,5.106382979,,240,61.55,
Referral,2024042710,42,47,34,173.4042553,0.80952381,10.59574468,,498,79.48,
Referral,2024042715,42,49,33,64.14285714,0.785714286,5.959183673,,292,27.7,
Referral,2024042721,42,48,27,53.33333333,0.642857143,5,,240,26.25,
Referral,2024042909,42,50,37,50.28,0.880952381,5.86,,293,63.46,
Direct,2024040618,41,55,23,43.07272727,0.56097561,4.363636364,,240,54.7,
Direct,2024040711,41,55,25,24.29090909,0.609756098,3.181818182,,175,36.45,
Direct,2024040716,41,47,23,62.87234043,0.56097561,5.446808511,,256,24.77,
Direct,2024040913,41,53,24,51.0754717,0.585365854,3.547169811,,188,25.14,
Direct,2024041020,41,55,19,20.16363636,0.463414634,3.018181818,,166,73.65,
Direct,2024041112,41,52,27,64.05769231,0.658536585,3.903846154,,203,31.51,
Direct,2024041310,41,45,22,23.86666667,0.536585366,3.644444444,,164,39.4,
Direct,2024041414,41,58,24,34.13793103,0.585365854,4.827586207,,280,33.6,
Direct,2024041609,41,52,28,37.17307692,0.682926829,4.326923077,,225,41.3,
Direct,2024041617,41,49,19,47.85714286,0.463414634,4.816326531,,236,24.17,
Direct,2024041708,41,50,25,66.16,0.609756098,5.88,,294,51.14,
Direct,2024041908,41,50,29,39.74,0.707317073,4.56,,228,24.06,
Direct,2024042010,41,55,32,49.98181818,0.780487805,4.345454545,,239,68.02,
Direct,2024042014,41,51,26,48.31372549,0.634146341,3.862745098,,197,34.02,
Direct,2024042015,41,50,27,53.64,0.658536585,3.88,,194,52.4,
Direct,2024042021,41,54,22,46.22222222,0.536585366,4.351851852,,235,72.8,
Direct,2024042417,41,53,19,13.58490566,0.463414634,3.433962264,,182,59.05,
Direct,2024042509,41,52,28,52.48076923,0.682926829,4.134615385,,215,51.98,
Direct,2024042614,41,46,24,50.93478261,0.585365854,4.695652174,,216,39.46,
Direct,2024042811,41,48,21,27.8125,0.512195122,3.5625,,171,39.98,
Direct,2024042815,41,53,22,21.73584906,0.536585366,3.924528302,,208,60.17,
Direct,2024042817,41,57,24,63.57894737,0.585365854,4.49122807,,256,79.65,
Organic Search,2024041001,41,47,23,29.57446809,0.56097561,3.404255319,,160,59.71,
Organic Search,2024041409,41,47,30,73.21276596,0.731707317,5.638297872,,265,53.47,
Organic Search,2024042020,41,50,28,62.4,0.682926829,5.96,,298,63.84,
Organic Search,2024042113,41,48,29,51.20833333,0.707317073,3.9375,,189,47.91,
Organic Search,2024042119,41,56,28,51.57142857,0.682926829,3.821428571,,214,23.61,
Organic Search,2024042317,41,49,30,72.3877551,0.731707317,4.653061224,,228,53.74,
Organic Search,2024042717,41,48,29,25.89583333,0.707317073,3.8125,,183,77.46,
Organic Search,2024042815,41,48,24,58.3125,0.585365854,4.375,,210,30.52,
Organic Search,2024050323,41,47,31,55.4893617,0.756097561,5.106382979,,240,61.4,
Organic Social,2024042807,41,54,29,31.57407407,0.707317073,4.185185185,,226,32.06,
Organic Social,2024050108,41,55,25,59.03636364,0.609756098,4.472727273,,246,52.15,
Referral,2024040700,41,47,29,107.1276596,0.707317073,5.744680851,,270,25.8,
Referral,2024041023,41,43,30,101.7209302,0.731707317,5.697674419,,245,47.02,
Referral,2024041100,41,53,33,198.4339623,0.804878049,5.962264151,,316,65.37,
Referral,2024041101,41,46,32,94.52173913,0.780487805,5.326086957,,245,40.85,
Referral,2024041116,41,52,30,79.92307692,0.731707317,5.288461538,,275,59.89,
Referral,2024041311,41,51,39,133.5686275,0.951219512,7.117647059,,363,67.73,
Referral,2024041414,41,48,32,119.7291667,0.780487805,6,,288,75.63,
Referral,2024041917,41,49,33,82.67346939,0.804878049,4.244897959,,208,34.08,
Referral,2024042013,41,46,28,68.13043478,0.682926829,6.065217391,,279,43.96,
Referral,2024042115,41,53,32,83.1509434,0.780487805,5.79245283,,307,29.14,
Referral,2024042209,41,50,32,33.68,0.780487805,4.36,,218,79.55,
Direct,2024041808,40,52,26,40.36538462,0.65,4.980769231,,259,75.62,
Direct,2024041902,40,45,16,24.68888889,0.4,3.6,,162,52.4,
Direct,2024042114,40,52,22,26.78846154,0.55,3.634615385,,189,70.52,
Direct,2024042713,40,48,24,72.75,0.6,4.145833333,,199,51.26,
Direct,2024042719,40,52,17,27.59615385,0.425,3.884615385,,202,57.42,
Direct,2024042901,40,49,20,48.87755102,0.5,4.510204082,,221,25.35,
Direct,2024050110,40,54,19,42.27777778,0.475,4,,216,65.32,
Direct,2024050309,40,50,23,31.42,0.575,4.56,,228,27.66,
Organic Search,2024041009,40,48,33,55.5,0.825,3.645833333,,175,69.56,
Organic Search,2024041907,40,45,29,49.6,0.725,4.644444444,,209,66.92,
Organic Search,2024042115,40,56,29,36.39285714,0.725,4.071428571,,228,62.52,
Organic Search,2024042711,40,49,24,66.69387755,0.6,4.428571429,,217,22.17,
Organic Search,2024043017,40,47,21,40.76595745,0.525,3.425531915,,161,38.19,
Organic Search,2024043021,40,46,24,29.7173913,0.6,3.52173913,,162,35.79,
Organic Search,2024050317,40,44,29,55.54545455,0.725,5.204545455,,229,41.61,
Organic Social,2024040807,40,48,32,105.8125,0.8,7.291666667,,350,25.26,
Organic Social,2024040903,40,51,25,63.07843137,0.625,4.176470588,,213,76.22,
Organic Social,2024040907,40,54,24,56.40740741,0.6,4.981481481,,269,53.23,
Organic Social,2024040908,40,64,27,41.875,0.675,4.421875,,283,38.33,
Organic Social,2024041807,40,52,25,48.42307692,0.625,5.288461538,,275,43.82,
Organic Social,2024042402,40,54,27,30.90740741,0.675,4.166666667,,225,46.83,
Organic Social,2024042508,40,59,29,72.76271186,0.725,4.898305085,,289,56.04,
Organic Social,2024042709,40,56,29,39.33928571,0.725,4.767857143,,267,50.94,
Organic Social,2024042923,40,47,25,103.3404255,0.625,5.574468085,,262,75.16,
Referral,2024040910,40,50,37,104.82,0.925,5.8,,290,49.82,
Referral,2024041123,40,46,28,56.7826087,0.7,4.934782609,,227,79.53,
Referral,2024041200,40,52,32,162.4615385,0.8,6.615384615,,344,71.09,
Referral,2024041410,40,50,27,42.2,0.675,6.22,,311,32.51,
Referral,2024042723,40,44,31,141.8409091,0.775,7.045454545,,310,75.84,
Referral,2024042815,40,43,30,82.53488372,0.75,6.604651163,,284,26.98,
Referral,2024043000,40,49,30,109.8367347,0.75,5.530612245,,271,69.05,
Referral,2024043017,40,49,27,141.0204082,0.675,5.081632653,,249,42.84,
Referral,2024050301,40,41,29,118.2195122,0.725,7.731707317,,317,72.68,
Direct,2024040616,39,49,23,50.75510204,0.58974359,3.632653061,,178,72.08,
Direct,2024040907,39,44,16,29.47727273,0.41025641,4.204545455,,185,68.36,
Direct,2024041315,39,49,20,90.91836735,0.512820513,3.93877551,,193,67.4,
Direct,2024041410,39,48,17,46.625,0.435897436,4.5625,,219,38.28,
Direct,2024042202,39,46,26,34.63043478,0.666666667,4.043478261,,186,24.86,
Direct,2024042409,39,47,16,63.76595745,0.41025641,4.042553191,,190,44.18,
Direct,2024042609,39,50,23,42.54,0.58974359,3.62,,181,30.41,
Direct,2024042816,39,49,20,20.30612245,0.512820513,3.612244898,,177,61.7,
Direct,2024042818,39,49,20,19.34693878,0.512820513,4,,196,40.77,
Direct,2024042909,39,48,24,34.58333333,0.615384615,4.1875,,201,78.54,
Direct,2024043016,39,55,26,61.6,0.666666667,4.072727273,,224,58.46,
Direct,2024050200,39,57,23,32.96491228,0.58974359,3.543859649,,202,69.35,
Organic Search,2024040621,39,45,31,48.06666667,0.794871795,4.2,,189,27.95,
Organic Search,2024040714,39,44,29,98.43181818,0.743589744,3.931818182,,173,71.72,
Organic Search,2024040800,39,49,29,27.04081633,0.743589744,3.367346939,,165,75.37,
Organic Search,2024041000,39,54,30,28.37037037,0.769230769,3.740740741,,202,49.22,
Organic Search,2024041501,39,43,25,44,0.641025641,3.488372093,,150,56.38,
Organic Search,2024042323,39,44,23,49.77272727,0.58974359,4.590909091,,202,65.89,
Organic Search,2024042812,39,42,32,36.69047619,0.820512821,4.071428571,,171,30.49,
Organic Search,2024050112,39,46,29,26.08695652,0.743589744,4,,184,50.15,
Organic Search,2024050113,39,47,30,45.04255319,0.769230769,4.255319149,,200,43.92,
Organic Search,2024050117,39,47,29,41.9787234,0.743589744,3.531914894,,166,28.78,
Organic Social,2024040703,39,48,31,44.52083333,0.794871795,5.083333333,,244,42.05,
Organic Social,2024041005,39,48,20,52.39583333,0.512820513,5.083333333,,244,24.09,
Organic Social,2024042002,39,51,28,35.2745098,0.717948718,3.843137255,,196,21.55,
Organic Social,2024050202,39,45,37,95.04444444,0.948717949,6.577777778,,296,28.11,
Organic Social,2024050304,39,49,23,17.87755102,0.58974359,3.897959184,,191,77.79,
Referral,2024040713,39,47,28,50.04255319,0.717948718,4.872340426,,229,52.97,
Referral,2024041319,39,43,29,50.18604651,0.743589744,4.860465116,,209,77.95,
Referral,2024041517,39,52,29,61.5,0.743589744,4.865384615,,253,45.95,
Referral,2024041923,39,44,28,117.9772727,0.717948718,5.704545455,,251,38.71,
Referral,2024042112,39,43,27,27.23255814,0.692307692,4.325581395,,186,50.37,
Referral,2024042123,39,46,26,44.82608696,0.666666667,6.304347826,,290,46.37,
Referral,2024042614,39,50,30,58.8,0.769230769,4.92,,246,26.34,
Referral,2024042700,39,51,33,69.98039216,0.846153846,4.705882353,,240,58.45,
Referral,2024043007,39,48,31,74.04166667,0.794871795,4.104166667,,197,32.96,
Referral,2024050208,39,50,22,55,0.564102564,4.64,,232,57.18,
Referral,2024050223,39,45,27,59.04444444,0.692307692,5.066666667,,228,59.01,
Direct,2024040622,38,49,18,33.04081633,0.473684211,3.510204082,,172,29.12,
Direct,2024040623,38,47,16,43.55319149,0.421052632,4.319148936,,203,23.68,
Direct,2024040714,38,45,26,61.77777778,0.684210526,4.222222222,,190,66.85,
Direct,2024040919,38,48,25,47.125,0.657894737,4.0625,,195,47.59,
Direct,2024041008,38,50,23,66.1,0.605263158,3.8,,190,23.49,
Direct,2024041009,38,48,25,33.5625,0.657894737,3.854166667,,185,79.69,
Direct,2024041317,38,51,23,40.90196078,0.605263158,3.823529412,,195,23.47,
Direct,2024042017,38,50,26,31.34,0.684210526,4.18,,209,61.7,
Direct,2024042111,38,52,20,37.84615385,0.526315789,3.846153846,,200,79.02,
Direct,2024042410,38,50,25,43.86,0.657894737,3.86,,193,34.35,
Direct,2024043012,38,52,27,64.38461538,0.710526316,3.961538462,,206,28.53,
Direct,2024050100,38,50,20,55.54,0.526315789,3.56,,178,27.28,
Organic Search,2024040610,38,51,28,62.66666667,0.736842105,4.901960784,,250,38.2,
Organic Search,2024040622,38,48,23,55.14583333,0.605263158,3.3125,,159,26.06,
Organic Search,2024040712,38,45,27,58.75555556,0.710526316,4.266666667,,192,61.53,
Organic Search,2024040910,38,53,25,27.54716981,0.657894737,4.056603774,,215,23.74,
Organic Search,2024041116,38,42,25,34.0952381,0.657894737,3.595238095,,151,50.57,
Organic Search,2024041415,38,44,31,48.52272727,0.815789474,5.159090909,,227,79.8,
Organic Search,2024042017,38,46,24,35.43478261,0.631578947,4.043478261,,186,68.84,
Organic Search,2024042100,38,53,31,23.67924528,0.815789474,3.735849057,,198,56.91,
Organic Search,2024042110,38,48,26,23.29166667,0.684210526,3.645833333,,175,38.38,
Organic Search,2024042114,38,47,27,61.34042553,0.710526316,3.595744681,,169,57.43,
Organic Search,2024042416,38,49,24,32,0.631578947,4.897959184,,240,51.62,
Organic Search,2024042623,38,42,21,54.47619048,0.552631579,4.428571429,,186,45.57,
Organic Search,2024042712,38,47,26,30.78723404,0.684210526,3.446808511,,162,27.84,
Organic Search,2024050110,38,44,33,42.75,0.868421053,4.25,,187,73.2,
Organic Social,2024040704,38,43,23,53.76744186,0.605263158,5.930232558,,255,46.99,
Organic Social,2024041507,38,46,20,85.06521739,0.526315789,4.760869565,,219,31.68,
Organic Social,2024041603,38,52,25,69.75,0.657894737,4.519230769,,235,42.07,
Organic Social,2024042207,38,52,22,49.09615385,0.578947368,5.057692308,,263,44.85,
Organic Social,2024042302,38,46,33,72.30434783,0.868421053,6.369565217,,293,69.65,
Referral,2024040800,38,44,33,122.6818182,0.868421053,5.704545455,,251,64.02,
Referral,2024040909,38,45,29,72.24444444,0.763157895,5.4,,243,66.16,
Referral,2024041417,38,47,26,63.76595745,0.684210526,5.638297872,,265,20.66,
Referral,2024042116,38,42,30,104.8571429,0.789473684,5.714285714,,240,44.97,
Referral,2024042814,38,44,32,171.5227273,0.842105263,7.25,,319,48.88,
Referral,2024050323,38,44,27,60,0.710526316,5.204545455,,229,21.15,
Direct,2024041501,37,48,21,39,0.567567568,3.5,,168,35.59,
Direct,2024041607,37,45,21,43.88888889,0.567567568,3.622222222,,163,65.62,
Direct,2024042018,37,47,20,18.23404255,0.540540541,3.382978723,,159,28.23,
Direct,2024042722,37,51,18,34.1372549,0.486486486,3.941176471,,201,52.12,
Organic Search,2024041101,37,46,22,39.06521739,0.594594595,3.630434783,,167,32.91,
Organic Search,2024041109,37,44,23,34.22727273,0.621621622,3.568181818,,157,20.73,
Organic Search,2024041301,37,44,27,80.77272727,0.72972973,4.068181818,,179,34.47,
Organic Search,2024041309,37,42,27,38.88095238,0.72972973,6.69047619,,281,78.55,
Organic Search,2024041313,37,45,23,29.15555556,0.621621622,3.466666667,,156,68.09,
Organic Search,2024041800,37,52,24,37.90384615,0.648648649,3.980769231,,207,77.57,
Organic Search,2024042716,37,44,22,28.15909091,0.594594595,4.772727273,,210,49.27,
Organic Search,2024050123,37,40,24,61.25,0.648648649,4.45,,178,26.58,
Organic Search,2024050321,37,40,21,72.575,0.567567568,4.625,,185,52.88,
Organic Social,2024040603,37,51,26,56.49019608,0.702702703,4.31372549,,220,47.26,
Organic Social,2024041108,37,52,23,61.28846154,0.621621622,3.903846154,,203,70.66,
Organic Social,2024041203,37,52,24,28.28846154,0.648648649,3.480769231,,181,25.88,
Organic Social,2024042307,37,43,20,58.39534884,0.540540541,6.302325581,,271,49.29,
Organic Social,2024042802,37,51,26,31.58823529,0.702702703,4.254901961,,217,29,
Organic Social,2024042901,37,45,24,58,0.648648649,5.888888889,,265,39.48,
Referral,2024040614,37,41,29,52.36585366,0.783783784,5.073170732,,208,64.24,
Referral,2024040710,37,42,32,66.04761905,0.864864865,5.666666667,,238,48.56,
Referral,2024041415,37,41,29,90.43902439,0.783783784,5.585365854,,229,42.55,
Referral,2024041423,37,44,27,91.68181818,0.72972973,6.727272727,,296,43.67,
Referral,2024041600,37,52,28,85.17307692,0.756756757,7.769230769,,404,47.57,
Referral,2024041609,37,41,33,86.80487805,0.891891892,5.024390244,,206,67.1,
Referral,2024041813,37,45,25,104,0.675675676,5.822222222,,262,73.53,
Referral,2024042014,37,41,27,72.92682927,0.72972973,7.024390244,,288,77.32,
Referral,2024042400,37,42,29,169.9761905,0.783783784,7.428571429,,312,67.21,
Referral,2024042409,37,46,33,69.84782609,0.891891892,5.826086957,,268,38.92,
Referral,2024042811,37,46,31,68.43478261,0.837837838,6.369565217,,293,61.29,
Referral,2024042813,37,46,33,60.2173913,0.891891892,4.869565217,,224,46.26,
Referral,2024042816,37,42,31,126.6904762,0.837837838,6.80952381,,286,35.28,
Referral,2024042823,37,43,24,66.39534884,0.648648649,5.069767442,,218,70.45,
Referral,2024050108,37,40,33,61.075,0.891891892,6.275,,251,22.31,
Direct,2024040710,36,44,22,26.38636364,0.611111111,5.25,,231,74.11,
Direct,2024040909,36,45,20,42.51111111,0.555555556,5.066666667,,228,47.69,
Direct,2024040912,36,50,18,23,0.5,3.6,,180,58.23,
Direct,2024041100,36,41,23,79.90243902,0.638888889,4.804878049,,197,59.56,
Direct,2024041109,36,48,20,20.0625,0.555555556,3.354166667,,161,73.71,
Direct,2024041413,36,47,19,37.68085106,0.527777778,3.978723404,,187,58.2,
Direct,2024041707,36,48,17,23.14583333,0.472222222,3.6875,,177,56.84,
Direct,2024042301,36,46,20,53.67391304,0.555555556,4.913043478,,226,24,
Direct,2024042321,36,47,23,65.10638298,0.638888889,4.829787234,,227,51.1,
Direct,2024042603,36,46,25,57.5,0.694444444,3.782608696,,174,29.01,
Direct,2024050308,36,43,15,9.325581395,0.416666667,3.441860465,,148,64.25,
Direct,2024050311,36,47,21,23.80851064,0.583333333,4,,188,50.73,
Organic Search,2024041110,36,48,24,53.08333333,0.666666667,3.395833333,,163,60.81,
Organic Search,2024041208,36,44,26,47.09090909,0.722222222,3.75,,165,22.5,
Organic Search,2024042023,36,43,22,44.23255814,0.611111111,4.581395349,,197,25.09,
Organic Search,2024042209,36,49,24,37.71428571,0.666666667,3.408163265,,167,62.98,
Organic Search,2024042600,36,46,23,64.34782609,0.638888889,4.043478261,,186,24.33,
Organic Search,2024042813,36,41,24,96.90243902,0.666666667,4.585365854,,188,24.28,
Organic Search,2024042900,36,47,26,31.55319149,0.722222222,3.595744681,,169,20.73,
Organic Search,2024042909,36,44,22,43.5,0.611111111,4.113636364,,181,77.39,
Organic Search,2024050111,36,40,24,43.6,0.666666667,3.65,,146,64.25,
Organic Search,2024050121,36,43,27,35.04651163,0.75,4.093023256,,176,41.2,
Organic Search,2024050320,36,37,25,51.13513514,0.694444444,4.756756757,,176,37.79,
Organic Social,2024041504,36,45,23,54.84444444,0.638888889,4.8,,216,40.98,
Organic Social,2024042404,36,42,26,42.07142857,0.722222222,4.69047619,,197,66.48,
Organic Social,2024042502,36,52,23,36.55769231,0.638888889,3.538461538,,184,59.68,
Organic Social,2024042905,36,45,28,34.86666667,0.777777778,5.488888889,,247,31.11,
Organic Social,2024050103,36,43,19,40.09302326,0.527777778,4.069767442,,175,30.45,
Referral,2024041009,36,44,29,75.13636364,0.805555556,4.75,,209,25.9,
Referral,2024041315,36,40,27,74.325,0.75,5.425,,217,59.62,
Referral,2024042114,36,40,30,61.1,0.833333333,5,,200,65.86,
Referral,2024042401,36,43,26,97.1627907,0.722222222,5.186046512,,223,35.9,
Referral,2024050200,36,48,28,106.6458333,0.777777778,6.479166667,,311,21.26,
Direct,2024040615,35,42,20,41.07142857,0.571428571,4.857142857,,204,24.93,
Direct,2024041105,35,36,24,51.19444444,0.685714286,4.611111111,,166,78.07,
Direct,2024041606,35,42,24,55.88095238,0.685714286,3.761904762,,158,37.73,
Direct,2024042117,35,44,17,16.72727273,0.485714286,3.318181818,,146,66.15,
Direct,2024042200,35,48,19,45.52083333,0.542857143,4.083333333,,196,57.48,
Direct,2024042209,35,42,22,67.04761905,0.628571429,4.571428571,,192,42.92,
Direct,2024042510,35,47,20,58.57446809,0.571428571,4.127659574,,194,32.34,
Direct,2024042701,35,42,19,91.26190476,0.542857143,4.5,,189,27.28,
Direct,2024042715,35,46,18,33.23913043,0.514285714,4.543478261,,209,56.9,
Organic Search,2024040909,35,42,24,29.38095238,0.685714286,3.5,,147,66.48,
Organic Search,2024041908,35,45,28,31.97777778,0.8,3.6,,162,58.63,
Organic Search,2024042400,35,48,24,57.10416667,0.685714286,3.958333333,,190,51.82,
Organic Search,2024042823,35,40,20,47.125,0.571428571,4.025,,161,22.52,
Organic Search,2024043009,35,44,30,52.86363636,0.857142857,5.068181818,,223,78.11,
Organic Search,2024050322,35,44,22,31.06818182,0.628571429,3.886363636,,171,67.92,
Organic Social,2024041006,35,51,20,22.54901961,0.571428571,4.254901961,,217,37.57,
Organic Social,2024041704,35,48,24,78.29166667,0.685714286,4.583333333,,220,78.8,
Referral,2024040623,35,42,24,44.88095238,0.685714286,4.619047619,,194,56.11,
Referral,2024040816,35,39,28,92.94871795,0.8,7.153846154,,279,54.95,
Referral,2024041000,35,44,30,87.36363636,0.857142857,6.454545455,,284,64.88,
Referral,2024041900,35,42,24,64.21428571,0.685714286,5.142857143,,216,68.71,
Referral,2024042017,35,37,24,54.18918919,0.685714286,4.324324324,,160,59.39,
Referral,2024042023,35,41,25,55,0.714285714,5.536585366,,227,27.69,
Referral,2024042509,35,44,28,60.84090909,0.8,5.204545455,,229,40.3,
Referral,2024042719,35,41,27,177.5609756,0.771428571,7.926829268,,325,75.69,
Direct,2024040617,34,43,18,39.81395349,0.529411765,4.651162791,,200,33.48,
Direct,2024040902,34,44,25,57.09090909,0.735294118,4.318181818,,190,42.33,
Direct,2024041115,34,40,20,54.75,0.588235294,4.6,,184,45.92,
Direct,2024041309,34,43,19,46.27906977,0.558823529,3.88372093,,167,46.36,
Direct,2024041502,34,37,17,39.7027027,0.5,6.459459459,,239,56.78,
Direct,2024041706,34,42,13,19.28571429,0.382352941,3.285714286,,138,76.58,
Direct,2024041807,34,39,18,43.61538462,0.529411765,4.256410256,,166,34.44,
Direct,2024041901,34,44,22,19.79545455,0.647058824,3.159090909,,139,27.29,
Direct,2024042116,34,46,15,20.39130435,0.441176471,3.565217391,,164,31.85,
Direct,2024042408,34,43,23,77.8372093,0.676470588,4.325581395,,186,73.22,
Direct,2024042716,34,39,16,30.64102564,0.470588235,4.025641026,,157,58.75,
Direct,2024050208,34,42,21,93.42857143,0.617647059,4.738095238,,199,37.15,
Direct,2024050210,34,49,22,37.06122449,0.647058824,3.734693878,,183,68.96,
Organic Search,2024041410,34,42,20,32.80952381,0.588235294,3.595238095,,151,71.68,
Organic Search,2024041500,34,41,27,22.04878049,0.794117647,3.512195122,,144,70.79,
Organic Search,2024042012,34,40,25,64.075,0.735294118,3.55,,142,75.14,
Organic Search,2024042116,34,47,29,34.85106383,0.852941176,4.063829787,,191,35.13,
Organic Search,2024042408,34,38,23,39.36842105,0.676470588,4.421052632,,168,65.3,
Organic Search,2024042500,34,42,23,38.85714286,0.676470588,3.833333333,,161,47.63,
Organic Search,2024042719,34,41,21,64.43902439,0.617647059,4.487804878,,184,70.52,
Organic Search,2024050200,34,43,23,34.3255814,0.676470588,3.604651163,,155,63.71,
Organic Social,2024040803,34,37,21,27.48648649,0.617647059,4.081081081,,151,66.59,
Organic Social,2024041606,34,45,24,43.8,0.705882353,4.355555556,,196,59.37,
Organic Social,2024042007,34,52,24,30.88461538,0.705882353,4.846153846,,252,30.65,
Organic Social,2024042306,34,41,26,31.31707317,0.764705882,5.146341463,,211,52.7,
Organic Social,2024042702,34,55,23,50.58181818,0.676470588,5.309090909,,292,79.08,
Referral,2024040616,34,37,27,72.08108108,0.794117647,6.324324324,,234,76.24,
Referral,2024040901,34,41,26,59.29268293,0.764705882,8.292682927,,340,22.59,
Referral,2024040902,34,38,26,82.55263158,0.764705882,6.605263158,,251,29.89,
Referral,2024041207,34,37,25,64.56756757,0.735294118,6.621621622,,245,27.9,
Referral,2024041209,34,39,26,74.94871795,0.764705882,5.282051282,,206,63.56,
Referral,2024041320,34,44,33,45.27272727,0.970588235,4.863636364,,214,69.07,
Referral,2024041401,34,40,25,69.025,0.735294118,5.9,,236,32.81,
Referral,2024041421,34,38,26,42.42105263,0.764705882,4.868421053,,185,50.35,
Referral,2024041918,34,40,26,85.425,0.764705882,6.825,,273,70.44,
Referral,2024042600,34,43,23,110.5348837,0.676470588,4.953488372,,213,63.97,
Referral,2024042900,34,41,21,118.0731707,0.617647059,4.829268293,,198,52.53,
Direct,2024041201,33,45,19,15.15555556,0.575757576,3.866666667,,174,55.42,
Direct,2024041314,33,48,17,31.20833333,0.515151515,3.291666667,,158,50.5,
Direct,2024041407,33,39,20,26.87179487,0.606060606,3.948717949,,154,37.85,
Direct,2024041803,33,40,17,10.675,0.515151515,3.075,,123,53.9,
Direct,2024042714,33,42,25,94.45238095,0.757575758,4.928571429,,207,61.33,
Direct,2024050108,33,38,18,29.07894737,0.545454545,3.605263158,,137,72.4,
Direct,2024050109,33,43,23,43.95348837,0.696969697,4.23255814,,182,58.18,
Direct,2024050302,33,42,18,15.95238095,0.545454545,3.595238095,,151,65.67,
Organic Search,2024040623,33,38,22,60.07894737,0.666666667,4.736842105,,180,29.6,
Organic Search,2024041701,33,48,24,14.04166667,0.727272727,3.083333333,,148,47.69,
Organic Search,2024041709,33,39,24,34.15384615,0.727272727,3.538461538,,138,20.56,
Organic Search,2024050109,33,40,24,28.975,0.727272727,4.25,,170,34.8,
Organic Search,2024050209,33,44,27,85.27272727,0.818181818,3.659090909,,161,63.59,
Organic Search,2024050309,33,37,16,35.56756757,0.484848485,3.72972973,,138,79.51,
Organic Social,2024040802,33,42,25,36.57142857,0.757575758,4.69047619,,197,25.95,
Organic Social,2024041003,33,52,20,32.05769231,0.606060606,3.346153846,,174,44.09,
Organic Social,2024041806,33,47,19,27.4893617,0.575757576,3.489361702,,164,68,
Organic Social,2024042004,33,44,18,36.59090909,0.545454545,5.25,,231,32.24,
Organic Social,2024042101,33,44,21,47.27272727,0.636363636,4.272727273,,188,53.31,
Organic Social,2024042406,33,37,25,44.7027027,0.757575758,5.351351351,,198,63.98,
Organic Social,2024042607,33,42,28,29.88095238,0.848484848,4.452380952,,187,56.96,
Referral,2024040610,33,39,24,27.38461538,0.727272727,4.41025641,,172,31.28,
Referral,2024040618,33,36,24,72.08333333,0.727272727,6.083333333,,219,41.32,
Referral,2024040619,33,36,24,69.75,0.727272727,5.111111111,,184,67.03,
Referral,2024040907,33,34,25,106.3529412,0.757575758,7.382352941,,251,53.25,
Referral,2024041416,33,38,28,103.5789474,0.848484848,6.657894737,,253,20.31,
Referral,2024041523,33,38,28,157.3421053,0.848484848,7.631578947,,290,65.66,
Referral,2024041709,33,40,26,60.65,0.787878788,4.975,,199,22.12,
Referral,2024042009,33,38,28,107.8684211,0.848484848,5.894736842,,224,64.74,
Referral,2024042300,33,48,25,140.125,0.757575758,4.458333333,,214,32.15,
Referral,2024042818,33,37,24,56.48648649,0.727272727,5.351351351,,198,77.48,
Referral,2024050100,33,42,25,110.9761905,0.757575758,4.928571429,,207,42.08,
Direct,2024040809,32,41,17,69.87804878,0.53125,5.048780488,,207,39.62,
Direct,2024041007,32,43,20,31.44186047,0.625,3.790697674,,163,28.93,
Direct,2024041907,32,39,18,16.30769231,0.5625,3.58974359,,140,38.34,
Direct,2024042113,32,44,18,33.06818182,0.5625,3.613636364,,159,72.6,
Direct,2024042201,32,39,18,86.87179487,0.5625,5.051282051,,197,79.78,
Direct,2024042508,32,38,22,47.31578947,0.6875,3.947368421,,150,42.1,
Direct,2024042601,32,45,22,96.42222222,0.6875,5.044444444,,227,46.92,
Direct,2024042703,32,37,12,20.43243243,0.375,3.351351351,,124,63.32,
Organic Search,2024041903,32,37,23,31.83783784,0.71875,3.27027027,,121,73.17,
Organic Search,2024041904,32,39,17,23.56410256,0.53125,3.461538462,,135,55.58,
Organic Search,2024042300,32,42,22,15.54761905,0.6875,3.642857143,,153,43.49,
Organic Search,2024042308,32,40,24,40.225,0.75,4.175,,167,44.76,
Organic Social,2024040604,32,45,17,30.31111111,0.53125,4.622222222,,208,61.74,
Organic Social,2024040608,32,40,18,51.325,0.5625,5.375,,215,20.19,
Organic Social,2024041302,32,41,24,40.90243902,0.75,5,,205,57.18,
Organic Social,2024042104,32,37,24,75.21621622,0.75,6.324324324,,234,41.33,
Organic Social,2024042107,32,39,26,87.07692308,0.8125,6.102564103,,238,67.65,
Organic Social,2024042109,32,36,24,90.02777778,0.75,5.222222222,,188,25.58,
Organic Social,2024042206,32,38,16,21,0.5,4.447368421,,169,55.29,
Organic Social,2024042602,32,39,18,58.23076923,0.5625,4.974358974,,194,48.86,
Organic Social,2024042703,32,42,15,18.54761905,0.46875,4.904761905,,206,58.54,
Organic Social,2024042907,32,52,22,40.23076923,0.6875,3.884615385,,202,23.89,
Organic Social,2024043003,32,42,25,59.23809524,0.78125,4.285714286,,180,54.8,
Organic Social,2024050205,32,43,24,73.46511628,0.75,5.581395349,,240,53.69,
Referral,2024040608,32,35,26,44.02857143,0.8125,5.314285714,,186,53.64,
Referral,2024041309,32,37,25,88.7027027,0.78125,7,,259,56.21,
Referral,2024041316,32,40,24,78.5,0.75,5.15,,206,60.59,
Referral,2024041323,32,38,20,75.23684211,0.625,4.421052632,,168,68.3,
Referral,2024042113,32,41,26,90.2195122,0.8125,5.317073171,,218,36.19,
Referral,2024042323,32,32,25,125.25,0.78125,6.4375,,206,69.5,
Referral,2024042809,32,35,24,108.5142857,0.75,6.114285714,,214,49.9,
Referral,2024050202,32,34,24,72.11764706,0.75,6.470588235,,220,24.62,
Referral,2024050302,32,35,23,61.71428571,0.71875,4.885714286,,171,23.51,
Direct,2024040908,31,41,13,27.65853659,0.419354839,3.658536585,,150,40.05,
Direct,2024041001,31,42,11,22.54761905,0.35483871,3.738095238,,157,67.09,
Direct,2024041101,31,42,12,47.71428571,0.387096774,3.30952381,,139,62.46,
Direct,2024041401,31,37,17,17.91891892,0.548387097,3.783783784,,140,67.32,
Direct,2024041508,31,40,16,37.8,0.516129032,4.25,,170,51.04,
Direct,2024041608,31,42,15,34.57142857,0.483870968,3.80952381,,160,46.41,
Direct,2024041701,31,51,17,52.88235294,0.548387097,4.235294118,,216,28.85,
Direct,2024042100,31,48,15,9.75,0.483870968,3.458333333,,166,39.69,
Direct,2024042101,31,41,16,21.95121951,0.516129032,3.731707317,,153,46.04,
Direct,2024042300,31,44,25,73.25,0.806451613,5.159090909,,227,25.32,
Direct,2024042306,31,36,15,18.47222222,0.483870968,3.638888889,,131,33.24,
Direct,2024042405,31,39,8,22.94871795,0.258064516,4.153846154,,162,55.89,
Direct,2024042501,31,38,18,72.23684211,0.580645161,4.368421053,,166,64.14,
Direct,2024042808,31,41,14,9.268292683,0.451612903,3.512195122,,144,79.9,
Direct,2024042908,31,39,25,29.41025641,0.806451613,4.256410256,,166,75.99,
Organic Search,2024040719,31,38,18,49.39473684,0.580645161,3.710526316,,141,58.55,
Organic Search,2024041003,31,38,23,38.39473684,0.741935484,3.736842105,,142,45.27,
Organic Search,2024041201,31,37,23,49.62162162,0.741935484,3.243243243,,120,58.17,
Organic Search,2024041207,31,37,21,19.02702703,0.677419355,3.783783784,,140,67.14,
Organic Search,2024042009,31,33,21,21.03030303,0.677419355,3.909090909,,129,27.1,
Organic Search,2024042608,31,38,22,37.36842105,0.709677419,4.236842105,,161,44.59,
Organic Search,2024043008,31,35,22,29.57142857,0.709677419,3.971428571,,139,70.39,
Organic Social,2024041104,31,41,16,15.46341463,0.516129032,3.341463415,,137,43.03,
Organic Social,2024041503,31,37,22,69.86486486,0.709677419,5.135135135,,190,54.31,
Organic Social,2024041906,31,44,18,22.18181818,0.580645161,3.159090909,,139,55.27,
Organic Social,2024042003,31,40,19,35.375,0.612903226,4.25,,170,31.07,
Organic Social,2024042008,31,44,20,93.29545455,0.64516129,5.022727273,,221,41.73,
Organic Social,2024042903,31,42,22,88.04761905,0.709677419,5.071428571,,213,40.07,
Referral,2024040609,31,35,26,41.42857143,0.838709677,5.457142857,,191,21.57,
Referral,2024041802,31,34,23,197.1176471,0.741935484,5.470588235,,186,21.45,
Referral,2024042000,31,42,21,71.42857143,0.677419355,5.666666667,,238,69.9,
Referral,2024042709,31,36,20,32.58333333,0.64516129,4.722222222,,170,36.38,
Referral,2024042812,31,38,22,75.44736842,0.709677419,4.605263158,,175,51.08,
Referral,2024042923,31,34,25,88.79411765,0.806451613,5.911764706,,201,37.92,
Referral,2024050101,31,35,23,85.17142857,0.741935484,5.342857143,,187,76.44,
Referral,2024050107,31,35,24,46,0.774193548,5.4,,189,35.56,
Direct,2024040601,30,40,18,36.7,0.6,3.7,,148,45.78,
Direct,2024040800,30,38,23,56.5,0.766666667,4.473684211,,170,72.36,
Direct,2024040808,30,40,18,23.8,0.6,3.825,,153,70.52,
Direct,2024041301,30,39,20,58.1025641,0.666666667,4.692307692,,183,31.17,
Direct,2024041306,30,36,14,11.80555556,0.466666667,4.111111111,,148,68.16,
Direct,2024041806,30,36,17,35.77777778,0.566666667,4.472222222,,161,47.49,
Direct,2024042023,30,45,18,23.93333333,0.6,3.177777778,,143,48.98,
Direct,2024042401,30,43,17,41.41860465,0.566666667,3.441860465,,148,28.01,
Direct,2024042802,30,39,10,17.41025641,0.333333333,3.051282051,,119,24.84,
Direct,2024043001,30,44,18,55.77272727,0.6,4.659090909,,205,63.68,
Direct,2024050201,30,44,14,26.25,0.466666667,3.386363636,,149,49.79,
Organic Search,2024040808,30,36,23,36.36111111,0.766666667,3.305555556,,119,46.21,
Organic Search,2024041308,30,35,19,48.8,0.633333333,3.4,,119,63.77,
Organic Search,2024041605,30,31,19,24.12903226,0.633333333,3.548387097,,110,65.93,
Organic Search,2024042001,30,37,21,46.64864865,0.7,3.972972973,,147,29.53,
Organic Search,2024042401,30,38,22,24.07894737,0.733333333,3.684210526,,140,56.61,
Organic Search,2024042501,30,39,21,39.30769231,0.7,3.948717949,,154,28.12,
Organic Search,2024042923,30,40,21,47.1,0.7,4.95,,198,65.08,
Organic Search,2024043000,30,38,21,52.15789474,0.7,3.526315789,,134,59.42,
Organic Search,2024050207,30,34,17,38.17647059,0.566666667,3.588235294,,122,77.4,
Organic Search,2024050208,30,34,22,39.35294118,0.733333333,4.235294118,,144,24.14,
Organic Search,2024050300,30,35,18,55.82857143,0.6,4.028571429,,141,23.42,
Organic Social,2024040607,30,40,16,33.15,0.533333333,4.125,,165,36.93,
Organic Social,2024041307,30,43,20,37.11627907,0.666666667,4.651162791,,200,35.7,
Organic Social,2024041505,30,36,20,63.44444444,0.666666667,6.166666667,,222,34.82,
Organic Social,2024041605,30,35,20,100.6285714,0.666666667,5.885714286,,206,74.38,
Organic Social,2024041803,30,41,19,50.07317073,0.633333333,4.390243902,,180,34.97,
Organic Social,2024042106,30,33,20,74.87878788,0.666666667,6.121212121,,202,36.32,
Organic Social,2024042203,30,39,22,68.1025641,0.733333333,4.41025641,,172,65.56,
Organic Social,2024042303,30,36,21,221.9722222,0.7,6.055555556,,218,46.98,
Organic Social,2024042403,30,41,18,116.2439024,0.6,4.170731707,,171,66.6,
Organic Social,2024042603,30,33,17,124.6363636,0.566666667,4.060606061,,134,23.92,
Organic Social,2024042902,30,38,22,29.55263158,0.733333333,5.315789474,,202,49.25,
Organic Social,2024043005,30,39,22,56.48717949,0.733333333,4.615384615,,180,22.02,
Organic Social,2024043006,30,41,22,49.2195122,0.733333333,5.365853659,,220,23.76,
Organic Social,2024050104,30,40,22,80.45,0.733333333,5.025,,201,74.39,
Referral,2024041208,30,34,25,103.4117647,0.833333333,5.676470588,,193,28.35,
Referral,2024041409,30,36,26,45.83333333,0.866666667,5.416666667,,195,51.95,
Referral,2024041622,30,34,21,193.6470588,0.7,5.588235294,,190,44.67,
Referral,2024042100,30,39,26,84.58974359,0.866666667,7.461538462,,291,40.84,
Referral,2024042408,30,36,25,72.08333333,0.833333333,6.055555556,,218,73.99,
Referral,2024042501,30,36,22,81.69444444,0.733333333,5.5,,198,21.31,
Referral,2024042901,30,33,21,91.09090909,0.7,6.939393939,,229,59.83,
Direct,2024040700,29,43,20,36.25581395,0.689655172,3.906976744,,168,77.8,
Direct,2024041002,29,34,15,45.58823529,0.517241379,3.823529412,,130,53.61,
Direct,2024041106,29,33,7,17.90909091,0.24137931,3.272727273,,108,76.21,
Direct,2024041308,29,35,15,47.31428571,0.517241379,3.6,,126,23.14,
Direct,2024041403,29,35,17,17.65714286,0.586206897,3.457142857,,121,45.13,
Direct,2024041802,29,36,11,21.05555556,0.379310345,3.527777778,,127,35.61,
Direct,2024042001,29,37,24,46.59459459,0.827586207,5.216216216,,193,63.85,
Direct,2024043007,29,38,14,33.81578947,0.482758621,4.026315789,,153,78.88,
Organic Search,2024040717,29,34,19,38.17647059,0.655172414,3.352941176,,114,35.39,
Organic Search,2024042112,29,40,21,63.9,0.724137931,5.55,,222,59.25,
Organic Search,2024042723,29,37,17,41.16216216,0.586206897,3.540540541,,131,31.89,
Organic Social,2024040601,29,42,19,54.61904762,0.655172414,5.095238095,,214,53.92,
Organic Social,2024040906,29,36,25,107.9166667,0.862068966,5.166666667,,186,47.84,
Organic Social,2024041804,29,39,15,60.15384615,0.517241379,3.641025641,,142,78.32,
Organic Social,2024042405,29,35,23,95.54285714,0.793103448,5.114285714,,179,56.51,
Organic Social,2024042504,29,36,21,64.80555556,0.724137931,4.861111111,,175,40.97,
Organic Social,2024042506,29,38,23,35.97368421,0.793103448,5.815789474,,221,26.85,
Organic Social,2024043004,29,40,18,42.55,0.620689655,4.775,,191,29.07,
Organic Social,2024050204,29,36,23,46.61111111,0.793103448,4.722222222,,170,33.52,
Referral,2024040715,29,32,24,74.71875,0.827586207,4.71875,,151,35.06,
Referral,2024041008,29,33,23,124.2424242,0.793103448,4.636363636,,153,71.04,
Referral,2024041109,29,32,21,153.9375,0.724137931,5.90625,,189,53.67,
Referral,2024041223,29,37,27,64.40540541,0.931034483,5.135135135,,190,51.4,
Referral,2024041317,29,34,21,74.55882353,0.724137931,5.529411765,,188,26.89,
Referral,2024041508,29,35,24,78.45714286,0.827586207,5.485714286,,192,71.61,
Referral,2024041608,29,35,23,99.68571429,0.793103448,4.314285714,,151,63.37,
Referral,2024041808,29,32,23,117.6875,0.793103448,4.09375,,131,24.06,
Referral,2024042609,29,33,20,59.3030303,0.689655172,5.303030303,,175,62.47,
Referral,2024050308,29,34,22,78.61764706,0.75862069,5.323529412,,181,52.61,
Direct,2024040801,28,36,14,93.08333333,0.5,4,,144,24.9,
Direct,2024041503,28,35,16,22.6,0.571428571,3.714285714,,130,47.5,
Direct,2024041507,28,34,17,13.35294118,0.607142857,3.588235294,,122,49.08,
Direct,2024042108,28,35,15,23,0.535714286,4.057142857,,142,29.95,
Direct,2024042602,28,32,19,26.1875,0.678571429,4.84375,,155,76.74,
Direct,2024042801,28,40,16,56.425,0.571428571,4.375,,175,71,
Direct,2024042809,28,39,14,27.35897436,0.5,4.205128205,,164,60.14,
Direct,2024043008,28,36,17,18.91666667,0.607142857,3.444444444,,124,47.74,
Organic Search,2024040710,28,33,22,59.96969697,0.785714286,4.363636364,,144,44.71,
Organic Search,2024040900,28,39,20,92.46153846,0.714285714,4.051282051,,158,59.06,
Organic Search,2024041502,28,35,22,38.11428571,0.785714286,3.742857143,,131,52.73,
Organic Search,2024041601,28,37,21,46.83783784,0.75,4.135135135,,153,23.74,
Organic Search,2024041807,28,34,15,17.82352941,0.535714286,3.264705882,,111,50.75,
Organic Search,2024042200,28,37,21,38.81081081,0.75,4.027027027,,149,68.38,
Organic Search,2024042508,28,36,21,50.83333333,0.75,4.666666667,,168,47.55,
Organic Search,2024042601,28,34,21,86.73529412,0.75,4.852941176,,165,23.12,
Organic Search,2024042700,28,38,18,32.86842105,0.642857143,3.894736842,,148,67.18,
Organic Search,2024042901,28,34,21,25.32352941,0.75,3.235294118,,110,32.08,
Organic Search,2024042906,28,33,19,32.90909091,0.678571429,3.848484848,,127,35.52,
Organic Social,2024040706,28,37,17,71.32432432,0.607142857,6.675675676,,247,29.88,
Organic Social,2024041705,28,34,19,55.61764706,0.678571429,4.647058824,,158,39.81,
Organic Social,2024041805,28,31,19,14.51612903,0.678571429,4.290322581,,133,65.41,
Organic Social,2024042707,28,37,19,22.48648649,0.678571429,3.486486486,,129,51.16,
Organic Social,2024042804,28,37,17,42.2972973,0.607142857,4.081081081,,151,32.29,
Organic Social,2024050203,28,36,16,37.19444444,0.571428571,4.388888889,,158,72.67,
Referral,2024040709,28,33,25,58.96969697,0.892857143,5.363636364,,177,72.77,
Referral,2024041202,28,33,20,48.51515152,0.714285714,4.909090909,,162,72.23,
Referral,2024041500,28,32,18,56.96875,0.642857143,5.09375,,163,34.33,
Referral,2024041708,28,29,25,104.9655172,0.892857143,7.172413793,,208,47.07,
Referral,2024041801,28,31,22,50.74193548,0.785714286,4.677419355,,145,79.1,
Referral,2024041901,28,37,21,65.45945946,0.75,6.027027027,,223,66.32,
Referral,2024041908,28,33,27,102.0606061,0.964285714,6.515151515,,215,21.63,
Referral,2024042117,28,31,25,110.0645161,0.892857143,6.322580645,,196,23.91,
Referral,2024042601,28,32,22,86.21875,0.785714286,6.96875,,223,47.84,
Referral,2024042800,28,36,21,49.41666667,0.75,4.638888889,,167,74.55,
Referral,2024042801,28,38,21,78,0.75,5.394736842,,205,52.32,
Referral,2024042810,28,37,20,49.43243243,0.714285714,4.648648649,,172,49.87,
Referral,2024043001,28,36,24,107.6944444,0.857142857,5.555555556,,200,26.33,
Direct,2024041003,27,32,21,117.4375,0.777777778,5.75,,184,59.41,
Direct,2024041204,27,33,14,25.06060606,0.518518519,5.151515152,,170,69.33,
Direct,2024041505,27,32,12,21.28125,0.444444444,3.40625,,109,42.83,
Direct,2024041703,27,35,18,26.17142857,0.666666667,4.571428571,,160,66.54,
Direct,2024042109,27,35,17,41.25714286,0.62962963,3.885714286,,136,77.87,
Direct,2024042307,27,33,18,62.48484848,0.666666667,4.636363636,,153,32.23,
Direct,2024042308,27,38,16,84,0.592592593,5.342105263,,203,51.4,
Direct,2024042710,27,38,23,55.13157895,0.851851852,3.368421053,,128,37.23,
Direct,2024042810,27,35,16,14.54285714,0.592592593,3.685714286,,129,67.57,
Direct,2024050202,27,36,16,27.69444444,0.592592593,4.888888889,,176,54.66,
Organic Search,2024040700,27,32,16,46.3125,0.592592593,4.28125,,137,58.07,
Organic Search,2024041107,27,30,17,37.13333333,0.62962963,3.366666667,,101,67.87,
Organic Search,2024041402,27,34,17,71.70588235,0.62962963,5,,170,43.76,
Organic Search,2024041503,27,34,20,33.26470588,0.740740741,3.5,,119,74.91,
Organic Search,2024041507,27,33,18,18,0.666666667,3.484848485,,115,51.98,
Organic Search,2024041703,27,32,20,34,0.740740741,3.96875,,127,29.48,
Organic Search,2024041803,27,32,19,19.21875,0.703703704,3.40625,,109,61.75,
Organic Search,2024042506,27,30,19,21.43333333,0.703703704,3.633333333,,109,67.6,
Organic Search,2024042609,27,32,18,49.15625,0.666666667,5.125,,164,39.01,
Organic Search,2024043001,27,32,13,74.25,0.481481481,4.59375,,147,71.43,
Organic Search,2024050306,27,30,20,73.83333333,0.740740741,4.066666667,,122,74.37,
Organic Social,2024041405,27,40,13,50.175,0.481481481,4.275,,171,36.61,
Organic Social,2024042103,27,33,18,46.27272727,0.666666667,6.303030303,,208,79.01,
Organic Social,2024042108,27,41,11,44.92682927,0.407407407,3.902439024,,160,28.44,
Organic Social,2024042204,27,38,22,77.57894737,0.814814815,5.552631579,,211,32.12,
Organic Social,2024042605,27,40,18,52.15,0.666666667,4.6,,184,31.05,
Organic Social,2024042806,27,43,13,50.97674419,0.481481481,3.558139535,,153,73.64,
Organic Social,2024042906,27,37,15,47.72972973,0.555555556,4.27027027,,158,59.26,
Referral,2024040807,27,32,22,58.875,0.814814815,4.625,,148,29.13,
Referral,2024041001,27,31,22,89.70967742,0.814814815,5.258064516,,163,46.42,
Referral,2024041509,27,34,22,42,0.814814815,3.852941176,,131,56.92,
Referral,2024042101,27,31,23,110.8064516,0.851851852,5.741935484,,178,25.01,
Referral,2024042307,27,33,25,45.12121212,0.925925926,5.03030303,,166,72.94,
Referral,2024042508,27,33,22,71.39393939,0.814814815,5.878787879,,194,68.22,
Referral,2024042701,27,33,24,84.15151515,0.888888889,7.484848485,,247,50.31,
Direct,2024040903,26,34,11,23,0.423076923,3.470588235,,118,78.03,
Direct,2024041402,26,34,13,62.73529412,0.5,3.588235294,,122,45.07,
Direct,2024041408,26,31,14,33.58064516,0.538461538,3.322580645,,103,79.05,
Direct,2024041504,26,33,17,33.54545455,0.653846154,3.545454545,,117,60.08,
Direct,2024042208,26,29,15,33.75862069,0.576923077,3.655172414,,106,58.08,
Direct,2024042702,26,30,13,42.8,0.5,4.333333333,,130,29.96,
Direct,2024043005,26,30,9,83.36666667,0.346153846,3.9,,117,72.92,
Direct,2024050310,26,41,15,15.75609756,0.576923077,3.512195122,,144,45.65,
Organic Search,2024040609,26,36,21,24.91666667,0.807692308,3.527777778,,127,29.73,
Organic Search,2024041007,26,40,21,53.325,0.807692308,4,,160,20.76,
Organic Search,2024041202,26,31,16,22.48387097,0.615384615,3.548387097,,110,53.59,
Organic Search,2024041204,26,30,15,61.63333333,0.576923077,3.766666667,,113,51.64,
Organic Search,2024041401,26,34,18,58.64705882,0.692307692,3.735294118,,127,63.16,
Organic Search,2024041408,26,29,16,48.20689655,0.615384615,3.551724138,,103,73.42,
Organic Search,2024041602,26,35,17,51.02857143,0.653846154,4.342857143,,152,24.76,
Organic Search,2024041806,26,33,18,43.78787879,0.692307692,4.818181818,,159,63.89,
Organic Search,2024041906,26,31,19,47.41935484,0.730769231,4.161290323,,129,31.24,
Organic Search,2024042709,26,30,15,38.36666667,0.576923077,4.033333333,,121,71.49,
Organic Search,2024043007,26,36,18,19.77777778,0.692307692,3.611111111,,130,69.14,
Organic Search,2024050307,26,29,19,48.93103448,0.730769231,3.551724138,,103,52.45,
Organic Social,2024040606,26,32,20,71.65625,0.769230769,6.25,,200,62.61,
Organic Social,2024041103,26,39,18,15.28205128,0.692307692,3.871794872,,151,38.86,
Organic Social,2024041903,26,43,16,23.30232558,0.615384615,3.697674419,,159,48.27,
Organic Social,2024042706,26,35,20,16.02857143,0.769230769,4.314285714,,151,69.3,
Organic Social,2024042803,26,41,14,44.68292683,0.538461538,4.195121951,,172,47.56,
Organic Social,2024050106,26,36,18,27.69444444,0.692307692,4.222222222,,152,41.47,
Referral,2024040601,26,33,19,77.51515152,0.730769231,6.636363636,,219,49.65,
Referral,2024040606,26,28,20,154.2857143,0.769230769,4.642857143,,130,69.69,
Referral,2024041108,26,29,21,133.2068966,0.807692308,6.413793103,,186,40.11,
Referral,2024041300,26,36,23,70.91666667,0.884615385,4.833333333,,174,30.43,
Referral,2024041602,26,32,19,60.28125,0.730769231,5.0625,,162,62.72,
Referral,2024041800,26,34,19,56.64705882,0.730769231,4.529411765,,154,69.56,
Referral,2024041902,26,33,13,48.87878788,0.5,4.060606061,,134,26.04,
Referral,2024042110,26,30,19,76.53333333,0.730769231,4.2,,126,34.39,
Referral,2024042201,26,31,21,74.29032258,0.807692308,5.419354839,,168,28.52,
Referral,2024042407,26,29,19,62.51724138,0.730769231,5.620689655,,163,40.88,
Referral,2024042502,26,29,17,60.20689655,0.653846154,5.344827586,,155,47.02,
Referral,2024042908,26,32,23,34.78125,0.884615385,3.96875,,127,64.93,
Referral,2024050201,26,33,20,64.33333333,0.769230769,5.666666667,,187,59.07,
Referral,2024050307,26,30,22,109.2666667,0.846153846,5.2,,156,57.26,
Direct,2024040602,25,32,15,85.625,0.6,4.75,,152,41.14,
Direct,2024040608,25,29,16,42.31034483,0.64,4.103448276,,119,70.49,
Direct,2024040708,25,30,14,45.5,0.56,3.566666667,,107,48.28,
Direct,2024040906,25,35,19,66.77142857,0.76,4.4,,154,78.75,
Direct,2024041004,25,30,13,24.66666667,0.52,3.4,,102,58.05,
Direct,2024041006,25,33,12,10.93939394,0.48,2.878787879,,95,27.58,
Direct,2024041302,25,34,13,27.76470588,0.52,3.529411765,,120,60.57,
Direct,2024041307,25,30,16,15.36666667,0.64,3.933333333,,118,39.51,
Direct,2024041506,25,30,14,56.93333333,0.56,4.033333333,,121,61.18,
Direct,2024041601,25,32,14,101.5625,0.56,4.84375,,155,24.18,
Direct,2024041906,25,30,15,28.1,0.6,4.4,,132,30.49,
Direct,2024042709,25,35,17,6.828571429,0.68,3.2,,112,71.34,
Direct,2024042907,25,30,16,53.83333333,0.64,3.633333333,,109,33.63,
Direct,2024050101,25,32,15,55.96875,0.6,3.90625,,125,70.22,
Direct,2024050307,25,30,10,23.5,0.4,3.533333333,,106,36.76,
Organic Search,2024040602,25,30,21,27.6,0.84,3.5,,105,58.57,
Organic Search,2024041622,25,29,16,28.4137931,0.64,3.275862069,,95,61.65,
Organic Search,2024041707,25,31,18,38.87096774,0.72,3.387096774,,105,50.76,
Organic Search,2024041802,25,28,17,24.78571429,0.68,4.035714286,,113,38.32,
Organic Search,2024042109,25,29,17,26.51724138,0.68,3.655172414,,106,32.76,
Organic Search,2024042302,25,29,18,28.86206897,0.72,3.413793103,,99,21.99,
Organic Search,2024042307,25,31,18,58.35483871,0.72,3.806451613,,118,38.24,
Organic Search,2024042402,25,26,20,80.11538462,0.8,4.192307692,,109,59.19,
Organic Search,2024042507,25,29,16,38.75862069,0.64,4.379310345,,127,76.3,
Organic Search,2024050100,25,34,16,33.14705882,0.64,3.323529412,,113,72.27,
Organic Social,2024041604,25,32,18,71.96875,0.72,5.6875,,182,65.96,
Organic Social,2024042102,25,32,13,15.21875,0.52,3.875,,124,67.31,
Organic Social,2024042205,25,36,17,26.97222222,0.68,4.75,,171,59.9,
Organic Social,2024042505,25,39,16,47.82051282,0.64,3.769230769,,147,35.62,
Organic Social,2024042604,25,31,17,107,0.68,6.064516129,,188,74.43,
Referral,2024041203,25,25,19,76.48,0.76,6.08,,152,60.24,
Referral,2024041909,25,33,19,84.33333333,0.76,4.818181818,,159,53.63,
Referral,2024042109,25,27,23,112.6666667,0.92,7.407407407,,200,26.66,
Referral,2024042200,25,32,20,34.53125,0.8,3.9375,,126,46.82,
Referral,2024042902,25,28,19,120.1071429,0.76,4.714285714,,132,47.62,
Referral,2024050304,25,25,12,47.04,0.48,5.24,,131,71.87,
Direct,2024040603,24,32,15,35.28125,0.625,4.9375,,158,52.8,
Direct,2024040609,24,34,14,63.35294118,0.583333333,4.058823529,,138,42.82,
Direct,2024040709,24,30,15,48.26666667,0.625,3.966666667,,119,78.61,
Direct,2024041005,24,34,17,41.47058824,0.708333333,4.588235294,,156,26.64,
Direct,2024041206,24,32,12,20.09375,0.5,3.46875,,111,45.35,
Direct,2024041304,24,28,11,49.21428571,0.458333333,4.892857143,,137,22.52,
Direct,2024041602,24,27,13,18.48148148,0.541666667,3.962962963,,107,64.39,
Direct,2024041805,24,29,12,41.03448276,0.5,3.724137931,,108,75.08,
Direct,2024042706,24,30,13,24.06666667,0.541666667,3.266666667,,98,36.8,
Organic Search,2024040802,24,28,15,35.60714286,0.625,3.892857143,,109,71.5,
Organic Search,2024040903,24,28,18,25.96428571,0.75,3.5,,98,37.53,
Organic Search,2024040906,24,26,21,57.5,0.875,4.692307692,,122,74.65,
Organic Search,2024041607,24,28,20,58.82142857,0.833333333,3.678571429,,103,65.24,
Organic Search,2024042007,24,30,17,45.36666667,0.708333333,4.233333333,,127,68.29,
Organic Search,2024042107,24,30,17,31.43333333,0.708333333,3.066666667,,92,21.08,
Organic Search,2024042203,24,30,16,113.0666667,0.666666667,3.266666667,,98,77.77,
Organic Search,2024042206,24,31,16,25.06451613,0.666666667,3.096774194,,96,63.6,
Organic Search,2024042208,24,27,16,84.18518519,0.666666667,4.592592593,,124,38.29,
Organic Search,2024042602,24,28,19,76.92857143,0.791666667,5.107142857,,143,69.76,
Organic Search,2024042801,24,27,13,40.59259259,0.541666667,3.777777778,,102,36.89,
Organic Search,2024042810,24,31,18,43.03225806,0.75,3.483870968,,108,72.37,
Organic Search,2024043002,24,27,13,29.25925926,0.541666667,3.185185185,,86,26.75,
Organic Search,2024050101,24,30,18,27.9,0.75,4.2,,126,62.22,
Organic Social,2024040705,24,28,18,60.28571429,0.75,6.928571429,,194,52.44,
Organic Social,2024040806,24,30,20,34.36666667,0.833333333,4.033333333,,121,25.79,
Organic Social,2024040904,24,36,19,83.22222222,0.791666667,4.722222222,,170,34.51,
Organic Social,2024041105,24,39,14,15.56410256,0.583333333,3.512820513,,137,20.74,
Organic Social,2024041106,24,32,17,59.25,0.708333333,4.8125,,154,48.13,
Organic Social,2024041904,24,36,16,24.22222222,0.666666667,4.277777778,,154,38.08,
Organic Social,2024041905,24,33,15,33.87878788,0.625,4.545454545,,150,55.9,
Referral,2024040600,24,39,19,95.25641026,0.791666667,3.871794872,,151,37.83,
Referral,2024041206,24,28,18,63.03571429,0.75,6.642857143,,186,38,
Referral,2024041700,24,32,20,39.9375,0.833333333,5.15625,,165,64.59,
Referral,2024042008,24,28,20,139.4642857,0.833333333,5.178571429,,145,22.89,
Referral,2024042301,24,30,18,39.66666667,0.75,4.333333333,,130,74.17,
Referral,2024042402,24,32,20,171.34375,0.833333333,7.53125,,241,71.14,
Referral,2024042602,24,29,20,70.96551724,0.833333333,5.827586207,,169,60.07,
Referral,2024042702,24,28,16,48.03571429,0.666666667,3.75,,105,55.59,
Referral,2024050104,24,26,18,75.11538462,0.75,4.730769231,,123,73.54,
Referral,2024050203,24,29,19,91.82758621,0.791666667,4.965517241,,144,31.12,
Direct,2024040607,23,29,9,15.31034483,0.391304348,3.206896552,,93,24.74,
Direct,2024040701,23,32,16,74,0.695652174,7.5,,240,34.37,
Direct,2024040704,23,28,8,5.821428571,0.347826087,3.107142857,,87,67.67,
Direct,2024041702,23,34,18,115.7352941,0.782608696,4.764705882,,162,22.08,
Direct,2024042104,23,26,14,105.6153846,0.608695652,3.884615385,,101,54.97,
Direct,2024042203,23,29,16,17.44827586,0.695652174,3.724137931,,108,79.73,
Direct,2024042507,23,28,12,50.67857143,0.52173913,3.464285714,,97,71.34,
Direct,2024042906,23,30,12,114.8333333,0.52173913,5.966666667,,179,51.29,
Direct,2024050104,23,26,10,91.73076923,0.434782609,4.076923077,,106,23.82,
Organic Search,2024040908,23,27,17,58.18518519,0.739130435,5.185185185,,140,69.88,
Organic Search,2024041002,23,29,13,23.79310345,0.565217391,3.034482759,,88,55.94,
Organic Search,2024041400,23,39,16,26.94871795,0.695652174,3.256410256,,127,26.9,
Organic Search,2024042002,23,29,14,14.96551724,0.608695652,3.103448276,,90,25.63,
Organic Search,2024042117,23,31,18,47.06451613,0.782608696,4.322580645,,134,74.58,
Organic Search,2024042405,23,28,18,67.32142857,0.782608696,3.357142857,,94,60.15,
Organic Social,2024041303,23,30,17,43.3,0.739130435,4.233333333,,127,69.76,
Organic Social,2024042503,23,40,15,38.825,0.652173913,4.575,,183,72.74,
Organic Social,2024050105,23,32,11,197.84375,0.47826087,3.71875,,119,54.31,
Referral,2024040801,23,24,17,20.75,0.739130435,4.583333333,,110,51.05,
Referral,2024040808,23,32,17,38.84375,0.739130435,4.625,,148,45.83,
Referral,2024040908,23,26,17,26.19230769,0.739130435,4.538461538,,118,39.02,
Referral,2024041301,23,28,18,79.78571429,0.782608696,4.892857143,,137,46.08,
Referral,2024041308,23,24,21,102.5833333,0.913043478,6.416666667,,154,66.43,
Referral,2024041607,23,25,18,47.88,0.782608696,4.88,,122,56.12,
Referral,2024041701,23,29,20,84.03448276,0.869565217,5.137931034,,149,73.55,
Referral,2024042002,23,26,14,52.38461538,0.608695652,5.730769231,,149,46.6,
Referral,2024042308,23,31,16,63.41935484,0.695652174,4.870967742,,151,56.43,
Referral,2024042403,23,26,18,210.6923077,0.782608696,6.423076923,,167,57.88,
Referral,2024050103,23,29,18,179.1034483,0.782608696,6.206896552,,180,55.5,
Direct,2024041108,22,25,10,45.52,0.454545455,4.16,,104,62.16,
Direct,2024041203,22,27,8,10.7037037,0.363636364,4.592592593,,124,34.25,
Direct,2024041205,22,28,5,5.5,0.227272727,3,,84,50.74,
Direct,2024041605,22,28,13,56.53571429,0.590909091,4.392857143,,123,26.25,
Direct,2024041704,22,29,14,21.55172414,0.636363636,4.172413793,,121,43.07,
Direct,2024042102,22,27,14,75.44444444,0.636363636,5.074074074,,137,49.26,
Direct,2024042205,22,28,13,21.57142857,0.590909091,3.678571429,,103,59.13,
Direct,2024042403,22,27,10,19.7037037,0.454545455,3.555555556,,96,77.03,
Direct,2024042506,22,25,14,31.04,0.636363636,4.16,,104,56.04,
Direct,2024042707,22,24,13,35.25,0.590909091,3.333333333,,80,64.62,
Organic Search,2024040601,22,27,13,27.62962963,0.590909091,3.444444444,,93,50.38,
Organic Search,2024040608,22,26,12,13.30769231,0.545454545,3.961538462,,103,58.05,
Organic Search,2024040708,22,25,17,70.08,0.772727273,5.08,,127,24.26,
Organic Search,2024040807,22,28,20,39.17857143,0.909090909,3.75,,105,35.26,
Organic Search,2024041006,22,26,11,32.42307692,0.5,3.807692308,,99,41.71,
Organic Search,2024041106,22,25,13,24.12,0.590909091,3.44,,86,48.35,
Organic Search,2024041506,22,28,14,42.21428571,0.636363636,5.285714286,,148,22.74,
Organic Search,2024041708,22,30,18,34.73333333,0.818181818,3.9,,117,28.4,
Organic Search,2024042502,22,23,17,63.65217391,0.772727273,4.260869565,,98,36.61,
Organic Search,2024042607,22,25,17,47.28,0.772727273,4.16,,104,78.29,
Organic Search,2024042800,22,27,17,28.77777778,0.772727273,3.222222222,,87,39.88,
Organic Search,2024042902,22,28,14,50.67857143,0.636363636,3.928571429,,110,48.92,
Organic Search,2024042905,22,24,19,52.08333333,0.863636364,4.75,,114,31.77,
Organic Search,2024043003,22,25,11,23.16,0.5,4.04,,101,56.65,
Organic Search,2024050302,22,27,14,46.37037037,0.636363636,3.296296296,,89,36.84,
Organic Social,2024042006,22,30,11,38.3,0.5,5.233333333,,157,32.42,
Organic Social,2024042105,22,25,12,56.8,0.545454545,5.6,,140,50.99,
Organic Social,2024042904,22,26,10,57.53846154,0.454545455,6.730769231,,175,20.33,
Referral,2024040607,22,23,15,91.43478261,0.681818182,9.869565217,,227,20.46,
Referral,2024040903,22,26,19,52.69230769,0.863636364,5.115384615,,133,33.14,
Referral,2024041002,22,28,14,43.42857143,0.636363636,3.714285714,,104,22.2,
Referral,2024041007,22,23,16,57.39130435,0.727272727,5.47826087,,126,26.48,
Referral,2024041201,22,30,19,46.93333333,0.863636364,4.066666667,,122,40.33,
Referral,2024041703,22,23,16,69.52173913,0.727272727,8,,184,68.16,
Referral,2024041707,22,26,18,149.4615385,0.818181818,6.961538462,,181,54.32,
Referral,2024041805,22,25,19,90.68,0.863636364,5.44,,136,50.76,
Referral,2024041807,22,26,18,126.6153846,0.818181818,7.153846154,,186,37.61,
Referral,2024041903,22,26,13,70.07692308,0.590909091,4.961538462,,129,75.91,
Referral,2024042108,22,25,20,63.28,0.909090909,8.32,,208,43.82,
Referral,2024043006,22,24,18,87.66666667,0.818181818,5.375,,129,25.23,
Direct,2024041202,21,27,12,250.7407407,0.571428571,6.037037037,,163,57.02,
Direct,2024041404,21,22,11,35.77272727,0.523809524,3.863636364,,85,26.83,
Direct,2024041705,21,24,13,51.66666667,0.619047619,3.375,,81,40.71,
Direct,2024042303,21,26,12,26.88461538,0.571428571,4.115384615,,107,50.44,
Direct,2024042406,21,25,7,24.88,0.333333333,3.32,,83,72.45,
Direct,2024042607,21,28,10,43.14285714,0.476190476,3.214285714,,90,49.61,
Direct,2024042805,21,23,8,14.26086957,0.380952381,2.956521739,,68,62.14,
Direct,2024043002,21,28,10,152.0357143,0.476190476,5.071428571,,142,79.57,
Direct,2024043009,21,35,12,43.82857143,0.571428571,3.571428571,,125,27.89,
Direct,2024050303,21,31,10,39.93548387,0.476190476,3.193548387,,99,36.48,
Direct,2024050304,21,29,8,10.93103448,0.380952381,3.206896552,,93,43.67,
Direct,2024050306,21,27,10,32.7037037,0.476190476,3.259259259,,88,45.31,
Organic Search,2024040701,21,24,12,111.2916667,0.571428571,4.5,,108,44.66,
Organic Search,2024041102,21,27,14,53.11111111,0.666666667,3.444444444,,93,74.46,
Organic Search,2024041103,21,23,13,19.04347826,0.619047619,3.869565217,,89,62.84,
Organic Search,2024041205,21,23,15,33.69565217,0.714285714,4,,92,56.47,
Organic Search,2024041306,21,26,15,26.73076923,0.714285714,3.538461538,,92,38.56,
Organic Search,2024041307,21,21,16,35.42857143,0.761904762,3.904761905,,82,69.43,
Organic Search,2024041404,21,23,13,30.26086957,0.619047619,3.826086957,,88,77.3,
Organic Search,2024041407,21,24,13,56.66666667,0.619047619,3.541666667,,85,69.27,
Organic Search,2024041606,21,28,16,30.60714286,0.761904762,3.392857143,,95,20.09,
Organic Search,2024042108,21,26,13,32.03846154,0.619047619,3.192307692,,83,58.18,
Organic Search,2024042111,21,28,13,27.32142857,0.619047619,3.321428571,,93,23.07,
Organic Search,2024042201,21,27,16,30.37037037,0.761904762,3.703703704,,100,35.46,
Organic Search,2024042202,21,30,13,60.66666667,0.619047619,4.3,,129,23.57,
Organic Search,2024042406,21,22,18,41.77272727,0.857142857,3.590909091,,79,56.23,
Organic Search,2024042802,21,24,15,25.29166667,0.714285714,4.375,,105,61.2,
Organic Search,2024050201,21,24,12,17.79166667,0.571428571,4.958333333,,119,26.87,
Organic Social,2024040804,21,26,16,38.19230769,0.761904762,4,,104,43.03,
Organic Social,2024040905,21,32,15,60.46875,0.714285714,4.3125,,138,47.37,
Organic Social,2024041004,21,39,16,26.48717949,0.761904762,4,,156,42.14,
Organic Social,2024041306,21,32,16,81.875,0.761904762,5.375,,172,27.26,
Organic Social,2024042304,21,25,18,57.88,0.857142857,4.68,,117,45.14,
Organic Social,2024042606,21,24,17,68.95833333,0.80952381,5,,120,65.07,
Referral,2024040604,21,25,17,111.44,0.80952381,5.8,,145,24.26,
Referral,2024040906,21,24,16,100.625,0.761904762,5.458333333,,131,24.81,
Referral,2024041705,21,23,15,76,0.714285714,5.52173913,,127,41.29,
Referral,2024041806,21,24,19,119.8333333,0.904761905,5.291666667,,127,76.5,
Referral,2024042001,21,26,18,62.88461538,0.857142857,6.115384615,,159,60.11,
Referral,2024042302,21,27,16,97.66666667,0.761904762,5.888888889,,159,60.72,
Referral,2024042507,21,25,18,67.52,0.857142857,8.2,,205,41.72,
Referral,2024042904,21,21,14,107.6666667,0.666666667,4.80952381,,101,55.62,
Referral,2024050106,21,25,15,66.36,0.714285714,5.96,,149,20.61,
Referral,2024050204,21,23,11,12.60869565,0.523809524,3.695652174,,85,58.17,
Direct,2024040803,20,23,10,43.82608696,0.5,4.130434783,,95,74.8,
Direct,2024041102,20,24,12,65.54166667,0.6,5.083333333,,122,56.75,
Direct,2024041804,20,27,8,17.37037037,0.4,3.037037037,,82,72.42,
Direct,2024042004,20,24,9,36.54166667,0.45,3.375,,81,63.44,
Direct,2024042005,20,24,12,64.875,0.6,3.625,,87,27.23,
Direct,2024042106,20,22,11,15.72727273,0.55,3.590909091,,79,74.15,
Direct,2024042207,20,28,15,28.96428571,0.75,4.75,,133,23.99,
Direct,2024042402,20,31,13,60.22580645,0.65,5.516129032,,171,52.04,
Direct,2024043004,20,23,13,39.2173913,0.65,3.304347826,,76,28.53,
Direct,2024050107,20,24,7,26.66666667,0.35,4.583333333,,110,20.7,
Direct,2024050205,20,26,14,71.03846154,0.7,4.538461538,,118,45.32,
Direct,2024050206,20,26,11,69.53846154,0.55,4.5,,117,37.7,
Organic Search,2024040702,20,22,11,25.27272727,0.55,4.636363636,,102,49.16,
Organic Search,2024040703,20,22,15,53.22727273,0.75,5.772727273,,127,54.63,
Organic Search,2024041008,20,27,16,29.07407407,0.8,3.222222222,,87,22.62,
Organic Search,2024041805,20,26,11,39.73076923,0.55,4.538461538,,118,27.38,
Organic Search,2024042008,20,25,15,36.72,0.75,3.32,,83,53.52,
Organic Search,2024042101,20,29,14,99.75862069,0.7,3.586206897,,104,40.59,
Organic Search,2024042306,20,22,15,46.5,0.75,3.772727273,,83,63.75,
Organic Search,2024042407,20,23,15,77.65217391,0.75,4.913043478,,113,59.14,
Organic Search,2024042604,20,22,11,25.86363636,0.55,3.818181818,,84,70.74,
Organic Search,2024042701,20,25,17,85.52,0.85,5.2,,130,61.55,
Organic Search,2024042809,20,28,14,19.82142857,0.7,3.464285714,,97,45.8,
Organic Search,2024042908,20,26,12,31.80769231,0.6,3.461538462,,90,60.38,
Organic Search,2024050102,20,24,13,54.83333333,0.65,4.041666667,,97,36.52,
Organic Search,2024050107,20,22,15,48.40909091,0.75,3.636363636,,80,38.38,
Organic Search,2024050206,20,21,17,56.42857143,0.85,3.714285714,,78,67.34,
Organic Social,2024040805,20,28,16,256.7142857,0.8,5,,140,46.79,
Organic Social,2024041304,20,34,15,67.58823529,0.75,3.911764706,,133,67.9,
Organic Social,2024042805,20,28,15,20.60714286,0.75,4.035714286,,113,69.35,
Referral,2024040701,20,24,14,47.25,0.7,5.083333333,,122,71.45,
Referral,2024041102,20,30,13,70.6,0.65,3.966666667,,119,75,
Referral,2024041501,20,28,15,23.57142857,0.75,3.928571429,,110,45.86,
Referral,2024041606,20,21,17,51.19047619,0.85,3.666666667,,77,39.13,
Referral,2024041723,20,25,16,156.4,0.8,5.24,,131,54.93,
Referral,2024041907,20,24,13,34.79166667,0.65,4.375,,105,42.27,
Referral,2024042102,20,21,16,149.8095238,0.8,10.85714286,,228,56.06,
Referral,2024042103,20,22,14,51.13636364,0.7,5,,110,62.34,
Referral,2024042206,20,26,15,89.76923077,0.75,6.423076923,,167,61.3,
Referral,2024042208,20,24,17,412.9583333,0.85,5.875,,141,42.47,
Referral,2024042503,20,25,15,154.32,0.75,6.36,,159,30.01,
Referral,2024042608,20,22,17,156.2272727,0.85,6.227272727,,137,45.83,
Referral,2024042707,20,23,15,83.13043478,0.75,6.086956522,,140,28.56,
Direct,2024040904,19,23,9,33.56521739,0.473684211,4.652173913,,107,73.41,
Direct,2024040905,19,24,10,58,0.526315789,4.708333333,,113,40.75,
Direct,2024041303,19,28,11,11.67857143,0.578947368,2.821428571,,79,29.27,
Direct,2024041305,19,23,12,51.52173913,0.631578947,4.47826087,,103,21.53,
Direct,2024041405,19,27,11,50.37037037,0.578947368,3.814814815,,103,58.75,
Direct,2024041903,19,26,12,28.23076923,0.631578947,4.384615385,,114,58.21,
Direct,2024042107,19,20,10,35.1,0.526315789,3.65,,73,40.44,
Direct,2024042407,19,30,11,13.03333333,0.578947368,2.9,,87,24.3,
Direct,2024042502,19,25,12,53.68,0.631578947,3.68,,92,44.58,
Direct,2024042505,19,24,14,30.20833333,0.736842105,4.125,,99,38.67,
Direct,2024042606,19,25,13,41.96,0.684210526,3.48,,87,60.63,
Direct,2024042608,19,30,14,37.63333333,0.736842105,3.766666667,,113,56.35,
Direct,2024042708,19,27,10,13.74074074,0.526315789,2.962962963,,80,41.88,
Direct,2024042804,19,25,9,14.52,0.473684211,3.08,,77,33.07,
Direct,2024042807,19,25,9,35.44,0.473684211,5.92,,148,79.28,
Direct,2024042903,19,24,12,30.95833333,0.631578947,4.583333333,,110,47.24,
Direct,2024050203,19,27,11,76.22222222,0.578947368,4.851851852,,131,61.3,
Direct,2024050207,19,21,7,36.80952381,0.368421053,4.952380952,,104,28.43,
Organic Search,2024040607,19,20,11,23.1,0.578947368,3.95,,79,49.14,
Organic Search,2024040806,19,23,14,36.43478261,0.736842105,3.913043478,,90,21.65,
Organic Search,2024040902,19,30,17,66.63333333,0.894736842,4,,120,50.33,
Organic Search,2024040907,19,25,15,95.56,0.789473684,4.44,,111,77.84,
Organic Search,2024041108,19,25,14,34.2,0.736842105,4.16,,104,43.05,
Organic Search,2024041403,19,23,10,19.26086957,0.526315789,2.913043478,,67,22.34,
Organic Search,2024041905,19,22,12,59.77272727,0.631578947,4.181818182,,92,21.86,
Organic Search,2024042304,19,24,12,28.375,0.631578947,3.041666667,,73,43.28,
Organic Social,2024042005,19,24,12,47.375,0.631578947,4.083333333,,98,29.6,
Organic Social,2024042305,19,22,15,56.04545455,0.789473684,4.5,,99,21.4,
Referral,2024040602,19,24,15,100.5,0.789473684,8.541666667,,205,65.37,
Referral,2024040707,19,22,14,32.59090909,0.736842105,5.272727273,,116,47.51,
Referral,2024040802,19,25,13,68.32,0.684210526,4.52,,113,37.35,
Referral,2024041107,19,20,18,76.95,0.947368421,8.2,,164,74,
Referral,2024041400,19,26,11,40.61538462,0.578947368,4.961538462,,129,26.97,
Referral,2024041603,19,20,15,56.6,0.789473684,5.75,,115,77.36,
Referral,2024042406,19,21,16,130.4761905,0.842105263,5.761904762,,121,38.84,
Referral,2024042603,19,21,11,47.47619048,0.578947368,4,,84,73.3,
Referral,2024050205,19,25,13,77.28,0.684210526,5.76,,144,56.18,
Direct,2024040605,18,21,12,42.80952381,0.666666667,4.380952381,,92,69.6,
Direct,2024040606,18,25,8,14.32,0.444444444,3.72,,93,79.04,
Direct,2024040805,18,23,8,9.043478261,0.444444444,3.173913043,,73,37.3,
Direct,2024040807,18,25,8,20.76,0.444444444,3.52,,88,77.67,
Direct,2024042007,18,20,9,14.4,0.5,3.75,,75,43.37,
Direct,2024042304,18,20,14,157.55,0.777777778,6.8,,136,43.13,
Organic Search,2024040603,18,23,12,25.13043478,0.666666667,3.608695652,,83,40.42,
Organic Search,2024040801,18,28,11,77.10714286,0.611111111,5.714285714,,160,52.48,
Organic Search,2024040901,18,26,12,46.42307692,0.666666667,3.769230769,,98,29.25,
Organic Search,2024041004,18,21,16,141.1428571,0.888888889,3.761904762,,79,53.22,
Organic Search,2024041706,18,23,11,43.82608696,0.611111111,3.739130435,,86,52.5,
Organic Search,2024042207,18,23,9,15.47826087,0.5,3,,69,65.71,
Organic Search,2024042505,18,25,15,38.8,0.833333333,3.56,,89,70.02,
Organic Search,2024042708,18,21,10,33,0.555555556,2.904761905,,61,46.43,
Organic Search,2024042804,18,21,12,51.61904762,0.666666667,4.666666667,,98,38.14,
Organic Search,2024042907,18,24,12,25.54166667,0.666666667,3.333333333,,80,35.56,
Organic Search,2024043006,18,22,13,35.36363636,0.722222222,4.227272727,,93,31.68,
Organic Search,2024050105,18,19,12,40,0.666666667,3.368421053,,64,23.46,
Organic Search,2024050205,18,19,13,104.3684211,0.722222222,4.789473684,,91,40.55,
Organic Search,2024050301,18,23,12,18.04347826,0.666666667,4.347826087,,100,36.21,
Organic Search,2024050303,18,18,12,106.3333333,0.666666667,3.5,,63,77.99,
Organic Search,2024050304,18,18,13,128.0555556,0.722222222,5.222222222,,94,53.46,
Organic Search,2024050305,18,19,14,113.0526316,0.777777778,5.052631579,,96,40.84,
Organic Social,2024040605,18,24,14,60.375,0.777777778,4.333333333,,104,54.83,
Referral,2024040803,18,18,10,79.72222222,0.555555556,5.777777778,,104,28.35,
Referral,2024041004,18,20,11,59.6,0.611111111,4.35,,87,46.64,
Referral,2024041302,18,20,15,25.8,0.833333333,4.3,,86,57.57,
Referral,2024041307,18,20,14,39.55,0.777777778,5.65,,113,49.33,
Referral,2024041502,18,24,12,99.04166667,0.666666667,4.333333333,,104,44.11,
Referral,2024041601,18,23,14,57.30434783,0.777777778,4.695652174,,108,79.63,
Referral,2024041702,18,20,14,79.65,0.777777778,4.2,,84,72.82,
Referral,2024041803,18,19,14,165.5263158,0.777777778,4.578947368,,87,57.4,
Referral,2024041804,18,22,12,178.4545455,0.666666667,5.227272727,,115,54.16,
Referral,2024042202,18,27,15,27.51851852,0.833333333,4.333333333,,117,57.24,
Referral,2024042606,18,20,12,9.05,0.666666667,3.45,,69,32.08,
Referral,2024042607,18,20,14,57.2,0.777777778,5,,100,43.71,
Referral,2024042708,18,25,14,76.68,0.777777778,4.64,,116,22.37,
Referral,2024042802,18,21,14,144,0.777777778,4.714285714,,99,48.53,
Referral,2024042907,18,22,19,61.54545455,1.055555556,6.863636364,,151,52.58,
Direct,2024040702,17,21,10,16.95238095,0.588235294,4.857142857,,102,33.66,
Direct,2024041104,17,20,13,23.25,0.764705882,3.75,,75,77.84,
Direct,2024041107,17,25,8,45.84,0.470588235,4.88,,122,74.57,
Direct,2024041904,17,22,8,28,0.470588235,3.227272727,,71,63.33,
Direct,2024042305,17,21,6,24.76190476,0.352941176,3.857142857,,81,52,
Direct,2024042803,17,21,10,23.52380952,0.588235294,4.142857143,,87,72.2,
Direct,2024042902,17,30,8,25.6,0.470588235,3.533333333,,106,27.84,
Direct,2024050204,17,21,12,49.66666667,0.705882353,5.19047619,,109,67.43,
Organic Search,2024040704,17,18,9,23.44444444,0.529411765,3.888888889,,70,27.49,
Organic Search,2024040705,17,18,7,38.83333333,0.411764706,3.888888889,,70,67.65,
Organic Search,2024041206,17,22,10,41.77272727,0.588235294,4.363636364,,96,36.55,
Organic Search,2024041302,17,21,10,19.38095238,0.588235294,3.476190476,,73,72.63,
Organic Search,2024041305,17,19,13,49.31578947,0.764705882,4.631578947,,88,76.64,
Organic Search,2024041604,17,20,10,26.7,0.588235294,3.65,,73,28.93,
Organic Search,2024041723,17,20,15,86.7,0.882352941,4.85,,97,47.76,
Organic Search,2024042106,17,19,9,90.15789474,0.529411765,6.421052632,,122,78.86,
Organic Search,2024042301,17,25,11,13.08,0.647058824,3.16,,79,49,
Organic Search,2024042702,17,19,14,154.6842105,0.823529412,5.263157895,,100,71.81,
Organic Search,2024042707,17,17,11,36.52941176,0.647058824,4.529411765,,77,55.32,
Organic Search,2024050104,17,20,13,31.7,0.764705882,3.5,,70,42.52,
Referral,2024041006,17,22,12,44.59090909,0.705882353,3.363636364,,74,37.15,
Referral,2024041304,17,17,14,131.2352941,0.823529412,6.470588235,,110,32.19,
Referral,2024041306,17,18,11,76.72222222,0.647058824,4.5,,81,65.71,
Referral,2024042007,17,19,12,31.78947368,0.705882353,4.157894737,,79,43.19,
Referral,2024042107,17,20,14,61.75,0.823529412,8.95,,179,50.68,
Referral,2024042703,17,18,14,80.66666667,0.823529412,7.166666667,,129,49.54,
Referral,2024042906,17,20,15,49.6,0.882352941,5.15,,103,54.64,
Direct,2024040604,16,21,6,77.04761905,0.375,4.142857143,,87,71.93,
Direct,2024040804,16,19,12,102.5263158,0.75,3.526315789,,67,78.84,
Direct,2024041604,16,25,9,38.68,0.5625,3.48,,87,44.46,
Direct,2024042002,16,26,13,27.38461538,0.8125,4.153846154,,108,69.65,
Direct,2024042006,16,18,8,35.61111111,0.5,4.111111111,,74,65.87,
Direct,2024042204,16,21,10,59.14285714,0.625,5,,105,54.41,
Direct,2024042206,16,21,9,15.66666667,0.5625,3.285714286,,69,77.36,
Direct,2024042404,16,21,9,27,0.5625,4.142857143,,87,32.03,
Direct,2024042503,16,18,9,157.2222222,0.5625,4.777777778,,86,26.56,
Direct,2024042504,16,19,10,48.73684211,0.625,3.736842105,,71,71.24,
Direct,2024042605,16,19,8,15.89473684,0.5,3.631578947,,69,46.35,
Direct,2024043006,16,22,8,37.18181818,0.5,3.545454545,,78,70.82,
Organic Search,2024040709,16,25,9,34.84,0.5625,3.48,,87,73.59,
Organic Search,2024041504,16,22,12,48.77272727,0.75,3.136363636,,69,23.75,
Organic Search,2024041804,16,16,8,15.375,0.5,4.125,,66,73.01,
Organic Search,2024042003,16,20,11,157.3,0.6875,4,,80,46.9,
Organic Search,2024042403,16,18,13,18.66666667,0.8125,3.333333333,,60,50.63,
Organic Search,2024042503,16,20,13,61.4,0.8125,6,,120,57.6,
Organic Search,2024042808,16,17,11,49.41176471,0.6875,4.470588235,,76,75.58,
Organic Search,2024043005,16,18,10,13.38888889,0.625,3.166666667,,57,21.15,
Organic Social,2024041305,16,18,12,20.44444444,0.75,3.888888889,,70,48.61,
Organic Social,2024042704,16,24,10,34.375,0.625,4.75,,114,61.26,
Referral,2024040605,16,18,10,54,0.625,3.666666667,,66,63.36,
Referral,2024040702,16,19,13,42.73684211,0.8125,4,,76,61.55,
Referral,2024040804,16,19,13,499.9473684,0.8125,5.736842105,,109,28.07,
Referral,2024040805,16,18,12,108.6111111,0.75,5.888888889,,106,37.96,
Referral,2024040905,16,17,13,62.17647059,0.8125,5.882352941,,100,41.52,
Referral,2024041104,16,18,11,79.44444444,0.6875,3.833333333,,69,68.27,
Referral,2024041204,16,22,12,95.5,0.75,4.272727273,,94,36.73,
Referral,2024041205,16,20,11,60.65,0.6875,4.2,,84,32.64,
Referral,2024041303,16,18,10,18.16666667,0.625,3.555555556,,64,77.45,
Referral,2024041305,16,19,12,55.78947368,0.75,3.684210526,,70,20.53,
Referral,2024041506,16,18,13,141.0555556,0.8125,5.611111111,,101,79.87,
Referral,2024041706,16,20,13,95.75,0.8125,7.45,,149,60.61,
Referral,2024042106,16,18,14,88.5,0.875,6.333333333,,114,69.71,
Referral,2024042203,16,20,13,75.95,0.8125,4.1,,82,37.68,
Referral,2024042207,16,19,10,59.10526316,0.625,4.526315789,,86,20.86,
Referral,2024042504,16,17,11,64.58823529,0.6875,4.588235294,,78,64.27,
Referral,2024042807,16,17,15,48.58823529,0.9375,5,,85,70.05,
Referral,2024042903,16,18,10,189.7777778,0.625,5.388888889,,97,64.43,
Referral,2024043005,16,19,14,54.89473684,0.875,4.789473684,,91,28.57,
Direct,2024040706,15,20,9,28.35,0.6,3.8,,76,65.21,
Direct,2024040707,15,20,9,30.05,0.6,4.45,,89,66.14,
Direct,2024040806,15,22,8,25,0.533333333,3.318181818,,73,59.51,
Direct,2024042103,15,21,7,20.76190476,0.466666667,3.142857143,,66,65.97,
Direct,2024042302,15,25,7,32.4,0.466666667,4.2,,105,70.76,
Direct,2024050102,15,23,7,36.91304348,0.466666667,4.173913043,,96,56.82,
Direct,2024050103,15,22,9,38.95454545,0.6,3.727272727,,82,25.32,
Organic Search,2024040605,15,18,10,16.83333333,0.666666667,2.888888889,,52,49.26,
Organic Search,2024040805,15,16,12,20.375,0.8,3.8125,,61,24.66,
Organic Search,2024041304,15,18,11,34.66666667,0.733333333,4.944444444,,89,44.45,
Organic Search,2024041704,15,18,11,31.11111111,0.733333333,2.833333333,,51,44.43,
Organic Search,2024041705,15,23,13,26.13043478,0.866666667,3.391304348,,78,23.96,
Organic Search,2024042104,15,17,14,36.82352941,0.933333333,5.882352941,,100,40.93,
Organic Search,2024042303,15,18,11,23.61111111,0.733333333,3.166666667,,57,26.66,
Organic Search,2024042504,15,16,10,17.8125,0.666666667,3.1875,,51,68.49,
Organic Search,2024042904,15,16,11,97.625,0.733333333,7.0625,,113,76.86,
Organic Search,2024043004,15,19,11,24.26315789,0.733333333,3.421052632,,65,24.34,
Referral,2024040708,15,17,14,134.0588235,0.933333333,6.529411765,,111,77.31,
Referral,2024041106,15,17,10,34.35294118,0.666666667,4.470588235,,76,51.35,
Referral,2024041403,15,19,10,49.21052632,0.666666667,3.789473684,,72,37.97,
Referral,2024041704,15,19,10,32.47368421,0.666666667,3.421052632,,65,24.61,
Referral,2024041904,15,16,9,39.0625,0.6,3.625,,58,50.04,
Referral,2024042104,15,19,12,45.73684211,0.8,6.052631579,,115,67.67,
Referral,2024042204,15,19,8,90.57894737,0.533333333,4.526315789,,86,62.43,
Referral,2024042205,15,15,9,41.13333333,0.6,4.533333333,,68,23.01,
Referral,2024042404,15,22,12,89.95454545,0.8,6.045454545,,133,24.37,
Referral,2024042405,15,16,12,204.1875,0.8,10.375,,166,44.17,
Referral,2024042506,15,18,13,118.5555556,0.866666667,5.611111111,,101,37.72,
Referral,2024043002,15,23,14,86.73913043,0.933333333,4.043478261,,93,33.94,
Referral,2024043003,15,19,12,103.6315789,0.8,5,,95,36.86,
Referral,2024050105,15,18,8,104.6666667,0.533333333,4.388888889,,79,68.21,
Referral,2024050303,15,23,10,40.47826087,0.666666667,4.695652174,,108,75.75,
Direct,2024041103,14,23,6,5.826086957,0.428571429,3.52173913,,81,44.31,
Direct,2024041905,14,19,7,41.89473684,0.5,3.578947368,,68,74.37,
Direct,2024042003,14,18,10,52.27777778,0.714285714,4.277777778,,77,39.29,
Direct,2024042105,14,18,10,28.5,0.714285714,2.833333333,,51,48.59,
Direct,2024042604,14,20,8,7.9,0.571428571,4.5,,90,33.56,
Direct,2024050106,14,16,12,21.4375,0.857142857,3.8125,,61,58.43,
Organic Search,2024040706,14,16,7,25.1875,0.5,3.375,,54,78.74,
Organic Search,2024040904,14,18,11,69.16666667,0.785714286,6.222222222,,112,56.21,
Organic Search,2024041203,14,18,11,38.88888889,0.785714286,3.888888889,,70,41.47,
Organic Search,2024042204,14,19,12,20.10526316,0.857142857,3.315789474,,63,58.87,
Organic Search,2024042205,14,16,10,150.125,0.714285714,3.3125,,53,27.38,
Organic Search,2024042606,14,18,6,21.05555556,0.428571429,3.166666667,,57,73.32,
Organic Search,2024042704,14,18,11,55.16666667,0.785714286,6.388888889,,115,50.19,
Organic Search,2024042705,14,17,8,37.29411765,0.571428571,5.058823529,,86,46.96,
Organic Search,2024042803,14,17,8,50.23529412,0.571428571,3.705882353,,63,55.15,
Organic Search,2024050103,14,15,8,27.13333333,0.571428571,3.066666667,,46,57.49,
Organic Search,2024050108,14,17,11,40.41176471,0.785714286,3.941176471,,67,24.31,
Organic Search,2024050202,14,22,9,8.590909091,0.642857143,4.136363636,,91,60.96,
Referral,2024040706,14,14,7,30.35714286,0.5,4.071428571,,57,34.52,
Referral,2024040904,14,16,8,27.75,0.571428571,5,,80,62.84,
Referral,2024041003,14,18,9,51.83333333,0.642857143,3.777777778,,68,69.35,
Referral,2024041005,14,17,10,125.7058824,0.714285714,7.588235294,,129,68.24,
Referral,2024041402,14,18,11,172.7222222,0.785714286,4.722222222,,85,53.15,
Referral,2024041407,14,17,13,30.11764706,0.928571429,4.117647059,,70,51.21,
Referral,2024041503,14,18,9,24.94444444,0.642857143,4.388888889,,79,28.57,
Referral,2024041507,14,16,13,56.9375,0.928571429,6.375,,102,66.52,
Referral,2024042303,14,17,8,55.94117647,0.571428571,4.411764706,,75,36.28,
Referral,2024042306,14,20,12,49.9,0.857142857,7.75,,155,49.8,
Referral,2024042808,14,19,12,65.36842105,0.857142857,5.578947368,,106,37.06,
Referral,2024043004,14,15,9,248,0.642857143,7,,105,28.03,
Referral,2024050102,14,17,11,64.58823529,0.785714286,8.294117647,,141,57.77,
Referral,2024050306,14,17,12,58.23529412,0.857142857,4.529411765,,77,23.26,
Direct,2024040703,13,16,6,20.125,0.461538462,4.1875,,67,64.92,
Direct,2024042905,13,18,6,54.38888889,0.461538462,3.333333333,,60,39.06,
Direct,2024043003,13,20,4,26.1,0.307692308,4.6,,92,20.01,
Organic Search,2024040606,13,16,9,141.4375,0.692307692,4.375,,70,50.67,
Organic Search,2024040707,13,19,11,26.05263158,0.846153846,3.210526316,,61,22.81,
Organic Search,2024041005,13,16,7,33.875,0.538461538,3.5625,,57,36.57,
Organic Search,2024041406,13,15,8,22.2,0.615384615,3.466666667,,52,62.42,
Organic Search,2024042706,13,18,7,13.22222222,0.538461538,3.5,,63,23.76,
Organic Search,2024042903,13,15,7,7.066666667,0.538461538,2.866666667,,43,70.36,
Organic Search,2024050106,13,15,10,35.6,0.769230769,3.266666667,,49,20.23,
Organic Social,2024042705,13,15,11,43.06666667,0.846153846,5,,75,34.81,
Referral,2024040603,13,15,11,144.4666667,0.846153846,9.6,,144,64.45,
Referral,2024040703,13,14,11,122.3571429,0.846153846,5.357142857,,75,38.98,
Referral,2024040705,13,16,10,57.75,0.769230769,6.0625,,97,26.11,
Referral,2024041605,13,17,11,19.47058824,0.846153846,3.941176471,,67,41.61,
Referral,2024041905,13,15,8,48.53333333,0.615384615,5.2,,78,36.22,
Referral,2024042505,13,14,13,75.5,1,3.928571429,,55,70.56,
Direct,2024041406,12,14,5,6.428571429,0.416666667,3.571428571,,50,38.8,
Direct,2024042008,12,20,8,29.45,0.666666667,3.5,,70,67.34,
Direct,2024042704,12,14,4,12.35714286,0.333333333,3.5,,49,73.51,
Direct,2024050105,12,15,8,156,0.666666667,6.466666667,,97,46.03,
Direct,2024050305,12,14,5,10.35714286,0.416666667,3.714285714,,52,74.6,
Organic Search,2024040804,12,14,8,16.85714286,0.666666667,3.714285714,,52,42.64,
Organic Search,2024041104,12,14,8,54.57142857,0.666666667,3.571428571,,50,77.84,
Organic Search,2024041603,12,16,10,27.875,0.833333333,4.125,,66,25.36,
Organic Search,2024042305,12,15,6,25.73333333,0.5,4,,60,61.22,
Organic Search,2024042603,12,15,9,50.4,0.75,5.466666667,,82,49.63,
Organic Search,2024042605,12,14,7,39.14285714,0.583333333,3.142857143,,44,43.26,
Organic Search,2024050204,12,14,8,44.07142857,0.666666667,3.714285714,,52,57.96,
Referral,2024040806,12,16,7,30.9375,0.583333333,3.8125,,61,62.23,
Referral,2024041408,12,16,9,67.8125,0.75,6.375,,102,20.26,
Referral,2024041505,12,16,12,152.75,1,4.6875,,75,30.02,
Referral,2024041604,12,13,9,43.92307692,0.75,6.692307692,,87,62.78,
Referral,2024042304,12,18,9,1168,0.75,5.111111111,,92,59.98,
Referral,2024042705,12,15,10,86.4,0.833333333,9.733333333,,146,77.96,
Referral,2024042905,12,14,11,130.5714286,0.916666667,4.214285714,,59,65.66,
Referral,2024050305,12,13,4,62,0.333333333,3.692307692,,48,77.05,
Direct,2024040705,11,16,5,18.9375,0.454545455,3,,48,62.15,
Direct,2024040802,11,18,3,20.22222222,0.272727273,3.111111111,,56,37.88,
Direct,2024041603,11,18,6,5.833333333,0.545454545,3.055555556,,55,26.32,
Direct,2024042705,11,16,2,9.625,0.181818182,3.125,,50,66.91,
Direct,2024042806,11,15,5,5.466666667,0.454545455,2.666666667,,40,58.65,
Direct,2024042904,11,17,6,59.35294118,0.545454545,3.882352941,,66,22.89,
Organic Search,2024041303,11,16,7,34.6875,0.636363636,3.125,,50,41.6,
Organic Search,2024041405,11,15,10,23.06666667,0.909090909,3,,45,77.41,
Organic Search,2024042005,11,14,9,19.07142857,0.818181818,3.714285714,,52,50.02,
Organic Search,2024042105,11,14,6,20.21428571,0.545454545,4.071428571,,57,45.96,
Organic Search,2024042703,11,15,9,24.86666667,0.818181818,3.133333333,,47,47.46,
Referral,2024041103,11,15,6,91.73333333,0.545454545,5.4,,81,32.53,
Referral,2024042006,11,11,8,153.2727273,0.727272727,9.545454545,,105,42.12,
Referral,2024042105,11,12,8,58.83333333,0.727272727,5.25,,63,42.19,
Referral,2024042605,11,14,10,52.21428571,0.909090909,6.071428571,,85,23.14,
Referral,2024042706,11,12,11,201,1,10.83333333,,130,66.05,
Organic Search,2024040604,10,11,7,50.09090909,0.7,4.181818182,,46,44.99,
Organic Search,2024041105,10,12,7,44.33333333,0.7,4.333333333,,52,69.33,
Organic Search,2024042004,10,15,6,22.06666667,0.6,2.866666667,,43,71.02,
Organic Search,2024042404,10,14,9,6.5,0.9,3.5,,49,32.72,
Referral,2024041504,10,15,8,75.73333333,0.8,5.266666667,,79,59.44,
Referral,2024041906,10,12,8,44.83333333,0.8,4.833333333,,58,48.34,
Referral,2024042305,10,11,5,20.81818182,0.5,4.818181818,,53,72.81,
Referral,2024042803,10,10,9,54.5,0.9,7,,70,32.94,
Referral,2024042805,10,13,8,57.15384615,0.8,4.692307692,,61,60.67,
Organic Search,2024041505,9,10,7,46,0.777777778,11.5,,115,56.47,
Organic Search,2024042103,9,14,5,11.71428571,0.555555556,3.071428571,,43,37.72,
Referral,2024040704,9,14,7,54,0.777777778,3.857142857,,54,28.2,
Referral,2024041105,9,14,7,121.5714286,0.777777778,5.142857143,,72,59.1,
Referral,2024041404,9,12,7,47.16666667,0.777777778,5.083333333,,61,64.32,
Referral,2024041406,9,11,8,30.27272727,0.888888889,6.636363636,,73,38.94,
Referral,2024042604,9,9,6,80.88888889,0.666666667,5.333333333,,48,58.69,
Organic Search,2024040803,8,12,7,29.91666667,0.875,3.416666667,,41,43.71,
Organic Search,2024042006,8,12,7,25.91666667,0.875,3.083333333,,37,62.79,
Organic Search,2024042102,8,13,6,22.69230769,0.75,3.923076923,,51,31.95,
Organic Search,2024050203,8,12,4,18.91666667,0.5,3.083333333,,37,73.41,
Referral,2024042704,8,12,7,88,0.875,4.166666667,,50,37.24,
Referral,2024042003,7,9,3,23.66666667,0.428571429,3.777777778,,34,42.07,
Referral,2024042004,7,10,6,90.2,0.857142857,4.2,,42,23.49,
Referral,2024042804,7,11,5,79.09090909,0.714285714,5.636363636,,62,26.69,
Organic Search,2024040905,6,8,5,627.375,0.833333333,5.625,,45,50.95,
Organic Search,2024042807,6,10,4,23.3,0.666666667,4.3,,43,36.06,
Organic Social,2024041623,6,6,6,102.6666667,1,4.833333333,,29,70.13,
Referral,2024041405,6,12,7,22.83333333,1.166666667,2.75,,33,20.88,
Referral,2024042005,6,7,4,22.14285714,0.666666667,5.428571429,,38,42.75,
Referral,2024042806,6,9,4,65.11111111,0.666666667,3.888888889,,35,40.24,
Unassigned,2024042415,6,6,0,145.5,0,3.333333333,,20,21.16,
Unassigned,2024042410,5,5,0,11.6,0,2,,10,27.46,
Organic Search,2024042805,4,7,1,10.85714286,0.25,3,,21,44.82,
Organic Search,2024042806,4,8,3,12.875,0.75,2.75,,22,49.57,
Referral,2024041623,4,4,4,635,1,7.25,,29,44.26,
Unassigned,2024041119,4,4,0,54,0,2.25,,9,51.86,
Unassigned,2024041312,4,4,0,70.5,0,1.25,,5,55.71,
Unassigned,2024041316,4,4,0,25.75,0,2,,8,20.6,
Unassigned,2024041511,4,4,0,19.25,0,1,,4,47.85,
Unassigned,2024041514,4,4,0,8.25,0,1.5,,6,77.81,
Unassigned,2024042318,4,4,0,64.25,0,1.75,,7,51.14,
Unassigned,2024042319,4,4,1,53,0.25,3.25,,13,60.65,
Unassigned,2024050119,4,4,0,158.25,0,7.25,,29,38.71,
Unassigned,2024050300,4,4,0,11.25,0,3.5,,14,66.44,
Unassigned,2024040615,3,3,0,26,0,1,,3,66.38,
Unassigned,2024040622,3,3,0,30,0,2,,6,51.28,
Unassigned,2024040811,3,3,0,17.66666667,0,1.333333333,,4,78.56,
Unassigned,2024041114,3,3,0,124,0,3.333333333,,10,27.53,
Unassigned,2024041321,3,3,0,0,0,1.333333333,,4,21.02,
Unassigned,2024041408,3,3,0,1.666666667,0,2.666666667,,8,66.21,
Unassigned,2024041419,3,3,0,10.66666667,0,2,,6,68.43,
Unassigned,2024041515,3,3,0,28.33333333,0,2.666666667,,8,27.21,
Unassigned,2024041516,3,3,0,20.66666667,0,1.666666667,,5,35.93,
Unassigned,2024041812,3,3,0,7.333333333,0,1.333333333,,4,21.05,
Unassigned,2024042221,3,3,0,12.66666667,0,1.666666667,,5,37.6,
Unassigned,2024042316,3,3,0,21.33333333,0,1.666666667,,5,66.39,
Unassigned,2024042400,3,3,0,28.33333333,0,3.333333333,,10,51.08,
Unassigned,2024042403,3,3,0,39.66666667,0,2.333333333,,7,40.89,
Unassigned,2024042408,3,3,0,26.33333333,0,2.333333333,,7,42.3,
Unassigned,2024042411,3,3,0,0,0,1,,3,20.08,
Unassigned,2024042419,3,3,0,73,0,2.333333333,,7,37.99,
Unassigned,2024042510,3,3,0,540.3333333,0,50.66666667,,152,58.79,
Unassigned,2024042512,3,3,0,110.3333333,0,3,,9,78.45,
Unassigned,2024042613,3,3,0,187.6666667,0,1.333333333,,4,70.82,
Unassigned,2024042620,3,3,0,40.33333333,0,5.666666667,,17,21.42,
Unassigned,2024042912,3,3,0,16,0,1,,3,73.91,
Unassigned,2024042922,3,3,0,17.33333333,0,3.666666667,,11,66.99,
Unassigned,2024043013,3,3,0,196,0,4,,12,66.82,
Unassigned,2024050122,3,3,0,638,0,2.333333333,,7,47.48,
Unassigned,2024050223,3,3,0,0,0,1.333333333,,4,43.88,
Organic Video,2024041220,2,2,2,553,1,20.5,,41,38.17,
Organic Video,2024041718,2,2,1,50,0.5,5.5,,11,23.94,
Organic Video,2024042521,2,2,2,315,1,21,,42,33.69,
Organic Video,2024042911,2,2,2,37.5,1,4.5,,9,34.8,
Organic Video,2024050201,2,2,2,653.5,1,14,,28,49.04,
Organic Video,2024050222,2,2,2,267,1,7.5,,15,64.85,
Unassigned,2024040609,2,2,0,13.5,0,3,,6,48.43,
Unassigned,2024040610,2,2,0,0,0,1,,2,23.47,
Unassigned,2024040611,2,2,0,131.5,0,4.5,,9,77.47,
Unassigned,2024040614,2,2,0,0,0,1,,2,76.56,
Unassigned,2024040704,2,2,0,11,0,4,,8,67.11,
Unassigned,2024040717,2,2,0,1122.5,0,3,,6,79.48,
Unassigned,2024040718,2,2,0,48,0,5.5,,11,52.67,
Unassigned,2024040721,2,2,0,4,0,5.5,,11,77.77,
Unassigned,2024040810,2,2,0,0,0,2.5,,5,24.54,
Unassigned,2024040814,2,2,0,31,0,2,,4,41.94,
Unassigned,2024040815,2,2,0,41.5,0,2,,4,33.52,
Unassigned,2024040900,2,2,0,18,0,4.5,,9,31.75,
Unassigned,2024040917,2,2,0,119,0,2.5,,5,28.45,
Unassigned,2024041002,2,2,0,32,0,1.5,,3,57.34,
Unassigned,2024041118,2,2,0,85.5,0,1.5,,3,66.88,
Unassigned,2024041211,2,2,0,5,0,1.5,,3,54.7,
Unassigned,2024041215,2,2,0,35,0,2.5,,5,28.82,
Unassigned,2024041303,2,2,1,9,0.5,3,,6,68.67,
Unassigned,2024041318,2,2,0,222,0,3,,6,58.16,
Unassigned,2024041400,2,2,0,3.5,0,1,,2,43.29,
Unassigned,2024041406,2,2,0,9,0,2.5,,5,60.45,
Unassigned,2024041410,2,2,0,8.5,0,1.5,,3,35.59,
Unassigned,2024041413,2,2,0,156,0,5,,10,40.71,
Unassigned,2024041420,2,2,0,8,0,1,,2,75.05,
Unassigned,2024041512,2,2,0,23,0,1.5,,3,37.43,
Unassigned,2024041517,2,2,0,0,0,1.5,,3,48.2,
Unassigned,2024041519,2,2,0,3.5,0,1.5,,3,73.41,
Unassigned,2024041600,2,2,0,0,0,4,,8,62.46,
Unassigned,2024041606,2,2,0,16,0,3,,6,23.73,
Unassigned,2024041607,2,2,0,0,0,3,,6,28.84,
Unassigned,2024041610,2,2,0,4,0,2,,4,20.47,
Unassigned,2024041612,2,2,0,0,0,1,,2,57.86,
Unassigned,2024041619,2,2,0,29.5,0,3,,6,46.86,
Unassigned,2024041622,2,2,0,158.5,0,7.5,,15,28.06,
Unassigned,2024041714,2,2,0,34,0,5,,10,77.48,
Unassigned,2024041715,2,2,0,0,0,1.5,,3,51.78,
Unassigned,2024041716,2,2,0,113.5,0,7,,14,34.51,
Unassigned,2024041721,2,2,0,3,0,1,,2,50.04,
Unassigned,2024041816,2,2,0,0,0,1.5,,3,60.78,
Unassigned,2024041818,2,2,0,158,0,5,,10,24.57,
Unassigned,2024041820,2,2,0,70,0,4.5,,9,36.48,
Unassigned,2024041822,2,2,0,0,0,1,,2,68.42,
Unassigned,2024041911,2,3,0,0,0,1.333333333,,4,47.58,
Unassigned,2024041914,2,2,0,216.5,0,6,,12,52.79,
Unassigned,2024041919,2,2,0,83.5,0,3.5,,7,45.97,
Unassigned,2024042002,2,2,0,220,0,1.5,,3,22.63,
Unassigned,2024042012,2,2,0,66,0,2,,4,29.94,
Unassigned,2024042017,2,2,0,146.5,0,6.5,,13,46.73,
Unassigned,2024042019,2,2,0,68.5,0,7,,14,32.55,
Unassigned,2024042020,2,2,0,6,0,1,,2,23,
Unassigned,2024042111,2,2,0,140,0,3.5,,7,70.62,
Unassigned,2024042113,2,2,0,12.5,0,3.5,,7,78.87,
Unassigned,2024042115,2,2,0,116.5,0,4,,8,67.59,
Unassigned,2024042117,2,2,0,0,0,1,,2,71.23,
Unassigned,2024042120,2,2,0,66.5,0,3,,6,34.52,
Unassigned,2024042121,2,2,0,32.5,0,1,,2,77.64,
Unassigned,2024042200,2,2,0,256.5,0,1.5,,3,31.82,
Unassigned,2024042202,2,2,0,52,0,4,,8,77.09,
Unassigned,2024042212,2,2,0,42,0,2,,4,79.69,
Unassigned,2024042214,2,2,0,64.5,0,14,,28,62.7,
Unassigned,2024042311,2,2,0,18.5,0,2,,4,78.87,
Unassigned,2024042312,2,2,0,53.5,0,3.5,,7,54.17,
Unassigned,2024042321,2,2,0,10.5,0,3,,6,35.57,
Unassigned,2024042322,2,2,0,16.5,0,2,,4,46.22,
Unassigned,2024042406,2,2,0,33,0,3.5,,7,55.61,
Unassigned,2024042409,2,3,0,453.6666667,0,3.666666667,,11,24.38,
Unassigned,2024042416,2,2,0,77.5,0,5.5,,11,57.34,
Unassigned,2024042508,2,2,0,24.5,0,3.5,,7,78.87,
Unassigned,2024042511,2,2,0,23,0,1.5,,3,31.41,
Unassigned,2024042516,2,2,0,164,0,8.5,,17,67.56,
Unassigned,2024042517,2,2,0,17.5,0,3,,6,74.47,
Unassigned,2024042600,2,2,0,241,0,8.5,,17,76.62,
Unassigned,2024042602,2,2,0,4.5,0,1,,2,77.61,
Unassigned,2024042619,2,2,0,32,0,1,,2,51.29,
Unassigned,2024042623,2,2,0,106,0,2,,4,78.64,
Unassigned,2024042720,2,2,0,94.5,0,4.5,,9,65.44,
Unassigned,2024042814,2,2,0,99.5,0,4.5,,9,29.7,
Unassigned,2024042815,2,2,0,15.5,0,2,,4,48.61,
Unassigned,2024042818,2,2,0,149.5,0,2,,4,63.1,
Unassigned,2024042821,2,2,0,67.5,0,3,,6,34.84,
Unassigned,2024042900,2,2,0,368.5,0,2.5,,5,58.44,
Unassigned,2024042910,2,2,0,35.5,0,2,,4,60,
Unassigned,2024042914,2,2,0,20.5,0,1.5,,3,29.76,
Unassigned,2024042916,2,2,0,123,0,6,,12,53.91,
Unassigned,2024042923,2,2,0,54.5,0,2.5,,5,66.3,
Unassigned,2024043001,2,3,0,3.666666667,0,1.666666667,,5,49.93,
Unassigned,2024043017,2,2,0,0,0,2,,4,20.73,
Unassigned,2024050118,2,2,0,0,0,1,,2,20.54,
Unassigned,2024050215,2,2,0,9.5,0,1.5,,3,41.42,
Unassigned,2024050221,2,2,0,55,0,1.5,,3,75.57,
Unassigned,2024050222,2,2,0,0,0,1.5,,3,33.72,
Unassigned,2024050303,2,2,0,25,0,3.5,,7,58.06,
Unassigned,2024050308,2,2,0,0,0,1.5,,3,33.32,
Unassigned,2024050310,2,2,0,55.5,0,5,,10,39.3,
Unassigned,2024050314,2,2,0,27.5,0,4,,8,70.88,
Unassigned,2024050320,2,2,0,98.5,0,14.5,,29,63.73,
Unassigned,2024050322,2,2,0,7,0,3.5,,7,25.72,
Email,2024041419,1,1,0,0,0,3,,3,45.72,
Email,2024042102,1,1,1,218,1,5,,5,21.75,
Organic Search,2024041623,1,1,1,87,1,1,,1,48.85,
Organic Video,2024040616,1,1,1,359,1,29,,29,59.75,
Organic Video,2024040617,1,1,1,53,1,3,,3,27.11,
Organic Video,2024040712,1,1,1,0,1,3,,3,37.33,
Organic Video,2024040713,1,1,1,0,1,1,,1,43.87,
Organic Video,2024040819,1,1,1,8,1,4,,4,75.17,
Organic Video,2024040821,1,1,1,27,1,3,,3,79.6,
Organic Video,2024040906,1,1,1,37,1,4,,4,22.69,
Organic Video,2024040908,1,1,0,0,0,3,,3,65.66,
Organic Video,2024040913,1,1,1,0,1,3,,3,42.3,
Organic Video,2024040914,1,1,1,309,1,1,,1,43.55,
Organic Video,2024040915,1,1,1,171,1,6,,6,65.26,
Organic Video,2024041010,1,1,1,110,1,7,,7,75.11,
Organic Video,2024041011,1,2,2,0,2,2,,4,77.06,
Organic Video,2024041012,1,2,2,16,2,3,,6,54.63,
Organic Video,2024041013,1,1,1,477,1,8,,8,41.43,
Organic Video,2024041014,1,1,1,668,1,15,,15,67.25,
Organic Video,2024041015,1,2,2,99.5,2,3,,6,35.06,
Organic Video,2024041016,1,1,1,1514,1,30,,30,53.84,
Organic Video,2024041017,1,1,1,235,1,56,,56,41.51,
Organic Video,2024041019,1,1,1,0,1,5,,5,59.4,
Organic Video,2024041021,1,1,0,193,0,4,,4,34.42,
Organic Video,2024041109,1,1,1,0,1,3,,3,31.5,
Organic Video,2024041110,1,2,2,92.5,2,10,,20,75.09,
Organic Video,2024041111,1,1,1,499,1,24,,24,26.11,
Organic Video,2024041116,1,1,1,425,1,17,,17,50.36,
Organic Video,2024041117,1,1,1,0,1,1,,1,33.25,
Organic Video,2024041219,1,1,1,0,1,3,,3,22.34,
Organic Video,2024041221,1,1,1,1220,1,25,,25,22.16,
Organic Video,2024041319,1,1,0,0,0,3,,3,30.51,
Organic Video,2024041321,1,1,1,0,1,3,,3,72.01,
Organic Video,2024041322,1,1,1,47,1,9,,9,36.95,
Organic Video,2024041414,1,1,1,13,1,3,,3,77.03,
Organic Video,2024041417,1,1,0,0,0,2,,2,54.9,
Organic Video,2024041422,1,1,1,0,1,3,,3,46.2,
Organic Video,2024041423,1,1,1,648,1,8,,8,54.81,
Organic Video,2024041500,1,2,2,138.5,2,5,,10,51,
Organic Video,2024041522,1,1,1,0,1,7,,7,65.53,
Organic Video,2024041616,1,1,1,0,1,3,,3,36.95,
Organic Video,2024041618,1,2,1,185.5,1,3,,6,41.18,
Organic Video,2024041619,1,1,1,340,1,11,,11,73.65,
Organic Video,2024041715,1,1,1,17,1,4,,4,76.79,
Organic Video,2024041719,1,1,0,0,0,2,,2,73.55,
Organic Video,2024041800,1,2,2,30.5,2,5.5,,11,45.17,
Organic Video,2024041801,1,1,0,0,0,2,,2,66.82,
Organic Video,2024041809,1,1,1,160,1,11,,11,48.58,
Organic Video,2024041811,1,1,1,5,1,4,,4,49.85,
Organic Video,2024041903,1,1,1,19,1,7,,7,32.28,
Organic Video,2024041904,1,1,1,0,1,3,,3,55.47,
Organic Video,2024041912,1,1,1,479,1,14,,14,31.17,
Organic Video,2024041922,1,2,2,146,2,8.5,,17,39.89,
Organic Video,2024041923,1,1,1,55,1,4,,4,71.3,
Organic Video,2024042112,1,1,1,493,1,6,,6,32.42,
Organic Video,2024042113,1,1,1,169,1,6,,6,24.27,
Organic Video,2024042114,1,1,1,0,1,3,,3,24.14,
Organic Video,2024042115,1,1,1,276,1,49,,49,76.45,
Organic Video,2024042116,1,1,1,2,1,12,,12,50.42,
Organic Video,2024042122,1,1,1,18,1,4,,4,44.56,
Organic Video,2024042207,1,1,1,133,1,12,,12,68.65,
Organic Video,2024042208,1,1,1,64,1,12,,12,70.15,
Organic Video,2024042209,1,1,1,24,1,5,,5,39.93,
Organic Video,2024042210,1,1,1,309,1,10,,10,61.62,
Organic Video,2024042319,1,1,1,236,1,15,,15,66.27,
Organic Video,2024042320,1,1,1,160,1,27,,27,59.28,
Organic Video,2024042321,1,1,0,137,0,4,,4,29.1,
Organic Video,2024042410,1,1,0,0,0,2,,2,72.55,
Organic Video,2024042412,1,1,0,0,0,2,,2,52.35,
Organic Video,2024042416,1,1,1,0,1,2,,2,36.95,
Organic Video,2024042417,1,1,1,0,1,1,,1,45.51,
Organic Video,2024042418,1,1,0,13,0,3,,3,22.25,
Organic Video,2024042509,1,1,1,176,1,11,,11,27.67,
Organic Video,2024042515,1,1,1,191,1,16,,16,65.93,
Organic Video,2024042516,1,1,1,4525,1,9,,9,20,
Organic Video,2024042519,1,1,0,0,0,2,,2,44.99,
Organic Video,2024042520,1,1,1,21,1,5,,5,51.35,
Organic Video,2024042522,1,2,2,266.5,2,15.5,,31,23.28,
Organic Video,2024042604,1,1,1,166,1,5,,5,78.38,
Organic Video,2024042605,1,1,1,86,1,7,,7,33.57,
Organic Video,2024042607,1,1,1,609,1,15,,15,38.25,
Organic Video,2024042610,1,1,1,50,1,14,,14,38.24,
Organic Video,2024042611,1,1,0,0,0,3,,3,33.82,
Organic Video,2024042612,1,1,1,195,1,9,,9,20.09,
Organic Video,2024042613,1,1,0,0,0,2,,2,63.76,
Organic Video,2024042614,1,1,1,71,1,11,,11,78.01,
Organic Video,2024042619,1,1,1,0,1,3,,3,33.46,
Organic Video,2024042620,1,1,0,37,0,3,,3,59.78,
Organic Video,2024042808,1,1,0,0,0,3,,3,64.51,
Organic Video,2024042910,1,1,1,1,1,5,,5,70.91,
Organic Video,2024042918,1,1,1,48,1,3,,3,45.36,
Organic Video,2024042920,1,1,1,145,1,14,,14,38.18,
Organic Video,2024042921,1,1,1,14,1,5,,5,39.52,
Organic Video,2024042922,1,1,1,42,1,1,,1,62.76,
Organic Video,2024043014,1,1,1,25,1,5,,5,69.01,
Organic Video,2024043021,1,1,0,0,0,2,,2,30.9,
Organic Video,2024050116,1,1,0,0,0,3,,3,42.26,
Organic Video,2024050120,1,2,0,0,0,2,,4,74.12,
Organic Video,2024050200,1,1,1,0,1,3,,3,68.4,
Organic Video,2024050202,1,1,1,1409,1,13,,13,79.09,
Organic Video,2024050214,1,1,1,102,1,4,,4,65.25,
Organic Video,2024050215,1,1,1,48,1,6,,6,43.59,
Organic Video,2024050217,1,1,1,216,1,8,,8,55.44,
Organic Video,2024050219,1,1,1,41,1,4,,4,59.66,
Organic Video,2024050220,1,1,1,65,1,8,,8,24.71,
Organic Video,2024050221,1,1,1,208,1,23,,23,52.67,
Organic Video,2024050301,1,1,1,76,1,8,,8,62.56,
Organic Video,2024050302,1,1,1,0,1,1,,1,30.04,
Organic Video,2024050310,1,1,1,609,1,8,,8,66.84,
Organic Video,2024050311,1,1,0,13,0,3,,3,55.03,
Organic Video,2024050315,1,1,1,179,1,4,,4,77.13,
Organic Video,2024050319,1,1,1,0,1,3,,3,22.55,
Organic Video,2024050320,1,1,0,204,0,3,,3,35.92,
Organic Video,2024050322,1,1,0,0,0,3,,3,56.09,
Unassigned,2024040600,1,1,0,0,0,2,,2,37.79,
Unassigned,2024040603,1,1,0,0,0,1,,1,62.87,
Unassigned,2024040606,1,1,0,4,0,1,,1,65.54,
Unassigned,2024040612,1,1,0,156,0,3,,3,26.15,
Unassigned,2024040616,1,1,0,27,0,1,,1,50.83,
Unassigned,2024040618,1,1,0,0,0,1,,1,50.53,
Unassigned,2024040620,1,1,0,7,0,4,,4,42.16,
Unassigned,2024040623,1,1,0,498,0,5,,5,75.98,
Unassigned,2024040705,1,1,0,232,0,2,,2,69.65,
Unassigned,2024040707,1,1,0,19,0,2,,2,61.83,
Unassigned,2024040709,1,2,0,71,0,6.5,,13,62.86,
Unassigned,2024040716,1,1,0,0,0,1,,1,47.7,
Unassigned,2024040719,1,1,0,0,0,1,,1,75.26,
Unassigned,2024040722,1,1,0,0,0,1,,1,61.68,
Unassigned,2024040813,1,1,0,0,0,1,,1,63.74,
Unassigned,2024040817,1,1,0,7,0,1,,1,71.7,
Unassigned,2024040818,1,1,0,0,0,1,,1,36.44,
Unassigned,2024040820,1,1,0,0,0,1,,1,68.42,
Unassigned,2024040821,1,1,0,0,0,1,,1,31.71,
Unassigned,2024040823,1,1,0,0,0,1,,1,40.72,
Unassigned,2024040901,1,1,0,23,0,2,,2,40.14,
Unassigned,2024040902,1,1,0,0,0,1,,1,78.71,
Unassigned,2024040903,1,1,0,0,0,3,,3,71.39,
Unassigned,2024040905,1,1,0,18,0,6,,6,62.07,
Unassigned,2024040910,1,1,0,236,0,47,,47,63.62,
Unassigned,2024040912,1,1,0,0,0,3,,3,53.72,
Unassigned,2024040913,1,1,0,31,0,1,,1,76.83,
Unassigned,2024040915,1,1,0,164,0,11,,11,49.78,
Unassigned,2024040916,1,1,0,0,0,3,,3,42.83,
Unassigned,2024040918,1,1,0,1,0,3,,3,29.78,
Unassigned,2024040923,1,1,0,6,0,2,,2,67.17,
Unassigned,2024041007,1,1,0,298,0,14,,14,64.07,
Unassigned,2024041012,1,1,0,0,0,2,,2,43.06,
Unassigned,2024041014,1,1,0,0,0,1,,1,21.51,
Unassigned,2024041015,1,1,0,349,0,2,,2,70.34,
Unassigned,2024041017,1,1,0,18,0,5,,5,20.69,
Unassigned,2024041019,1,1,0,0,0,1,,1,62.22,
Unassigned,2024041020,1,1,0,4,0,1,,1,78.22,
Unassigned,2024041022,1,1,0,15,0,1,,1,46.26,
Unassigned,2024041023,1,1,0,2,0,2,,2,34.1,
Unassigned,2024041100,1,1,0,5,0,3,,3,62.29,
Unassigned,2024041102,1,1,0,68,0,5,,5,69.03,
Unassigned,2024041104,1,1,0,1438,0,29,,29,52.79,
Unassigned,2024041110,1,1,0,0,0,2,,2,78.02,
Unassigned,2024041112,1,1,0,0,0,1,,1,23.1,
Unassigned,2024041113,1,1,0,6,0,1,,1,50.29,
Unassigned,2024041115,1,1,0,0,0,1,,1,63.11,
Unassigned,2024041116,1,1,0,13,0,1,,1,71.76,
Unassigned,2024041117,1,1,0,0,0,1,,1,30.76,
Unassigned,2024041120,1,1,0,98,0,10,,10,68,
Unassigned,2024041121,1,1,0,175,0,23,,23,53.16,
Unassigned,2024041206,1,2,0,0,0,1.5,,3,43.79,
Unassigned,2024041209,1,1,0,0,0,1,,1,27.9,
Unassigned,2024041212,1,1,0,1232,0,5,,5,71.92,
Unassigned,2024041214,1,1,0,23,0,1,,1,29.44,
Unassigned,2024041216,1,1,0,0,0,1,,1,38.59,
Unassigned,2024041218,1,1,0,3,0,3,,3,37.4,
Unassigned,2024041219,1,2,0,0,0,1.5,,3,72.28,
Unassigned,2024041220,1,1,0,0,0,1,,1,60.36,
Unassigned,2024041306,1,1,0,44,0,1,,1,67.8,
Unassigned,2024041309,1,1,0,215,0,1,,1,35.03,
Unassigned,2024041310,1,1,0,41,0,3,,3,57.49,
Unassigned,2024041311,1,1,0,73,0,6,,6,54.3,
Unassigned,2024041313,1,1,0,0,0,1,,1,69.97,
Unassigned,2024041314,1,1,0,0,0,2,,2,74.37,
Unassigned,2024041315,1,1,0,78,0,10,,10,20.73,
Unassigned,2024041317,1,1,0,1117,0,18,,18,60.44,
Unassigned,2024041322,1,1,0,0,0,1,,1,23.11,
Unassigned,2024041323,1,1,0,112,0,7,,7,52.93,
Unassigned,2024041407,1,1,0,0,0,1,,1,37.26,
Unassigned,2024041414,1,1,0,37,0,11,,11,38.41,
Unassigned,2024041417,1,1,0,21,0,7,,7,41.18,
Unassigned,2024041418,1,1,0,115,0,3,,3,57.28,
Unassigned,2024041421,1,1,0,48,0,3,,3,40.04,
Unassigned,2024041423,1,1,0,0,0,1,,1,63.96,
Unassigned,2024041506,1,1,0,0,0,1,,1,44.27,
Unassigned,2024041509,1,1,1,49,1,5,,5,24.1,
Unassigned,2024041513,1,1,0,0,0,1,,1,67.03,
Unassigned,2024041520,1,1,0,0,0,1,,1,37.15,
Unassigned,2024041522,1,1,0,127,0,11,,11,45.97,
Unassigned,2024041523,1,1,0,574,0,5,,5,61.13,
Unassigned,2024041604,1,1,0,87,0,1,,1,39.95,
Unassigned,2024041609,1,1,0,15,0,1,,1,23.4,
Unassigned,2024041611,1,1,0,397,0,19,,19,42.44,
Unassigned,2024041614,1,1,0,64,0,17,,17,76.67,
Unassigned,2024041615,1,1,0,43,0,3,,3,58.5,
Unassigned,2024041620,1,1,0,0,0,1,,1,60.29,
Unassigned,2024041621,1,1,0,0,0,1,,1,57.94,
Unassigned,2024041623,1,1,0,0,0,1,,1,31.94,
Unassigned,2024041700,1,1,0,0,0,10,,10,45.1,
Unassigned,2024041701,1,1,0,0,0,1,,1,65.06,
Unassigned,2024041703,1,1,0,24,0,1,,1,26.08,
Unassigned,2024041709,1,1,0,0,0,1,,1,36.67,
Unassigned,2024041712,1,1,0,57,0,5,,5,36.58,
Unassigned,2024041713,1,1,0,0,0,1,,1,45.92,
Unassigned,2024041717,1,1,0,229,0,12,,12,78.82,
Unassigned,2024041719,1,1,0,0,0,2,,2,24.05,
Unassigned,2024041720,1,1,0,0,0,1,,1,51.12,
Unassigned,2024041800,1,1,0,0,0,4,,4,30.76,
Unassigned,2024041802,1,1,0,8,0,1,,1,78.24,
Unassigned,2024041811,1,1,0,329,0,1,,1,26.8,
Unassigned,2024041814,1,1,0,17,0,3,,3,44.22,
Unassigned,2024041815,1,1,0,17,0,1,,1,64.27,
Unassigned,2024041817,1,1,0,46,0,4,,4,62.27,
Unassigned,2024041823,1,1,0,224,0,4,,4,45.36,
Unassigned,2024041910,1,1,0,1422,0,5,,5,40.79,
Unassigned,2024041916,1,1,0,39,0,1,,1,43.86,
Unassigned,2024041918,1,1,0,610,0,6,,6,35.86,
Unassigned,2024041920,1,1,0,23,0,1,,1,32.32,
Unassigned,2024041922,1,1,0,0,0,2,,2,48.98,
Unassigned,2024042001,1,1,0,332,0,12,,12,36.11,
Unassigned,2024042008,1,1,0,0,0,1,,1,37.25,
Unassigned,2024042010,1,1,0,0,0,1,,1,59.41,
Unassigned,2024042011,1,1,0,19,0,7,,7,78.11,
Unassigned,2024042013,1,1,0,246,0,4,,4,56.22,
Unassigned,2024042014,1,1,0,130,0,7,,7,24.62,
Unassigned,2024042015,1,1,0,0,0,1,,1,24.54,
Unassigned,2024042016,1,1,0,307,0,3,,3,77.09,
Unassigned,2024042018,1,1,0,2,0,1,,1,37.84,
Unassigned,2024042023,1,1,0,0,0,1,,1,25.52,
Unassigned,2024042100,1,1,0,485,0,5,,5,55.94,
Unassigned,2024042101,1,1,0,0,0,1,,1,57.42,
Unassigned,2024042107,1,1,0,2,0,2,,2,58.91,
Unassigned,2024042109,1,1,0,0,0,2,,2,36.04,
Unassigned,2024042110,1,1,0,813,0,54,,54,20.91,
Unassigned,2024042112,1,1,0,0,0,1,,1,77.9,
Unassigned,2024042114,1,1,0,0,0,2,,2,35.05,
Unassigned,2024042116,1,1,0,193,0,1,,1,60.56,
Unassigned,2024042122,1,1,0,0,0,1,,1,62.4,
Unassigned,2024042201,1,1,0,0,0,1,,1,56.6,
Unassigned,2024042206,1,1,0,6,0,1,,1,38.77,
Unassigned,2024042207,1,1,0,0,0,1,,1,36.27,
Unassigned,2024042209,1,1,0,0,0,1,,1,55.86,
Unassigned,2024042213,1,1,0,21,0,1,,1,71.97,
Unassigned,2024042215,1,1,0,4,0,2,,2,76.8,
Unassigned,2024042216,1,1,0,0,0,3,,3,26.35,
Unassigned,2024042217,1,1,0,36,0,2,,2,29.29,
Unassigned,2024042220,1,1,0,0,0,1,,1,76.68,
Unassigned,2024042300,1,1,0,0,0,1,,1,64.19,
Unassigned,2024042304,1,1,0,0,0,1,,1,72.98,
Unassigned,2024042309,1,1,0,0,0,1,,1,32.16,
Unassigned,2024042310,1,1,0,23,0,3,,3,55.26,
Unassigned,2024042314,1,1,0,0,0,1,,1,62.07,
Unassigned,2024042315,1,1,0,418,0,14,,14,60.81,
Unassigned,2024042320,1,1,0,113,0,5,,5,44.49,
Unassigned,2024042401,1,2,0,0,0,2,,4,20.92,
Unassigned,2024042402,1,1,0,350,0,7,,7,54.98,
Unassigned,2024042412,1,1,0,20,0,1,,1,35.19,
Unassigned,2024042414,1,1,0,6,0,2,,2,47.02,
Unassigned,2024042417,1,1,0,0,0,1,,1,77.45,
Unassigned,2024042418,1,1,0,0,0,1,,1,43.94,
Unassigned,2024042420,1,1,0,0,0,1,,1,70.39,
Unassigned,2024042422,1,1,0,349,0,26,,26,31.31,
Unassigned,2024042506,1,1,0,66,0,1,,1,60.35,
Unassigned,2024042507,1,1,0,0,0,1,,1,78.62,
Unassigned,2024042509,1,1,0,27,0,4,,4,26.11,
Unassigned,2024042513,1,1,0,182,0,1,,1,20.5,
Unassigned,2024042514,1,1,0,21,0,1,,1,46.01,
Unassigned,2024042515,1,1,0,321,0,7,,7,25.56,
Unassigned,2024042518,1,1,0,2,0,3,,3,64.9,
Unassigned,2024042519,1,1,0,1,0,1,,1,74.87,
Unassigned,2024042522,1,1,0,0,0,1,,1,46.04,
Unassigned,2024042523,1,1,0,0,0,1,,1,35.52,
Unassigned,2024042601,1,1,0,1,0,2,,2,46.06,
Unassigned,2024042610,1,1,0,6,0,4,,4,63.41,
Unassigned,2024042614,1,1,0,3,0,2,,2,20.54,
Unassigned,2024042615,1,1,0,0,0,1,,1,55.37,
Unassigned,2024042616,1,1,0,56,0,4,,4,56.8,
Unassigned,2024042621,1,1,0,2,0,3,,3,58.26,
Unassigned,2024042622,1,1,0,24,0,9,,9,34.52,
Unassigned,2024042702,1,1,0,0,0,1,,1,62.84,
Unassigned,2024042707,1,1,0,8,0,1,,1,25.48,
Unassigned,2024042708,1,1,0,0,0,1,,1,31.96,
Unassigned,2024042709,1,1,0,0,0,2,,2,72.65,
Unassigned,2024042711,1,1,0,6,0,3,,3,64.32,
Unassigned,2024042712,1,1,0,0,0,1,,1,20.82,
Unassigned,2024042714,1,1,0,29,0,1,,1,34.9,
Unassigned,2024042715,1,1,0,7,0,1,,1,32.86,
Unassigned,2024042718,1,1,0,0,0,1,,1,36.25,
Unassigned,2024042719,1,1,0,86,0,1,,1,34.85,
Unassigned,2024042722,1,1,0,90,0,4,,4,23.75,
Unassigned,2024042723,1,1,0,3,0,3,,3,47.54,
Unassigned,2024042801,1,1,0,0,0,1,,1,63.96,
Unassigned,2024042811,1,1,0,0,0,2,,2,56.4,
Unassigned,2024042817,1,1,0,57,0,7,,7,60.37,
Unassigned,2024042820,1,1,0,91,0,3,,3,24.87,
Unassigned,2024042822,1,1,0,94,0,5,,5,77.09,
Unassigned,2024042908,1,1,0,92,0,5,,5,70.31,
Unassigned,2024042913,1,1,0,0,0,1,,1,68.31,
Unassigned,2024042915,1,1,0,0,0,1,,1,69.38,
Unassigned,2024042918,1,1,0,85,0,7,,7,75.96,
Unassigned,2024042919,1,1,0,0,0,1,,1,52.66,
Unassigned,2024042920,1,1,0,0,0,1,,1,32.02,
Unassigned,2024043010,1,1,0,0,0,1,,1,57.01,
Unassigned,2024043011,1,1,0,23,0,2,,2,64.57,
Unassigned,2024043012,1,1,0,74,0,5,,5,64.28,
Unassigned,2024043016,1,1,0,0,0,2,,2,51.29,
Unassigned,2024043018,1,1,0,4,0,3,,3,24.11,
Unassigned,2024043019,1,1,0,7,0,1,,1,42.27,
Unassigned,2024043020,1,2,0,0,0,1,,2,75.25,
Unassigned,2024043021,1,1,0,0,0,1,,1,55.07,
Unassigned,2024043022,1,1,0,0,0,1,,1,52.3,
Unassigned,2024050110,1,1,0,1,0,1,,1,36.13,
Unassigned,2024050116,1,1,0,32,0,1,,1,42.11,
Unassigned,2024050121,1,1,0,0,0,1,,1,73.72,
Unassigned,2024050123,1,1,0,1,0,4,,4,59.99,
Unassigned,2024050200,1,1,0,617,0,9,,9,67.24,
Unassigned,2024050206,1,1,0,0,0,1,,1,47.26,
Unassigned,2024050209,1,1,0,0,0,1,,1,57.81,
Unassigned,2024050211,1,1,0,0,0,1,,1,34.9,
Unassigned,2024050213,1,1,0,0,0,1,,1,62.33,
Unassigned,2024050216,1,1,0,940,0,4,,4,45.66,
Unassigned,2024050218,1,1,0,71,0,3,,3,46.55,
Unassigned,2024050220,1,1,0,0,0,1,,1,58.96,
Unassigned,2024050304,1,1,0,0,0,2,,2,76.18,
Unassigned,2024050306,1,1,0,23,0,3,,3,23.84,
Unassigned,2024050312,1,1,0,39,0,5,,5,69.48,
Unassigned,2024050313,1,1,0,144,0,3,,3,37.54,
Unassigned,2024050315,1,1,1,82,1,4,,4,46.64,
Unassigned,2024050319,1,1,0,70,0,15,,15,21.31,
Unassigned,2024050321,1,1,0,249,0,10,,10,38.06,
Email,2024042204,0,1,0,0,0,2,,2,50.16,
Organic Video,2024041816,0,1,0,0,0,2,,2,23.37,
Organic Video,2024041819,0,1,0,0,0,2,,2,49.47,
Organic Video,2024041908,0,1,0,0,0,2,,2,75.63,
Organic Video,2024042000,0,1,0,0,0,2,,2,26.32,
Organic Video,2024042001,0,1,0,0,0,2,,2,65.87,
Organic Video,2024042003,0,1,0,0,0,2,,2,44.58,
Organic Video,2024042010,0,1,0,0,0,2,,2,59.31,
Organic Video,2024050121,0,1,0,0,0,2,,2,35.61,
Unassigned,2024041109,0,1,0,0,0,2,,2,29.57,
Unassigned,2024041203,0,1,0,0,0,2,,2,29.63,
Unassigned,2024041505,0,1,0,0,0,2,,2,24.23,
Unassigned,2024041605,0,1,0,0,0,2,,2,31.14,
Unassigned,2024041805,0,1,0,0,0,2,,2,59.85,
Unassigned,2024042305,0,1,0,0,0,2,,2,72.9,
Unassigned,2024042806,0,1,0,0,0,2,,2,68.85,
Unassigned,2024043005,0,1,0,0,0,2,,2,61.11,
Unassigned,2024043006,0,1,0,0,0,2,,2,26.63,
Unassigned,2024050105,0,1,0,0,0,2,,2,37.35,
Unassigned,2024050307,0,1,0,0,0,2,,2,38.59,
Session primary channel group (Default channel group),,,,,,,,,,42.47,
Session primary channel group (Default channel group),,,,,,,,,,42.47,
Session primary channel group (Default channel group),,,,,,,,,,42.47,
Session primary channel group (Default channel group),,,,,,,,,,42.47,
Session primary channel group (Default channel group),,,,,,,,,,42.47,
Session primary channel group (Default channel group),,,,,,,,,,42.47,
Session primary channel group (Default channel group),,,,,,,,,,42.47,
Session primary channel group (Default channel group),,,,,,,,,,42.47,
Session primary channel group (Default channel group),,,,,,,,,,42.47,
Session primary channel group (Default channel group),,,,,,,,,,42.47,
